#TAXONOMY	Kingdom	Phylum	Class	Order	Family	Genus	Species
08e8ed3a513a88b5599f505242a281eb	Bacteria	Firmicutes	Bacilli	Lactobacillales	Lactobacillaceae	Lactobacillus	Lactobacillus iners
244bee25b63f157f89f1e97e608f5c47	Bacteria	Firmicutes	Bacilli	Lactobacillales	Lactobacillaceae	Lactobacillus	Lactobacillus crispatus
f6c0d5e255fc23b608315df8e9efe557	Bacteria	Actinobacteriota	Actinobacteria	Bifidobacteriales	Bifidobacteriaceae	Gardnerella	Gardnerella vaginalis
64b421b8072426aaddfb8b937fa0ed27	Bacteria	Actinobacteriota	Actinobacteria	Bifidobacteriales	Bifidobacteriaceae	Gardnerella	Gardnerella vaginalis
b24cd5a63c535ff4e55a2506d3cd62bb	Bacteria	Actinobacteriota	Actinobacteria	Bifidobacteriales	Bifidobacteriaceae	Gardnerella	Gardnerella vaginalis
be014e630e00e5c6e3f0ca87daa86d1b	Bacteria	Actinobacteriota	Coriobacteriia	Coriobacteriales	Atopobiaceae	Fannyhessea	Fannyhessea vaginae
3c53f93a8518ea184d549ebf34217b9d	Bacteria	Firmicutes	Bacilli	Lactobacillales	Lactobacillaceae	Lactobacillus	Lactobacillus jensenii
96f9d59d4d210fbeb71ba39924965ac1	Bacteria	Actinobacteriota	Actinobacteria	Bifidobacteriales	Bifidobacteriaceae	Gardnerella	Gardnerella vaginalis
f3ca08f9bbac735a9686685ad95f238e	Bacteria	Firmicutes	Bacilli	Lactobacillales	Lactobacillaceae	Lactobacillus	Lactobacillus gasseri
2156fb6df9754022915f729e6be6dacb	Bacteria	Firmicutes	Clostridia	Lachnospirales	Lachnospiraceae	Candidatus Lachnocurva	Candidatus Lachnocurva vaginae
2e3e409911947f6b58055dac76eafff2	Bacteria	Actinobacteriota	Actinobacteria	Bifidobacteriales	Bifidobacteriaceae	Gardnerella	Gardnerella vaginalis
a0d03ba5342c2c82ac244c0c5ef28b92	Bacteria	Firmicutes	Bacilli	Bacillales	Bacillaceae	Bacillus	
90d9eedcc5abdca89fdde5dc9d39c5bd	Bacteria	Actinobacteriota	Actinobacteria	Bifidobacteriales	Bifidobacteriaceae	Gardnerella	Gardnerella vaginalis
219bf05081c570e0bd614b8eca79a45a	Bacteria	Actinobacteriota	Actinobacteria	Bifidobacteriales	Bifidobacteriaceae	Gardnerella	Gardnerella vaginalis
a77d626c3feb181838ff510becf62a4c	Bacteria	Actinobacteriota	Coriobacteriia	Coriobacteriales	Eggerthellaceae	Berryella	Berryella sp001552935
afac6a141515195406ddeab12a6a92da	Bacteria	Firmicutes	Clostridia	Oscillospirales	Hungateiclostridiaceae	Amygdalobacter	Amygdalobacter nucleatus
32df06b2a0b62ad95ab8c30ddbbf86e7	Bacteria	Firmicutes	Clostridia	Peptostreptococcales-Tissierellales	Family_XI	Peptoniphilus	Peptoniphilus harei
e52d36cd246f70457aa8dfff5a2f0a88	Bacteria	Actinobacteriota	Actinobacteria	Bifidobacteriales	Bifidobacteriaceae	Gardnerella	Gardnerella vaginalis
40210f620a58fb29345647d4b7eb1be0	Bacteria	Firmicutes	Bacilli	Lactobacillales	Aerococcaceae	Aerococcus	Aerococcus christensenii
c249039d37b9fd9ff22c461306dfa4a3	Bacteria	Firmicutes	Bacilli	Lactobacillales	Lactobacillaceae	Lactobacillus	Lactobacillus iners
9c764add3dc12dd31637739ff3f99964	Bacteria	Firmicutes	Negativicutes	Veillonellales-Selenomonadales	Veillonellaceae	Megasphaera	Megasphaera lornae
ae4856cae278ed9fd40765dc33cf9ae0	Bacteria	Firmicutes	Clostridia	Peptostreptococcales-Tissierellales	Family_XI	Anaerococcus	Anaerococcus prevotii
adbc1db7e5c7e9be79234c1d8c56edb1	Bacteria	Actinobacteriota	Actinobacteria	Actinomycetales	Actinomycetaceae	Mobiluncus	Mobiluncus mulieris
a2260febd78fe3d006fe1f4dc2a18b1b	Bacteria	Actinobacteriota	Actinobacteria	Bifidobacteriales	Bifidobacteriaceae	Gardnerella	Gardnerella vaginalis
239021f8cdf2dd17c1ab8d3fc0e45160	Bacteria	Firmicutes	Negativicutes	Veillonellales-Selenomonadales	Veillonellaceae	Megasphaera	Megasphaera lornae
34c20dd72356856804a5f631f10b709a	Bacteria	Firmicutes	Bacilli	Lactobacillales	Lactobacillaceae	Lactobacillus	Lactobacillus jensenii
bf3967a4fe8cb342e391cc320dc9378b	Bacteria	Actinobacteriota	Coriobacteriia	Coriobacteriales	Atopobiaceae	Fannyhessea	Fannyhessea vaginae
73c50833ed5bc0ed6f4463e5881940e1	Bacteria	Firmicutes	Clostridia	Peptostreptococcales-Tissierellales	Family_XI	Parvimonas	Parvimonas sp001552895
98e84c68971e61970ee393dfa55cb569	Bacteria	Fusobacteriota	Fusobacteriia	Fusobacteriales	Leptotrichiaceae	Sneathia	Sneathia sanguinegens
196a7fa4e2ec386be9c8d33942c75407	Bacteria	Patescibacteria	Saccharimonadia	Saccharimonadales	Saccharimonadales	Nanoperiomorbus	Nanoperiomorbus sp004136275
0ddd7b91e7368df6c751335a155f4cb2	Bacteria	Actinobacteriota	Coriobacteriia	Coriobacteriales	Atopobiaceae	Fannyhessea	Fannyhessea vaginae
a0fc151f0503c95f847450b01cead1c8	Bacteria	Bacteroidota	Bacteroidia	Bacteroidales	Prevotellaceae	Prevotella	Prevotella timonensis
1409ee0cccd1e376e228b0790bcf5e86	Bacteria	Actinobacteriota	Actinobacteria	Actinomycetales	Actinomycetaceae	Mobiluncus	Mobiluncus mulieris
ed70988c5d12600eef5de222e2981dd0	Bacteria	Firmicutes	Clostridia	Peptostreptococcales-Tissierellales	Peptostreptococcaceae	Peptostreptococcus	Peptostreptococcus anaerobius
a60911278e2f5c1334785d4df68163dd	Bacteria	Actinobacteriota	Actinobacteria	Bifidobacteriales	Bifidobacteriaceae	Gardnerella	Gardnerella vaginalis
e0090cc5f6a0aa8d1772e5e657a68429	Bacteria	Fusobacteriota	Fusobacteriia	Fusobacteriales	Leptotrichiaceae	Sneathia	Sneathia vaginalis
569418df588c6249c6525811063aacf5	Bacteria	Firmicutes	Clostridia	Peptostreptococcales-Tissierellales	Family_XI	Finegoldia	Finegoldia magna H
70cbe716165bc16f405d6beb138a16f7	Bacteria	Firmicutes	Bacilli	Lactobacillales	Aerococcaceae	Aerococcus	Aerococcus christensenii
baf03a847e580e6a97272b8d94c57f75	Bacteria	Firmicutes	Bacilli	Lactobacillales	Lactobacillaceae	Lactobacillus	Lactobacillus crispatus
d106b15407a144b1ee12e4a81c497538	Bacteria	Firmicutes	Bacilli	Lactobacillales	Lactobacillaceae	Lactobacillus	Lactobacillus crispatus
a6e48a96c4ec4ff8fe43f5f17b90846d	Bacteria	Firmicutes	Bacilli	Lactobacillales	Lactobacillaceae	Lactobacillus	Lactobacillus iners
7478372f56e261252c121f5d91159d55	Bacteria	Actinobacteriota	Actinobacteria	Bifidobacteriales	Bifidobacteriaceae	Gardnerella	Gardnerella vaginalis
65860a17ff714920365878436925035f	Bacteria	Firmicutes	Clostridia	Peptostreptococcales-Tissierellales	Family_XI	Peptoniphilus	Peptoniphilus lacrimalis
ae52af9a887f0f1cd7a67843c1231e1d	Bacteria	Firmicutes	Clostridia	Peptostreptococcales-Tissierellales	Family_XI	Finegoldia	Finegoldia magna H
c6bf31fa78869d7716f8ed9ad70f2a26	Bacteria	Firmicutes	Bacilli	Lactobacillales	Lactobacillaceae	Lactobacillus	Lactobacillus crispatus
9f729713741abe0c0624e5911529c89c	Bacteria	Bacteroidota	Bacteroidia	Bacteroidales	Prevotellaceae	Prevotella	Prevotella bivia
a73bd96b119d77e58fb72de3c4b3c249	Bacteria	Firmicutes	Bacilli	Lactobacillales	Lactobacillaceae	Lactobacillus	Lactobacillus mulieris
ea9c73889170f4bf8cd3ba8543d449e0	Bacteria	Actinobacteriota	Actinobacteria	Bifidobacteriales	Bifidobacteriaceae	Gardnerella	Gardnerella vaginalis
1f13441c2be694f5bf0e928056d61b07	Bacteria	Bacteroidota	Bacteroidia	Bacteroidales	Prevotellaceae	Prevotella	Prevotella timonensis
1a1354fe107fd3ebd7c70b06baed901a	Bacteria	Firmicutes	Negativicutes	Veillonellales-Selenomonadales	Veillonellaceae	Veillonella	Veillonella montpellierensis
d58fd7670e6a3059323409645a25b83c	Bacteria	Bacteroidota	Bacteroidia	Bacteroidales	Prevotellaceae	Prevotella	Prevotella sp000758925
0abd16a3d6977bfd80d1b38ba2fd1769	Bacteria	Firmicutes	Negativicutes	Veillonellales-Selenomonadales	Veillonellaceae	Veillonella	Veillonella montpellierensis
814455a93d42ede890e7d67164408dff	Bacteria	Bacteroidota	Bacteroidia	Bacteroidales	Prevotellaceae	Prevotella	Prevotella bivia
3cda494722f229309f4d049ebfe17996	Bacteria	Firmicutes	Negativicutes	Veillonellales-Selenomonadales	Veillonellaceae	Dialister	Dialister micraerophilus
010551545488b3e8683b21cc278d0f16	Bacteria	Firmicutes	Bacilli	Bacillales	Bacillaceae	Bacillus	
7d8ece1a68ae822473ace5afd9845fd8	Bacteria	Firmicutes	Bacilli	Staphylococcales	Gemellaceae	Gemella	Gemella asaccharolytica
8c648c8253b836967ffa8b7da1d25cd9	Bacteria	Actinobacteriota	Actinobacteria	Actinomycetales	Actinomycetaceae	Winkia	Winkia neuii
fe53abad3dd8da862bfeb871ade7a083	Bacteria	Fusobacteriota	Fusobacteriia	Fusobacteriales	Leptotrichiaceae	Sneathia	Sneathia sanguinegens
9179899eea548ef0e95991b0159ee6d6	Bacteria	Firmicutes	Bacilli	Mycoplasmatales	Mycoplasmataceae	Metamycoplasma	Metamycoplasma hominis
5b378f3411e200bbcdb194496a69a4fd	Bacteria	Firmicutes	Negativicutes	Veillonellales-Selenomonadales	Veillonellaceae	Megasphaera	Megasphaera lornae
f329fcbe86dd1ecb7e433b0e589561c5	Bacteria	Fusobacteriota	Fusobacteriia	Fusobacteriales	Leptotrichiaceae	Sneathia	Sneathia vaginalis
f3209ec09158a6212f1aaa2827a3bc84	Bacteria	Firmicutes	Bacilli	Bacillales	Bacillaceae	Bacillus	
b803764a3bf4c19193100cbe10778b1b	Bacteria	Firmicutes	Bacilli	Lactobacillales	Lactobacillaceae	Lactobacillus	Lactobacillus gasseri
92240a8c577476ff4a3a87e978413545	Bacteria	Actinobacteriota	Actinobacteria	Actinomycetales	Actinomycetaceae	Mobiluncus	Mobiluncus curtisii
0df708151d5fa2509903b8c008beefe7	Bacteria	Firmicutes	Bacilli	Bacillales	Bacillaceae	Bacillus	
12ceb942f9c1a66cb94a28b62b79261d	Bacteria	Actinobacteriota	Actinobacteria	Bifidobacteriales	Bifidobacteriaceae	Gardnerella	Gardnerella vaginalis
4c155eccb7798fac0d7d6e19a3f746b4	Bacteria	Firmicutes	Negativicutes	Veillonellales-Selenomonadales	Veillonellaceae	Veillonella	Veillonella montpellierensis
05b6c7139e469986ed4f615b0702540f	Bacteria	Firmicutes	Bacilli	Lactobacillales	Lactobacillaceae	Lactobacillus	Lactobacillus crispatus
905c46e1d8c3b97dc1781ae8b620d7da	Bacteria	Bacteroidota	Bacteroidia	Bacteroidales	Prevotellaceae	Prevotella_7	
2f4a2b08eec8d8d5f66dc0d20552881f	Bacteria	Proteobacteria	Gammaproteobacteria	Enterobacterales	Enterobacteriaceae	Escherichia	Escherichia coli
a468db7d36ad57745799332372f5b057	Bacteria	Bacteroidota	Bacteroidia	Bacteroidales	Prevotellaceae	Prevotella	Prevotella bivia
ef4750a3de155450563cd25aecbcf276	Bacteria	Bacteroidota	Bacteroidia	Bacteroidales	Prevotellaceae	Prevotella	Prevotella timonensis
81e40af97682650fc2dec20a930fa5af	Bacteria	Bacteroidota	Bacteroidia	Bacteroidales	Prevotellaceae	Prevotella	
f1bbd8d2a8bfc423e74e967428ecd638	Bacteria	Firmicutes	Bacilli	Lactobacillales	Lactobacillaceae	Limosilactobacillus	Limosilactobacillus reuteri
9fe1b0a8238141b2ce40ed1a7426de0c	Bacteria	Firmicutes	Bacilli	Lactobacillales	Lactobacillaceae	Lactobacillus	Lactobacillus iners
8ae505e99f4f795432fa879f5557a955	Bacteria	Firmicutes	Clostridia	Oscillospirales	Hungateiclostridiaceae	Mageeibacillus	Mageeibacillus indolicus
cc3c5aed2bae31f85cfdfd9174340ef9	Bacteria	Firmicutes	Bacilli	Lactobacillales	Aerococcaceae	Aerococcus	Aerococcus christensenii
34272e5acf8bda74002ed691482dd980	Bacteria	Firmicutes	Bacilli	Lactobacillales	Lactobacillaceae	Limosilactobacillus	Limosilactobacillus reuteri
7022e969007ef3c8699f673b136e033d	Bacteria	Bacteroidota	Bacteroidia	Bacteroidales	Porphyromonadaceae	Porphyromonas	Porphyromonas asaccharolytica
1f6ca7b99aaae4f623b85a5937c1d908	Bacteria	Firmicutes	Bacilli	Lactobacillales	Lactobacillaceae	Lactobacillus	Lactobacillus iners
b012e4baaccdb5eb2565ded9abbe76bc	Bacteria	Actinobacteriota	Coriobacteriia	Coriobacteriales	Eggerthellaceae	Cryptobacterium	Cryptobacterium curtum
8712ec0e52f053670f8c709ceda6d482	Bacteria	Firmicutes	Negativicutes	Veillonellales-Selenomonadales	Veillonellaceae	Dialister	Dialister sp001553355
a73e820aefe0b5b07e41a37c2fad683b	Bacteria	Firmicutes	Negativicutes	Veillonellales-Selenomonadales	Veillonellaceae	Dialister	Dialister sp001553355
006f75621a34a4ce85537c3693dc11d6	Bacteria	Bacteroidota	Bacteroidia	Bacteroidales	Prevotellaceae	Prevotella	
7f6a4b47d12e78eee63951fcc6fc92ba	Bacteria	Firmicutes	Bacilli	Staphylococcales	Gemellaceae	Gemella	Gemella asaccharolytica
deaf0e4396d1821eb56542223d3bad08	Bacteria	Actinobacteriota	Actinobacteria	Actinomycetales	Actinomycetaceae	Winkia	Winkia sp002849225
59dfabe350e121d71eca0fb0bd5b54f8	Bacteria	Actinobacteriota	Actinobacteria	Bifidobacteriales	Bifidobacteriaceae	Bifidobacterium	
5e9a84525027398f47332f9df482cb39	Bacteria	Firmicutes	Bacilli	Lactobacillales	Lactobacillaceae	Lactobacillus	Lactobacillus crispatus
4ac141b55063c2462b91cbf4dad96965	Bacteria	Firmicutes	Clostridia	Peptostreptococcales-Tissierellales	Family_XI	Anaerococcus	Anaerococcus vaginalis B
962ff1fa46b0c9a7612666e251e16eb6	Bacteria	Actinobacteriota	Coriobacteriia	Coriobacteriales	Atopobiaceae	Atopobium	Atopobium deltae
ef2086e5b904266f8bb76c0f4ac7cd39	Bacteria	Firmicutes	Bacilli	Staphylococcales	Gemellaceae	Gemella	Gemella asaccharolytica
7caf4c4618458bef525e5b76e4f0c33c	Bacteria	Bacteroidota	Bacteroidia	Bacteroidales	Prevotellaceae	Prevotella	Prevotella denticola
c94134f734a00b28575996a136e3c4cd	Bacteria	Actinobacteriota	Actinobacteria	Bifidobacteriales	Bifidobacteriaceae	Gardnerella	Gardnerella vaginalis
013ecd818bc4a67b41808376d4d7b8e0	Bacteria	Bacteroidota	Bacteroidia	Bacteroidales	Prevotellaceae	Prevotella	Prevotella bivia
ba8f37b0dd6b287110efbe46dca3fbbe	Bacteria	Actinobacteriota	Coriobacteriia	Coriobacteriales	Atopobiaceae	Atopobium	Atopobium minutum
53e45537d6f74f223a8b667049183ae5	Bacteria	Bacteroidota	Bacteroidia	Bacteroidales	Prevotellaceae	Prevotella	Prevotella disiens
871859321ddcfa7de07e35986c052586	Bacteria	Bacteroidota	Bacteroidia	Bacteroidales	Prevotellaceae	Prevotella	Prevotella denticola
9409f055c22a88895aecbbd9a3533426	Bacteria	Bacteroidota	Bacteroidia	Bacteroidales	Prevotellaceae	Prevotella	Prevotella colorans
3bf03ee892f351afe5afde375aa1a5de	Bacteria	Bacteroidota	Bacteroidia	Bacteroidales	Prevotellaceae	Prevotella	Prevotella amnii
1a3a2cdd96ead675e6e364d7e104bd15	Bacteria	Bacteroidota	Bacteroidia	Bacteroidales	Prevotellaceae	Prevotella	Prevotella denticola
9ff5872501ddc8d88c8e1756654298af	Bacteria	Bacteroidota	Bacteroidia	Bacteroidales	Prevotellaceae	Prevotella	Prevotella timonensis
ff9462c1c35e1143bb12e88ffba2a4ac	Bacteria	Bacteroidota	Bacteroidia	Bacteroidales	Prevotellaceae	Prevotella	Prevotella denticola
6a043121fbba3682ba79a6e5520c76e9	Bacteria	Firmicutes	Clostridia	Peptostreptococcales-Tissierellales	Family_XI	Peptoniphilus	Peptoniphilus coxii
c3eff5e6e58f962628f5ce2dbdeaa662	Bacteria	Bacteroidota	Bacteroidia	Bacteroidales	Prevotellaceae	Prevotella	Prevotella sp000479005
6bcc592616dc5f308c3c7233f0cba2f6	Bacteria	Firmicutes	Clostridia	Peptostreptococcales-Tissierellales	Family_XI	Peptoniphilus	Peptoniphilus harei
0a2348d52951a7c9deba04dd369ef492	Bacteria	Firmicutes	Bacilli	Lactobacillales	Lactobacillaceae	Lactobacillus	Lactobacillus crispatus
7ecf2791f33b4a8f0244f15e0cc23b77	Bacteria	Bacteroidota	Bacteroidia	Bacteroidales	Prevotellaceae	Prevotella	Prevotella timonensis
e4c91e5376fb1cd2051e28a751f392c7	Bacteria	Actinobacteriota	Actinobacteria	Bifidobacteriales	Bifidobacteriaceae	Bifidobacterium	Bifidobacterium breve
78f1d9045587216f5b82d43dd0678225	Bacteria	Actinobacteriota	Actinobacteria	Bifidobacteriales	Bifidobacteriaceae	Gardnerella	Gardnerella vaginalis
fd204f7a88e546b2288fb9b86489ba32	Bacteria	Bacteroidota	Bacteroidia	Bacteroidales	Bacteroidaceae	Bacteroides	
d49defade3316e90a83eaef200a78022	Bacteria	Firmicutes	Bacilli	Lactobacillales	Streptococcaceae	Streptococcus	Streptococcus agalactiae
21d7e62dcb41af8594c4df7553f91843	Bacteria	Firmicutes	Clostridia	Peptostreptococcales-Tissierellales	Family_XI	Anaerococcus	Anaerococcus prevotii
9adce6a64069775cca366cf05111020e	Bacteria	Firmicutes	Bacilli	Staphylococcales	Gemellaceae	Gemella	Gemella asaccharolytica
434fa31e3ec60ed65247eb324f4c84bd	Bacteria	Firmicutes	Bacilli	Lactobacillales	Lactobacillaceae	Lactobacillus	Lactobacillus jensenii
560a5d84258f2db058e43bad5c58cce1	Bacteria	Firmicutes	Bacilli	Lactobacillales	Lactobacillaceae	Lactobacillus	Lactobacillus gasseri
783030bc038dc40211fa02898dc0d94a	Bacteria	Bacteroidota	Bacteroidia	Bacteroidales	Prevotellaceae	Prevotella	
9643175cd2d125a35d606a37a24720a6	Bacteria	Firmicutes	Bacilli	Lactobacillales	Lactobacillaceae	Lactobacillus	Lactobacillus crispatus
185cd34faccd76a1f988b48d915115d3	Bacteria	Firmicutes	Clostridia	Peptostreptococcales-Tissierellales	Family_XI	Anaerococcus	Anaerococcus murdochii
8e82d39c0f0fc22eeb078ebb25f9caf3	Bacteria	Firmicutes	Bacilli	Lactobacillales	Lactobacillaceae	Limosilactobacillus	Limosilactobacillus coleohominis
ec546260877e924d74a20f60ab167f07	Bacteria	Firmicutes	Clostridia	Peptostreptococcales-Tissierellales	Family_XI	Anaerococcus	Anaerococcus lactolyticus
d443d45b9452b33e2f15317f488a8aff	Bacteria	Actinobacteriota	Coriobacteriia	Coriobacteriales	Coriobacteriaceae	Collinsella	Collinsella aerofaciens H
5c56d84ebf69e8db80bb3d84ec3a70a1	Bacteria	Bacteroidota	Bacteroidia	Bacteroidales	Prevotellaceae	Prevotella	
7919e06f1fb974b40cc4eb4f98fafbc8	Bacteria	Firmicutes	Clostridia	Peptostreptococcales-Tissierellales	Family_XI	Peptoniphilus	Peptoniphilus coxii
160d700650ddc37d7dda1730243db151	Bacteria	Bacteroidota	Bacteroidia	Bacteroidales	Prevotellaceae	Prevotella	
6473f5042bdb304de3bda35900f9c12b	Bacteria	Bacteroidota	Bacteroidia	Bacteroidales	Prevotellaceae	Prevotella	Prevotella colorans
b640075e163577efe372da8fa1c0c7cf	Bacteria	Bacteroidota	Bacteroidia	Bacteroidales	Prevotellaceae	Prevotella	Prevotella sp000479005
108ec75ebd3d17a56bfabec9ab334e0e	Bacteria	Firmicutes	Clostridia	Peptostreptococcales-Tissierellales	Family_XI	Fenollaria	Fenollaria massiliensis
743cfcc9f4764acb8986d440256ec5c6	Bacteria	Firmicutes	Clostridia	Peptostreptococcales-Tissierellales	Family_XI	Anaerococcus	Anaerococcus hydrogenalis
aa872b9a024f9b341b844c287680cc2c	Bacteria	Firmicutes	Bacilli	Lactobacillales	Streptococcaceae	Streptococcus	Streptococcus anginosus
ff7aee72f9acd097656fa7154a0e7c8d	Bacteria	Actinobacteriota	Actinobacteria	Bifidobacteriales	Bifidobacteriaceae	Gardnerella	Gardnerella vaginalis
2168dccf99c0d45fbcc4eab4367a2efa	Bacteria	Firmicutes	Bacilli	Lactobacillales	Lactobacillaceae	Lactobacillus	Lactobacillus mulieris
7c1b27dede8b5bb2a1779da2ad3a5619	Bacteria	Bacteroidota	Bacteroidia	Bacteroidales	Prevotellaceae	Prevotella	Prevotella sp000479005
e1939986bfeb28ed10de6c1919c7c7b7	Bacteria	Actinobacteriota	Actinobacteria	Bifidobacteriales	Bifidobacteriaceae	Gardnerella	Gardnerella vaginalis
a18fe364be913867ccaf93376305af15	Bacteria	Firmicutes	Clostridia	Peptococcales	Peptococcaceae	Peptococcus	
f7a1c2a7dc74eb24446faaa79f519ee6	Bacteria	Firmicutes	Clostridia	Lachnospirales	Lachnospiraceae	Agathobacter	Agathobacter sp900543445
a9974f0d235091256b86a3fb1ab8c17e	Bacteria	Firmicutes	Clostridia	Lachnospirales	Lachnospiraceae	Howardella	
3618742c4affb5997fb6806c14edc93c	Bacteria	Bacteroidota	Bacteroidia	Bacteroidales	Prevotellaceae	Prevotella	Prevotella sp000479005
7e73743808f2d2c40210690b5df70be6	Bacteria	Firmicutes	Bacilli	Lactobacillales	Aerococcaceae	Aerococcus	Aerococcus christensenii
67b314a9452117a73281cf037545d276	Bacteria	Bacteroidota	Bacteroidia	Bacteroidales	Prevotellaceae	Prevotella	Prevotella sp000479005
ffc0b54d2cb741f130344a4e95506a70	Bacteria	Actinobacteriota	Coriobacteriia	Coriobacteriales	Atopobiaceae	Lancefieldella	Lancefieldella rimae
93f86231a4550a9cf69d1c45b86c3760	Bacteria	Bacteroidota	Bacteroidia	Bacteroidales	Prevotellaceae	Prevotella	Prevotella timonensis
51a09b78e0f91383abd14e6d22e18839	Bacteria	Bacteroidota	Bacteroidia	Bacteroidales	Prevotellaceae	Prevotella	Prevotella sp000479005
7576f8b3de8911428b6c8ce9dcb15a3d	Bacteria	Bacteroidota	Bacteroidia	Bacteroidales	Prevotellaceae	Prevotella	
a63b30da3075fdd5350f4314e82f0942	Bacteria	Bacteroidota	Bacteroidia	Bacteroidales	Prevotellaceae	Prevotella	Prevotella timonensis
74bed3ea8554ffe2985e18fa2edb2df5	Bacteria	Bacteroidota	Bacteroidia	Bacteroidales	Prevotellaceae	Prevotella	Prevotella timonensis
22f3835a3555505ea917ed612a6adaba	Bacteria	Actinobacteriota	Coriobacteriia	Coriobacteriales	Atopobiaceae	Fannyhessea	Fannyhessea vaginae
5881bb20a5699e35017633aa882befb5	Bacteria	Firmicutes	Negativicutes	Acidaminococcales	Acidaminococcaceae	Phascolarctobacterium	
b260c77c7f650ec1a49d860ade8589d1	Bacteria	Fusobacteriota	Fusobacteriia	Fusobacteriales	Leptotrichiaceae	Sneathia	Sneathia vaginalis
8a73fe8e68e93d8fe8fba701d53288da	Bacteria	Firmicutes	Negativicutes	Veillonellales-Selenomonadales	Veillonellaceae	Dialister	Dialister micraerophilus
b82b3bff3447fe0dc7b4512d455b00b7	Bacteria	Actinobacteriota	Actinobacteria				
ba9bb36244381c04460404798eca0466	Bacteria	Actinobacteriota	Actinobacteria	Actinomycetales	Actinomycetaceae	Arcanobacterium A	Arcanobacterium A sp000758825
9d9a9602291cbf3f1cf4f978cb3cbda2	Bacteria	Firmicutes	Bacilli	Lactobacillales	Lactobacillaceae	Lactobacillus	Lactobacillus gasseri
a91ae57cebba7e981b87a464fe8b0e49	Bacteria	Firmicutes	Bacilli	Lactobacillales	Lactobacillaceae	Lactobacillus	Lactobacillus jensenii
f9ce1dd6d883fc0c8b12539dd4bc295e	Bacteria	Bacteroidota	Bacteroidia	Bacteroidales	Prevotellaceae	Prevotella	Prevotella sp000758925
92c294ec60947047494d7431d517715b	Bacteria	Firmicutes	Clostridia	Peptostreptococcales-Tissierellales	Family_XI	Peptoniphilus	Peptoniphilus duerdenii
1f671c19e77059eab03e0646c269714f	Bacteria	Firmicutes	Bacilli	Staphylococcales	Staphylococcaceae	Staphylococcus	Staphylococcus haemolyticus
e6780c0bd7cd6bd5b15b575ee458a0fb	Bacteria	Firmicutes	Clostridia	Peptostreptococcales-Tissierellales	Family_XI	Anaerococcus	Anaerococcus prevotii
5f70f4532c3401b233c186fee569e57b	Bacteria	Firmicutes	Clostridia	Peptostreptococcales-Tissierellales	Family_XI	Parvimonas	Parvimonas sp001552895
9c41197063c63ceb1b76608a0f70e7dc	Bacteria	Firmicutes	Bacilli	Lactobacillales	Streptococcaceae	Streptococcus	Streptococcus pyogenes
a1bd9e854f70c8d5670a1a78ea82a408	Bacteria	Firmicutes	Clostridia	Lachnospirales	Lachnospiraceae	Candidatus Lachnocurva	Candidatus Lachnocurva vaginae
36d8851acabc2681999238d7b65f3b7d	Bacteria	Firmicutes	Clostridia	Clostridiales	Clostridiaceae	Clostridium_sensu_stricto_1	
4874dbd06c7f06dce2891c5ddf260f09	Bacteria	Bacteroidota	Bacteroidia	Bacteroidales	Prevotellaceae	Prevotella	Prevotella timonensis
5f4df1b46b3ef2a9cbd173c0b8a7f3a6	Bacteria	Firmicutes	Bacilli	Lactobacillales	Lactobacillaceae	Lactobacillus	Lactobacillus iners
ddbf23c8c5653d14479d9bf997ef7e1b	Bacteria	Bacteroidota	Bacteroidia	Bacteroidales	Bacteroidaceae	Bacteroides	Bacteroides uniformis
38f9479d2f37d1036274704b09d2e3c5	Bacteria	Firmicutes	Clostridia	Lachnospirales	Lachnospiraceae	Blautia A	Blautia A luti
f8f17adacef3bb7cdccfde91b29e210c	Bacteria	Firmicutes	Negativicutes	Veillonellales-Selenomonadales	Veillonellaceae	Megasphaera	Megasphaera lornae
89fdfed0daa1852ef44dcff4d1090b31	Bacteria	Bacteroidota	Bacteroidia	Bacteroidales	Bacteroidaceae	Bacteroides	Bacteroides uniformis
caac61a3d56b40ee44fc7a44d1a7cad5	Bacteria	Actinobacteriota	Coriobacteriia	Coriobacteriales	Eggerthellaceae	Slackia	Slackia exigua
abb93258f9386db272a6c093fa48214f	Bacteria	Bacteroidota	Bacteroidia	Bacteroidales	Prevotellaceae	Prevotella	
5a22f4191c8e78514cbd2cc4b9f77cf8	Bacteria	Firmicutes	Clostridia	Peptostreptococcales-Tissierellales	Family_XI	Parvimonas	Parvimonas sp001552895
849154d1fef3cbacbdede1343a55ac92	Bacteria	Firmicutes	Bacilli	Lactobacillales	Streptococcaceae	Streptococcus	Streptococcus salivarius
e95999a76ec336090b936b604ad1c85c	Bacteria	Firmicutes	Clostridia	Clostridiales	Clostridiaceae	Clostridium_sensu_stricto_1	
c071c361da6bd584f35a61c221f649a8	Bacteria	Firmicutes	Negativicutes	Veillonellales-Selenomonadales	Veillonellaceae	Dialister	Dialister micraerophilus
27d6b2e930d4a050ee2f2883fa17f4dd	Bacteria	Bacteroidota	Bacteroidia	Bacteroidales	Prevotellaceae	Prevotella	Prevotella amnii
044bfc35bb63c2d016da91e3a430d3f7	Bacteria	Bacteroidota	Bacteroidia	Bacteroidales	Prevotellaceae	Prevotella	
122f7d60fd1a665fd56f6cccca9c2002	Bacteria	Firmicutes	Negativicutes	Veillonellales-Selenomonadales	Veillonellaceae	Veillonella	Veillonella montpellierensis
bf6da49e7ec2e3f32e63fcf01e6eb4be	Bacteria	Firmicutes	Negativicutes	Veillonellales-Selenomonadales	Veillonellaceae	Dialister	Dialister micraerophilus
99265a47769bf2291890459c230f0af3	Bacteria	Actinobacteriota	Actinobacteria	Actinomycetales	Actinomycetaceae	Actinotignum	Actinotignum sanguinis
fdeb376b12c58bc9f69c3df43dce04b9	Bacteria	Firmicutes	Bacilli	Staphylococcales	Staphylococcaceae	Staphylococcus	Staphylococcus haemolyticus
a25305566d3c86ba086b4bd278233716	Bacteria	Bacteroidota	Bacteroidia	Bacteroidales	Bacteroidaceae	Bacteroides	
dfd1f141090fa1d6d42acd772d1ce1d6	Bacteria	Firmicutes	Clostridia	Peptostreptococcales-Tissierellales	Family_XI	Parvimonas	Parvimonas sp001552895
9743171ce3d8d585e84414a7584381bb	Bacteria	Firmicutes	Bacilli	Lactobacillales	Lactobacillaceae	Lactobacillus	Lactobacillus jensenii
1b04d06d0304a5287c35ff7900a9445c	Bacteria	Bacteroidota	Bacteroidia	Bacteroidales	Prevotellaceae	Prevotella	Prevotella timonensis
10451e494e3e82df380cb2bdb4147870	Bacteria	Firmicutes	Clostridia	Peptostreptococcales-Tissierellales	Family_XI	Anaerococcus	Anaerococcus prevotii
beaa0af6c44ccc4f0cf7897abd93f20b	Bacteria	Actinobacteriota	Coriobacteriia	Coriobacteriales	Eggerthellaceae	Berryella	Berryella sp001552935
61ca5b774895794b5f60b8955b2b7731	Bacteria	Proteobacteria	Gammaproteobacteria	Burkholderiales	Sutterellaceae	Sutterella	Sutterella sp900762445
58dd516076325bb276b9c8ac16eaa11f	Bacteria	Firmicutes	Negativicutes	Veillonellales-Selenomonadales	Veillonellaceae	Dialister	Dialister micraerophilus
da2d307acbc750e709821f37106a97ee	Bacteria	Fusobacteriota	Fusobacteriia	Fusobacteriales	Leptotrichiaceae	Sneathia	Sneathia vaginalis
4cbc3567a6fdadc7872671c3502cbe92	Bacteria	Firmicutes	Clostridia	Peptostreptococcales-Tissierellales	Family_XI	Parvimonas	Parvimonas parva
247589858ca471f2c6e55961206ddb75	Bacteria	Actinobacteriota	Coriobacteriia	Coriobacteriales	Eggerthellaceae	Berryella	Berryella sp001552935
ad64cc8496a9b0eef27770bb5c6f3817	Bacteria	Bacteroidota	Bacteroidia	Bacteroidales	Prevotellaceae	Prevotella	Prevotella bivia
7fb958f35093820357f004108ac5b30f	Bacteria	Bacteroidota	Bacteroidia	Bacteroidales	Prevotellaceae	Prevotella	Prevotella amnii
156668a439bfb96ad058ce2b9d8cf0d0	Bacteria	Firmicutes	Clostridia	Peptostreptococcales-Tissierellales	Family_XI	Peptoniphilus	Peptoniphilus harei
1dd60e815236053374c5540e0efe06b6	Bacteria	Firmicutes	Bacilli	Lactobacillales	Lactobacillaceae	Lactobacillus	Lactobacillus gasseri
57aefa5d0a0056772a9e3e71c4ddec1b	Bacteria	Firmicutes	Bacilli	Lactobacillales	Lactobacillaceae	Limosilactobacillus	Limosilactobacillus fermentum
484f062ed712542978ef6d4d8b705fe0	Bacteria	Firmicutes	Bacilli	Lactobacillales	Lactobacillaceae	Lactobacillus	Lactobacillus crispatus
5b94a53a6cae9edba9ec84e91d94a6d5	Bacteria	Firmicutes	Bacilli	Lactobacillales	Lactobacillaceae	Lactobacillus	Lactobacillus iners
13a330d5f4e3533d09fb6e726d1f1f62	Bacteria	Actinobacteriota	Actinobacteria	Corynebacteriales	Corynebacteriaceae	Corynebacterium	Corynebacterium riegelii
661c20a995fc373d17a72de5a350c10a	Bacteria	Firmicutes	Negativicutes	Veillonellales-Selenomonadales	Veillonellaceae	Anaeroglobus	Anaeroglobus vaginalis
506667dea54dd2c7f1ee6b490006e156	Bacteria	Bacteroidota	Bacteroidia	Bacteroidales	Prevotellaceae		
c014abeab40ac26d9bcdc29e7123b7b5	Bacteria	Firmicutes	Clostridia	Clostridiales	Clostridiaceae	Clostridium_sensu_stricto_1	
8ed48b9d23ca79657a0a30a5eb68236c	Bacteria	Firmicutes	Bacilli	Lactobacillales	Lactobacillaceae	Limosilactobacillus	Limosilactobacillus reuteri
8d4e1a7e448b304c88920326104a1c31	Bacteria	Firmicutes	Bacilli	Lactobacillales	Lactobacillaceae	Limosilactobacillus	Limosilactobacillus reuteri
154159c07394a54e549e41e733c80a75	Bacteria	Actinobacteriota	Actinobacteria	Bifidobacteriales	Bifidobacteriaceae	Gardnerella	Gardnerella vaginalis
6196ef873e2e67aaaa78fce71b567334	Bacteria	Actinobacteriota	Actinobacteria	Bifidobacteriales	Bifidobacteriaceae	Gardnerella	Gardnerella vaginalis
d9e72cc9f5cfd4399f53a07f56106241	Bacteria	Bacteroidota	Bacteroidia	Bacteroidales	Prevotellaceae	Prevotella	Prevotella bivia
50ea0205e48fe28e93f7c4c9a957a5da	Bacteria	Firmicutes	Bacilli	Bacillales	Bacillaceae	Bacillus	
ec39293a8db6cdfc99fecc1decfa59d7	Bacteria	Firmicutes	Clostridia	Oscillospirales	Ruminococcaceae	Faecalibacterium	Faecalibacterium prausnitzii
59365d5d938606209bf0b5a7e8fd06a0	Bacteria	Bacteroidota	Bacteroidia	Bacteroidales	Rikenellaceae	Rikenellaceae_RC9_gut_group	
90ee235f42aecb4c43f656130f495549	Bacteria	Firmicutes	Bacilli	Lactobacillales	Lactobacillaceae	Levilactobacillus	Levilactobacillus brevis
95595a8e5962ef69862b877b403c5943	Bacteria	Firmicutes	Bacilli	Staphylococcales	Staphylococcaceae	Staphylococcus	Staphylococcus epidermidis
c31f0050598757e4d8b7687209f8a8ca							
89d1dd551b8df7cc1fc1833a6597f034	Bacteria	Firmicutes	Negativicutes	Veillonellales-Selenomonadales	Veillonellaceae	Megasphaera	Megasphaera hutchinsoni
d729f135c340f62b9fdf8c68a958b4f0							
4740597d68a93c6f7cdabe9e64196787	Bacteria	Firmicutes	Negativicutes	Veillonellales-Selenomonadales	Veillonellaceae	Veillonella	Veillonella montpellierensis
d555a790939c18b5aa0f2b7720b238c5	Bacteria	Actinobacteriota	Actinobacteria	Actinomycetales	Actinomycetaceae	Varibaculum	Varibaculum cambriense B
f2735c286490a71c359f4d5db6bdd217	Bacteria	Firmicutes	Clostridia	Oscillospirales	Ruminococcaceae	Subdoligranulum	
5acab566181b755b2bbc580ead6cea70	Bacteria	Firmicutes	Bacilli	Lactobacillales	Lactobacillaceae	Limosilactobacillus	Limosilactobacillus reuteri
57423f6bbee17a13a96224ed010a6948	Bacteria	Firmicutes	Bacilli	Lactobacillales	Aerococcaceae	Aerococcus	Aerococcus christensenii
2445fa46eac0afcc916602b02e1ed6e1	Bacteria	Firmicutes	Bacilli	Lactobacillales	Lactobacillaceae	Limosilactobacillus	Limosilactobacillus vaginalis
c7444b1d9b200fdeb922693aab29deb4	Bacteria	Firmicutes	Clostridia	Oscillospirales	Ruminococcaceae		
cd4a4cd5016bf44fe442b7072a21e1eb	Bacteria	Actinobacteriota	Actinobacteria	Bifidobacteriales	Bifidobacteriaceae	Bifidobacterium	Bifidobacterium longum
d7c727dfca8a3d8d4f384e305271a33d	Bacteria	Firmicutes	Bacilli	Lactobacillales	Lactobacillaceae	Lactobacillus	Lactobacillus gasseri
c6cdc71a1f7376db5a843ade152ed641	Bacteria	Firmicutes	Bacilli	Lactobacillales	Enterococcaceae	Enterococcus	Enterococcus faecalis
706238e155ac396286b27ab224a89f2f	Bacteria	Firmicutes	Clostridia	Peptostreptococcales-Tissierellales	Family_XI	Anaerococcus	Anaerococcus prevotii
cbb3bfa99f78a06dc76ce7026229fa49	Bacteria	Fusobacteriota	Fusobacteriia	Fusobacteriales	Leptotrichiaceae	Sneathia	Sneathia vaginalis
ffa2d3d4e030a8f45850c379c0d196f5	Bacteria	Actinobacteriota	Actinobacteria	Bifidobacteriales	Bifidobacteriaceae	Bifidobacterium	Bifidobacterium adolescentis
e0f9fa355610ccd010bb8c48f284113e	Bacteria	Actinobacteriota	Actinobacteria	Propionibacteriales	Propionibacteriaceae	Propionimicrobium	Propionimicrobium lymphophilum
a01b6188fb1fe6548a57a176ebbddf48	Bacteria	Bacteroidota	Bacteroidia	Bacteroidales	Bacteroidaceae	Bacteroides	
15e9ef7da7fa70e175922777fefaf105	Bacteria	Actinobacteriota	Actinobacteria	Corynebacteriales	Corynebacteriaceae	Corynebacterium	Corynebacterium coyleae
ff45637a4bbff25f53285cceb3cdf38e	Bacteria	Firmicutes	Negativicutes	Veillonellales-Selenomonadales	Veillonellaceae	Dialister	Dialister sp001553355
d06b4cca987af68340a91a13ef12e32f	Bacteria	Firmicutes	Clostridia	Peptostreptococcales-Tissierellales	Family_XI	Fenollaria	Fenollaria massiliensis
fed6214f8341063561e7d8610fa125f9	Bacteria	Bacteroidota	Bacteroidia	Bacteroidales	Prevotellaceae	Prevotella	Prevotella sp000479005
6184f0b1e75cda5265da4646ba5fe76b	Bacteria	Firmicutes	Clostridia	Oscillospirales	Ruminococcaceae	Faecalibacterium	Faecalibacterium prausnitzii
1e0b4406eecb0eee8a9719470fd0188b	Bacteria	Actinobacteriota	Actinobacteria	Bifidobacteriales	Bifidobacteriaceae	Gardnerella	Gardnerella vaginalis
00435149434ee02a7726035635116c57	Bacteria	Firmicutes	Bacilli	Lactobacillales	Lactobacillaceae	Limosilactobacillus	Limosilactobacillus reuteri
bb8d7dea5b8d68c017a276447ec59ed0	Bacteria	Firmicutes	Clostridia	Oscillospirales	Ruminococcaceae	Ruminococcus	
52096e6a1862db780f467624c719d598	Bacteria	Firmicutes	Clostridia	Peptostreptococcales-Tissierellales	Family_XI	Peptoniphilus	Peptoniphilus rachelemmaiella
d5d033f5d15a8ef02d13108ff7c2504e	Bacteria	Actinobacteriota	Coriobacteriia	Coriobacteriales	Eggerthellaceae	Gordonibacter	Gordonibacter urolithinfaciens
dbcd87a34bb70e20aeea251c048f3673	Bacteria	Fusobacteriota	Fusobacteriia	Fusobacteriales	Leptotrichiaceae	Sneathia	Sneathia vaginalis
2e9f1c3013022ced2c0c9567d59fc064	Bacteria	Firmicutes	Clostridia	Oscillospirales	Ruminococcaceae	Subdoligranulum	
8a627a2352d57f70cfe968502ceab41c	Bacteria	Actinobacteriota	Actinobacteria	Bifidobacteriales	Bifidobacteriaceae	Alloscardovia	Alloscardovia omnicolens
e2b5bba927d30d1cc66e2eb74686aecd	Bacteria	Bacteroidota	Bacteroidia	Bacteroidales	Prevotellaceae	Prevotella	Prevotella colorans
367da03193554afa419233cf58aa75c7	Bacteria	Firmicutes	Clostridia	Oscillospirales	Ruminococcaceae	Faecalibacterium	
05e8a6961920be51ef255806b9919bf2	Bacteria	Bacteroidota	Bacteroidia	Bacteroidales	Prevotellaceae		
8a2950244650b024368aa8174145ba33	Bacteria	Firmicutes	Clostridia	Lachnospirales	Lachnospiraceae	Blautia A	Blautia A sp900066335
0ae1308cf1201de65c4edfcd616e89b2	Bacteria	Firmicutes	Clostridia	Lachnospirales	Lachnospiraceae	Fusicatenibacter	
387071dffdbd98debccce327a7331d91	Bacteria	Firmicutes	Negativicutes	Veillonellales-Selenomonadales	Veillonellaceae	Dialister	Dialister micraerophilus
6b729ee3af59d15c2221e3e3b4e42e3d	Bacteria	Bacteroidota	Bacteroidia	Bacteroidales	Porphyromonadaceae	Porphyromonas	Porphyromonas uenonis
8dd7ed4ba747f59f656ea991d2c80714	Bacteria	Firmicutes	Bacilli	Lactobacillales	Lactobacillaceae	Lactobacillus	Lactobacillus jensenii
bf400b6b9c7eb5624390af899642dda8	Bacteria	Actinobacteriota	Actinobacteria	Bifidobacteriales	Bifidobacteriaceae	Gardnerella	Gardnerella vaginalis
1c7846cda2f632215202ab6bb52f39c1	Bacteria	Actinobacteriota	Actinobacteria	Bifidobacteriales	Bifidobacteriaceae	Bifidobacterium	Bifidobacterium adolescentis
d5694b96d7760e595c6a132766250d5d	Bacteria	Firmicutes	Clostridia	Peptostreptococcales-Tissierellales	Family_XI	Ezakiella	Ezakiella sp900540185
45b5a5fa0ef5a584b590cbbda45406a3	Bacteria	Bacteroidota	Bacteroidia	Bacteroidales	Bacteroidaceae	Bacteroides	
0a05309d0f3f388b992277573b5314a8	Bacteria	Bacteroidota	Bacteroidia	Bacteroidales	Prevotellaceae	Prevotella	Prevotella bivia
46e6de3383c911b1ae3856dff54b6704	Bacteria	Actinobacteriota	Actinobacteria	Bifidobacteriales	Bifidobacteriaceae	Gardnerella	Gardnerella vaginalis
2fcdd5429c966e1b72e2e352db5c1702	Bacteria	Actinobacteriota	Actinobacteria	Actinomycetales	Actinomycetaceae	Pauljensenia	Pauljensenia turicensis
baa7827d19d7da2ff41ff49f48d740c7	Bacteria	Firmicutes	Clostridia	Lachnospirales	Lachnospiraceae	Candidatus Lachnocurva	Candidatus Lachnocurva vaginae
ba418eda459466506fc76728e183d26a	Bacteria	Firmicutes	Clostridia	Oscillospirales	Ruminococcaceae		
1b1f1850c1613c9a2b6281ff1cf3512b	Bacteria	Bacteroidota	Bacteroidia	Bacteroidales	Bacteroidaceae	Bacteroides	
44c7eb469b044418177fcc1e3e734e64	Bacteria	Firmicutes	Clostridia	Lachnospirales	Lachnospiraceae	Stomatobaculum	Stomatobaculum sp002892395
547f7f631b685c5f07486e3170f16ea4	Bacteria	Firmicutes	Clostridia	Lachnospirales	Lachnospiraceae	Dorea A	Dorea A longicatena
0792b6d3dee4eb623d00869e9dbeab7d	Bacteria	Bacteroidota	Bacteroidia	Bacteroidales	Prevotellaceae	Prevotella	Prevotella colorans
3ec9a72eea2934c7e20bf5e3840b3935	Bacteria	Bacteroidota	Bacteroidia	Bacteroidales	Tannerellaceae	Parabacteroides	
c45370512574e3edc22339199a7a1257	Bacteria	Firmicutes	Bacilli	Lactobacillales	Lactobacillaceae	Limosilactobacillus	Limosilactobacillus reuteri
c06113b33557464d9ada717d3c4cfc6b							
c78a0018e2b5d7019760ccdecc4f48c7	Bacteria	Firmicutes	Clostridia	Peptostreptococcales-Tissierellales	Family_XI	Anaerococcus	Anaerococcus prevotii
8d61c02363fff03c538552889f4dd524	Bacteria	Actinobacteriota	Actinobacteria	Actinomycetales	Actinomycetaceae	Varibaculum	Varibaculum massiliense
a62e32c83e169200a7222bc5e937b23b	Bacteria	Firmicutes	Bacilli	Staphylococcales	Staphylococcaceae	Staphylococcus	Staphylococcus hominis
f73273a138744be3792ee8076251e61b	Bacteria	Firmicutes	Negativicutes	Veillonellales-Selenomonadales	Veillonellaceae	Dialister	
2de10dd2ae8a30ed0ac7e261c66ca912	Bacteria	Bacteroidota	Bacteroidia	Bacteroidales	Bacteroidaceae	Bacteroides	
4d37a7e82cac5bf69e519cc83c531770	Bacteria	Actinobacteriota	Actinobacteria	Corynebacteriales	Corynebacteriaceae	Corynebacterium	Corynebacterium tuscaniense
48bd5bbf943ab3799d1db417bc2b66b3	Bacteria	Firmicutes	Bacilli	Lactobacillales	Streptococcaceae	Streptococcus	Streptococcus pyogenes
54cc0ade7f2f96a6764dc48d15449366	Bacteria	Actinobacteriota	Actinobacteria	Bifidobacteriales	Bifidobacteriaceae	Gardnerella	Gardnerella vaginalis
97378e26fa777a64cd6b79041680531e	Bacteria	Firmicutes	Clostridia	Peptostreptococcales-Tissierellales	Family_XI	Urinicoccus	Urinicoccus massiliensis
870f90118325274a54b8bafde50001f5	Bacteria	Firmicutes	Bacilli	Lactobacillales	Lactobacillaceae	Lactobacillus	Lactobacillus crispatus
b77af7ecf7f3b9fd02a8c9a8c543c9d3	Bacteria	Firmicutes	Bacilli	Lactobacillales		Granulicatella	Granulicatella elegans
ffeae2fdd8c2c7b1d1c1c1d7a33944c8	Bacteria	Firmicutes	Clostridia	Lachnospirales	Lachnospiraceae	Enterocloster	Enterocloster clostridioformis
dd5ce8d0b040693d540cb5aaf1b9fb3b	Bacteria	Firmicutes	Clostridia	Peptostreptococcales-Tissierellales	Peptostreptococcaceae	Romboutsia	
6f60ea1bc2ee51d11c9c67afa61156f4	Bacteria	Actinobacteriota	Actinobacteria	Bifidobacteriales	Bifidobacteriaceae	Gardnerella	Gardnerella vaginalis
5c0644f23e7db04b7c8bd37098828313	Bacteria	Firmicutes	Clostridia	Lachnospirales	Lachnospiraceae	Mediterraneibacter	Mediterraneibacter faecis
106e6b17a6a866f059edb6046bdfd2ed	Bacteria	Firmicutes	Bacilli	Lactobacillales	Enterococcaceae	Enterococcus	Enterococcus faecalis
b80fe9b6287febc0e7345f8996dddff4	Bacteria	Firmicutes	Bacilli	Lactobacillales	Lactobacillaceae	Lactobacillus	Lactobacillus mulieris
c4bf908610bf22c42dd14993f138e24b	Bacteria	Bacteroidota	Bacteroidia	Bacteroidales	Bacteroidaceae	Bacteroides	
99a970b879d98d4c45a6efe8b99f85af	Bacteria	Actinobacteriota	Coriobacteriia	Coriobacteriales	Eggerthellaceae	Eggerthella	Eggerthella lenta
ce6ac6de24d317298fb24086043636f5	Bacteria	Firmicutes	Negativicutes	Veillonellales-Selenomonadales	Veillonellaceae	Dialister	Dialister micraerophilus
e7670ead45dd3c0e9ed8dab866daa619	Bacteria	Patescibacteria	Saccharimonadia	Saccharimonadales	Saccharimonadales	Saccharimonadales	
19c948b1d7a97c399539262a684f0e48	Bacteria	Actinobacteriota	Actinobacteria				
ef2806147d95774247f4d0e493f60296	Bacteria	Actinobacteriota	Actinobacteria	Corynebacteriales	Corynebacteriaceae	Corynebacterium	
e9412a014f6018463f9cf0a0bd7dfacb							
734f767ba9e7ff7ee278cd4c4134ba85	Bacteria	Actinobacteriota	Actinobacteria	Actinomycetales	Actinomycetaceae	Mobiluncus	Mobiluncus curtisii
851d8b0b44c78c7ce24c78b9f14b1d85	Bacteria	Bacteroidota	Bacteroidia	Bacteroidales	Bacteroidaceae	Bacteroides	
d8ffc409f279dddd953f5311921fe3ce	Bacteria	Firmicutes	Clostridia	Peptostreptococcales-Tissierellales	Family_XI	Urinicoccus	Urinicoccus massiliensis
676e65e32256e3bfa4c68b8d0b5abf82	Bacteria	Firmicutes	Bacilli	Mycoplasmatales	Mycoplasmataceae	Ureaplasma	Ureaplasma parvum
760adb5c70be056f42e827b709e588cc	Bacteria	Bacteroidota	Bacteroidia	Bacteroidales	Prevotellaceae	Prevotella	Prevotella sp000479005
c75ebe524e8e3d8e063dcd590b770f80	Bacteria	Campylobacterota	Campylobacteria	Campylobacterales	Campylobacteraceae	Campylobacter	
f520a3d61ff27fb136721f093327b512	Bacteria	Bacteroidota	Bacteroidia	Bacteroidales	Porphyromonadaceae	Porphyromonas	
82017a26ca842ed8693910d1d5947552	Bacteria	Firmicutes	Clostridia	Lachnospirales	Lachnospiraceae	Candidatus Lachnocurva	Candidatus Lachnocurva vaginae
cc1f106dae404eca16e3b7d588d58645	Bacteria	Bacteroidota	Bacteroidia	Bacteroidales	Bacteroidaceae	Bacteroides	
395d7bf03fbcf97c4a6061079f188665	Bacteria	Actinobacteriota	Actinobacteria	Corynebacteriales	Corynebacteriaceae	Lawsonella	Lawsonella clevelandensis
fdc1a7c3ebe3c43c9205147181cadf6b	Bacteria	Actinobacteriota	Actinobacteria	Corynebacteriales	Corynebacteriaceae	Corynebacterium	Corynebacterium kefirresidentii
293ba98154afac29ad887872351d7b78	Bacteria	Firmicutes	Bacilli	Lactobacillales	Lactobacillaceae	Limosilactobacillus	Limosilactobacillus reuteri
17a8011670a300b61ae0d583b79a3eeb	Bacteria	Firmicutes	Bacilli	Lactobacillales	Lactobacillaceae	Lactobacillus	Lactobacillus iners
b3b65b777cd1f47730e3949cd2e3e3c5	Bacteria	Bacteroidota	Bacteroidia	Bacteroidales	Prevotellaceae	Prevotella	Prevotella timonensis
c0ccc69e2fc6a32433b531bb5d698b10	Bacteria	Firmicutes	Clostridia	Peptostreptococcales-Tissierellales	Family_XI	Anaerococcus	Anaerococcus lactolyticus
a846d5cf03d9cd45d662e73581c6e873	Bacteria	Bacteroidota	Bacteroidia	Bacteroidales	Prevotellaceae	Prevotella	Prevotella amnii
7a714110c93f59ae440d2d3e73426965	Bacteria	Actinobacteriota	Actinobacteria	Bifidobacteriales	Bifidobacteriaceae	Gardnerella	Gardnerella vaginalis
bff6bb0d089f1d497867eecdb06fa3a6	Bacteria	Bacteroidota	Bacteroidia	Bacteroidales	Prevotellaceae	Prevotella	Prevotella timonensis
707be12a401dacb9dab32fe358fc1266							
ce40c181946a180dab9c2dc751aa54a2	Bacteria	Actinobacteriota	Actinobacteria	Actinomycetales	Actinomycetaceae	Mobiluncus	Mobiluncus mulieris
7c8a96a657d3b13dc275b74e8c5a0957	Bacteria	Actinobacteriota	Coriobacteriia	Coriobacteriales	Eggerthellaceae	Berryella	Berryella sp900604965
28f1598201a0bb8cac3ad4ee8567b0bf	Bacteria	Actinobacteriota	Actinobacteria	Propionibacteriales	Propionibacteriaceae	Propionimicrobium	Propionimicrobium lymphophilum
6c50dd3cf297cf30eaf754d064def0bb	Bacteria	Proteobacteria	Gammaproteobacteria	Enterobacterales	Enterobacteriaceae	Klebsiella	Klebsiella pneumoniae
140afb20c26df0263708b67d648dab49	Bacteria	Actinobacteriota	Actinobacteria	Bifidobacteriales	Bifidobacteriaceae	Gardnerella	Gardnerella vaginalis
e68b67bcba54521d3c816e19a61aae36	Bacteria	Firmicutes	Bacilli	Lactobacillales	Aerococcaceae	Aerococcus	Aerococcus christensenii
e21fc8d6fb72d301fc9c60d5767cce74	Bacteria	Desulfobacterota	Desulfovibrionia	Desulfovibrionales	Desulfovibrionaceae	Collinsella	Collinsella sp900549355
41d6e94b25c896c649a4f8298568b9e7	Bacteria	Actinobacteriota	Actinobacteria	Bifidobacteriales	Bifidobacteriaceae	Bifidobacterium	
535f0ff60b00e9ca6e4f9932d7a43557	Bacteria	Firmicutes	Clostridia	Peptostreptococcales-Tissierellales	Family_XI	Anaerococcus	Anaerococcus murdochii
2a231f08891292ebf633fb67c2243110	Bacteria	Firmicutes	Clostridia	Lachnospirales	Lachnospiraceae	Blautia A	Blautia A obeum
ab34a563d5f48fe1aefa1605b75f6856	Bacteria	Actinobacteriota	Actinobacteria	Actinomycetales	Actinomycetaceae	Mobiluncus	Mobiluncus mulieris
210334a9347ab1a593ea140b2e1b3767							
80faa60a8ab72dbd51532fb832bf2b3a	Bacteria	Firmicutes	Bacilli	Lactobacillales	Aerococcaceae	Facklamia	Facklamia hominis
29c5f93e21cdffc7dfd2ad7316dcf72c	Bacteria	Firmicutes	Clostridia	Peptostreptococcales-Tissierellales	Family_XI	W5053	
d3abd7ccee177de6c440001448eca73b							
32a92122e857122fc6999ef97414e003	Bacteria	Firmicutes	Bacilli	Erysipelotrichales	Erysipelotrichaceae	Bulleidia	
99433f5ce2a1498230e5564ede94e542	Bacteria	Patescibacteria	Saccharimonadia	Saccharimonadales	Saccharimonadales	Saccharimonadales	
64c91d01d05cff3ab50f60a9c8f0ea8f							
d2a2e34ba2a4bfe597dedde09577c22d							
de32ff54aeb9ab91192e684e963e3949	Bacteria	Firmicutes	Clostridia	Oscillospirales	Hungateiclostridiaceae	Fastidiosipila	
8d10d599cc90640ec1bc081f441078c4	Bacteria	Firmicutes	Bacilli	Lactobacillales	Lactobacillaceae	Furfurilactobacillus	
f4aa11e8bdcb8a2c5b6c90bd379d9055	Bacteria	Firmicutes	Bacilli	Lactobacillales	Lactobacillaceae	Lactobacillus	Lactobacillus iners
a0c75bca30d22c8ba1d9cdb585c0aa0d	Bacteria	Firmicutes	Clostridia	Peptostreptococcales-Tissierellales	Family_XI	Peptoniphilus	Peptoniphilus harei
0b8806376cc32b61660062ae77506f46	Bacteria	Bacteroidota	Bacteroidia	Bacteroidales	Prevotellaceae	Prevotella	Prevotella timonensis
6ba1a63b03ed1667ddedc0813b737f0d	Bacteria	Bacteroidota	Bacteroidia	Bacteroidales	Rikenellaceae	Alistipes	
eb07ebb0eddaeed726369c67933f8e4d	Bacteria	Firmicutes	Clostridia	Peptostreptococcales-Tissierellales	Family_XI	Peptoniphilus	Peptoniphilus sp900343085
8ca9a7d28a2242d765259bd5243cf2d6	Bacteria	Firmicutes	Negativicutes	Veillonellales-Selenomonadales	Veillonellaceae	Anaeroglobus	Anaeroglobus vaginalis
0e8387c15c6a68bfb7e75f8d16b44de9	Bacteria	Firmicutes	Bacilli	Lactobacillales	Lactobacillaceae	Lactobacillus	Lactobacillus crispatus
3bee466e34d5904ab15480910983a253	Bacteria	Bacteroidota	Bacteroidia	Bacteroidales	Bacteroidaceae	Bacteroides	
8a6ac5e505b66e73c70049c2f4ba9baf	Bacteria	Bacteroidota	Bacteroidia	Bacteroidales	Bacteroidaceae	Bacteroides	
e6d674f2c78a60968218fa2c00c67904	Bacteria	Firmicutes	Clostridia	Peptostreptococcales-Tissierellales	Family_XI	Levyella	Levyella massiliensis
68bd5e57347240d78d0567d152134795	Bacteria	Bacteroidota	Bacteroidia	Bacteroidales	Prevotellaceae	Prevotella	Prevotella sp000479005
a8d9100f78d847cb09c360f730591afa	Bacteria	Bacteroidota	Bacteroidia	Bacteroidales	Bacteroidaceae	Bacteroides	
e22d207e6c6bd2550f06a8f654c8af61	Bacteria	Actinobacteriota	Coriobacteriia	Coriobacteriales	Coriobacteriaceae	Collinsella	Collinsella intestinalis
9ebf8cc5de2162d93434ee6abfc5ddd2	Bacteria	Bacteroidota	Bacteroidia	Bacteroidales	Bacteroidaceae	Bacteroides	
b15ff171b8f65dd985c8985d090802e3	Bacteria	Firmicutes	Bacilli	Staphylococcales	Staphylococcaceae	Staphylococcus	Staphylococcus pasteuri
da3ce69a6769543c9da7a139d034da9c	Bacteria	Firmicutes	Bacilli	Lactobacillales	Lactobacillaceae	Lactobacillus	Lactobacillus crispatus
db3b31269de6e7ea525185b2949155d0	Bacteria	Bacteroidota	Bacteroidia	Bacteroidales	Prevotellaceae	Prevotella	Prevotella sp000479005
e13c4d6b4da9284d21ddc97ff95edde0	Bacteria	Firmicutes	Bacilli	Lactobacillales	Lactobacillaceae	Limosilactobacillus	Limosilactobacillus reuteri
3d851ec0c09670864ce9be8aa0a965c3	Bacteria	Firmicutes	Clostridia	Lachnospirales	Lachnospiraceae	Blautia A	Blautia A faecis
ec66cc508688c21839c3367bce612ae4	Bacteria	Proteobacteria	Gammaproteobacteria	Enterobacterales	Enterobacteriaceae	Salmonella	Salmonella enterica
302094159935ef8a5557ad7f9ee01b84	Bacteria	Firmicutes	Clostridia	Oscillospirales	Hungateiclostridiaceae	Amygdalobacter	Amygdalobacter nucleatus
9d2c8caeb6241f933ef317e09bac147a	Bacteria	Bacteroidota	Bacteroidia	Bacteroidales	Rikenellaceae	Alistipes	
eb54c016ebcdb51534f8d865b3a5c706							
a018eb1d8afceb2751d3b92b22f4d35f	Bacteria	Firmicutes	Bacilli	Erysipelotrichales	Erysipelatoclostridiaceae	Erysipelatoclostridium	
ede0ef73350bd4109ff197bd6aec5072	Bacteria	Firmicutes	Clostridia	Oscillospirales	[Eubacterium]_coprostanoligenes_group	[Eubacterium]_coprostanoligenes_group	
8bcecfcbbe56c319b7884ef6b4617200	Bacteria	Firmicutes	Clostridia	Lachnospirales	Lachnospiraceae	Ruminococcus	Ruminococcus gnavus
361d5fcf93ca753fe4872c98a62972b3	Bacteria	Firmicutes	Clostridia	Lachnospirales	Lachnospiraceae	Anaerostipes	Anaerostipes hadrus
fadd383dcdfb88f5dc48f7038592a729	Bacteria	Firmicutes	Negativicutes	Veillonellales-Selenomonadales	Selenomonadaceae	Megamonas	Megamonas funiformis
2362641b1f4fdcf62cd4d6534dac54fc	Bacteria	Firmicutes	Clostridia	Lachnospirales	Lachnospiraceae	Hungatella	Hungatella hathewayi
298728bd6bbf47d5b01006aab1b9e105							
de5c0209f9db963ce8d490ce370d850c	Bacteria	Firmicutes	Clostridia	Peptostreptococcales-Tissierellales	Family_XI	Anaerococcus	Anaerococcus rubeinfantis
380e4c751c7b2670ae304640acaabff5	Bacteria	Actinobacteriota	Actinobacteria	Actinomycetales	Actinomycetaceae	Mobiluncus	Mobiluncus curtisii
08f097cb51a3d06b4f547925e3d2919a	Bacteria	Firmicutes	Clostridia	Peptostreptococcales-Tissierellales	Family_XI	Peptoniphilus	Peptoniphilus duerdenii
f4709144fe6322606492003e42109d83	Bacteria	Actinobacteriota	Coriobacteriia	Coriobacteriales	Atopobiaceae	Fannyhessea	Fannyhessea vaginae
c7f72c513b2a3e643e121a878ab91ea9	Bacteria	Firmicutes	Clostridia	Clostridia_UCG-014	Clostridia_UCG-014	Clostridia_UCG-014	
e9b93dd465e47fe0840da1f07a12d4c1	Bacteria	Firmicutes	Bacilli	Lactobacillales	Aerococcaceae	Falseniella	Falseniella ignava
a95823a2ed52ab22a95190698c93d2c3	Bacteria	Actinobacteriota	Actinobacteria	Bifidobacteriales	Bifidobacteriaceae	Bifidobacterium	Bifidobacterium breve
da043a1004fd720222b830be9fb15de0	Bacteria	Actinobacteriota	Actinobacteria	Actinomycetales	Actinomycetaceae	Mobiluncus	Mobiluncus mulieris
a4bbf03b988914b5b930bbcc0b48c44b	Bacteria	Firmicutes	Bacilli	Lactobacillales	Lactobacillaceae	Lactobacillus	Lactobacillus gasseri
93654e5bf80c35b236bcc4014aec890d	Bacteria	Proteobacteria	Gammaproteobacteria	Enterobacterales	Enterobacteriaceae	Klebsiella	Klebsiella michiganensis
ae619b7af8e381112bbcf6c9a37c008e	Bacteria	Bacteroidota	Bacteroidia	Bacteroidales	Bacteroidaceae	Bacteroides	
b14c3f748ff5130552acea8a2b12f29d	Bacteria	Bacteroidota	Bacteroidia	Bacteroidales	Bacteroidaceae	Bacteroides	Bacteroides fragilis
af190c55090f4cec548cf041df158fde	Bacteria	Bacteroidota	Bacteroidia	Bacteroidales	Prevotellaceae	Prevotella	Prevotella corporis
f8477fed374934f724e0ad9ea845bbe6	Bacteria	Proteobacteria	Gammaproteobacteria	Enterobacterales	Enterobacteriaceae	Citrobacter	Citrobacter freundii
7b325ae42539e3d3b0d7656c3a99c225	Bacteria	Proteobacteria	Gammaproteobacteria	Enterobacterales	Morganellaceae	Proteus	
67b303c2e18a24c17555ac3260dc3b1b	Bacteria	Firmicutes	Negativicutes	Veillonellales-Selenomonadales	Veillonellaceae	Dialister	Dialister sp001553355
f3f29b983fe8c0dfe37668e9d4ae8bc6	Bacteria	Firmicutes	Clostridia	Peptostreptococcales-Tissierellales	Family_XI	Mediannikoviicoccus	Mediannikoviicoccus vaginalis
d4cac3b3a901853a0cd442362aee89c9							
42443c84236afb97d6734cc3b4184c8c	Bacteria	Actinobacteriota	Actinobacteria	Corynebacteriales	Corynebacteriaceae	Corynebacterium	Corynebacterium sanguinis
1aaeeddd80552a2898b02c2d9f23337d	Bacteria	Fusobacteriota	Fusobacteriia	Fusobacteriales	Fusobacteriaceae	Fusobacterium	Fusobacterium animalis
3286a1635c7ce89331a04043643a42e7	Bacteria	Bacteroidota	Bacteroidia				
b5f896f2096a81cfaa0a5f360aa75084	Bacteria	Bacteroidota	Bacteroidia	Bacteroidales	Prevotellaceae	Prevotella	Prevotella timonensis
7e2ee23d17bee35316723d294005e915	Bacteria	Actinobacteriota	Coriobacteriia	Coriobacteriales	Atopobiaceae	Atopobium	
2e398b8d21dc0766b2cf014de5f215f9	Bacteria	Firmicutes	Bacilli	Lactobacillales	Lactobacillaceae	Ligilactobacillus	
9f816697f98090f0dabc2559e60dbb97	Bacteria	Bacteroidota	Bacteroidia	Bacteroidales	Bacteroidaceae	Bacteroides	
8c7f479b9b65a8a11dba9b2d4d4bbb74	Bacteria	Actinobacteriota	Actinobacteria	Corynebacteriales	Corynebacteriaceae	Corynebacterium	Corynebacterium amycolatum
b506454c96146e2b93727403242e515f	Bacteria	Actinobacteriota	Actinobacteria	Corynebacteriales	Corynebacteriaceae	Lawsonella	Lawsonella clevelandensis
1a2fec0156f8efa7820fdee88182c617	Bacteria	Proteobacteria	Gammaproteobacteria	Enterobacterales	Enterobacteriaceae	Citrobacter	Citrobacter freundii
54d5ed14366066ebfb5b16ac90019289	Bacteria	Actinobacteriota	Actinobacteria	Actinomycetales	Actinomycetaceae	Mobiluncus	Mobiluncus mulieris
36c31216bf47a62308b2dae350621e7c	Bacteria	Actinobacteriota	Coriobacteriia	Coriobacteriales	Eggerthellaceae	Eggerthella	Eggerthella lenta
584d7a22e38ccbc54e524383cfd7c4c5	Bacteria	Bacteroidota	Bacteroidia	Bacteroidales	Bacteroidaceae	Bacteroides	
1e9d200fa3f0e39065f55143a716fee4	Bacteria	Patescibacteria	Saccharimonadia	Saccharimonadales	Saccharimonadales	Nanoperiomorbus	Nanoperiomorbus sp004136275
0360a498b5585f9028fa802e6b4f7bf5	Bacteria	Firmicutes	Negativicutes	Veillonellales-Selenomonadales	Veillonellaceae	Dialister	
39588ae5a2fba3ddc3cad7a75d195554	Bacteria	Firmicutes	Clostridia	Lachnospirales	Lachnospiraceae	Anaerobutyricum	Anaerobutyricum soehngenii
8a66e4725750e40bd19b1770b6b845de	Bacteria	Firmicutes	Clostridia	Oscillospirales	Ruminococcaceae	Ruminococcus	
da3fd1a55a332ea87aa1da2b633d54b2	Bacteria	Firmicutes	Bacilli	Lactobacillales	Streptococcaceae	Streptococcus	Streptococcus equinus
9f074321ddcf3e2e3ae39f28e1cd48e9	Bacteria	Bacteroidota	Bacteroidia	Bacteroidales	Bacteroidaceae	Bacteroides	
549d81799f4ee128981ab318d18798b2	Bacteria	Firmicutes	Clostridia	Peptostreptococcales-Tissierellales	Family_XI	W5053	
026fd7611ae2c3884517a42be3f9dab4	Bacteria	Firmicutes	Bacilli	Staphylococcales	Staphylococcaceae	Staphylococcus	Staphylococcus warneri
1a7a971d3bcf21592d1ebabf35d100fd	Bacteria	Proteobacteria	Alphaproteobacteria	Caulobacterales	Caulobacteraceae	Brevundimonas	
ac2956ac6d8d97d490867b401a180c4f	Bacteria	Proteobacteria	Alphaproteobacteria	Rickettsiales	Mitochondria	Mitochondria	
93270051e64ff5958b85c3162450d41e	Bacteria	Bacteroidota	Bacteroidia	Bacteroidales	Prevotellaceae	Prevotella	Prevotella timonensis
7e3e371ef86710a1d15916b6ac9b8bab	Bacteria	Firmicutes	Clostridia	Lachnospirales	Lachnospiraceae	Lachnospira	Lachnospira eligens A
745fa7a6a6c33e0c8dec04075ba05382	Bacteria	Actinobacteriota	Actinobacteria	Corynebacteriales	Corynebacteriaceae	Corynebacterium	Corynebacterium sp001767255
40f80939e6303ce27ee4934e5332b44d	Bacteria	Firmicutes	Clostridia	Oscillospirales	Ruminococcaceae	Faecalibacterium	Faecalibacterium prausnitzii
1ea9de67982f906e67ae579d240b9136	Bacteria	Bacteroidota	Bacteroidia	Bacteroidales	Muribaculaceae	Muribaculaceae	
1283d63576b75ae3110601e4a01858ac	Bacteria	Bacteroidota	Bacteroidia	Bacteroidales	Bacteroidaceae	Bacteroides	Bacteroides uniformis
65c0d2f8fa0c7955432e5041f4af8be8	Bacteria	Actinobacteriota	Actinobacteria	Corynebacteriales	Corynebacteriaceae	Corynebacterium	Corynebacterium minutissimum
afa90c128b183b93bfedf5b99fc5fb7c	Bacteria	Proteobacteria	Alphaproteobacteria	Rickettsiales	Mitochondria	Mitochondria	
a99ca3cf9503840864f6abc5e9d6c30b	Bacteria	Bacteroidota	Bacteroidia	Bacteroidales	Muribaculaceae	Muribaculaceae	
d8668512f3a200416bcf582452ac4b37	Bacteria	Firmicutes	Bacilli	Lactobacillales	Lactobacillaceae	Lactobacillus	
352d49a0c22f75c316a2fa156c3fe766							
6b608f2a6388347f4edf2862f44d664b	Bacteria	Actinobacteriota	Actinobacteria	Corynebacteriales	Corynebacteriaceae	Corynebacterium	Corynebacterium aurimucosum
27bc7fa7ca715a0568ccc29de0fa9c4d	Bacteria	Proteobacteria	Gammaproteobacteria	Enterobacterales	Enterobacteriaceae	Citrobacter	Citrobacter freundii
5291006ef2427233f10df0b5ca786a79	Bacteria	Firmicutes	Clostridia	Oscillospirales	Ruminococcaceae	Ruthenibacterium	Ruthenibacterium lactatiformans
8b6719eabdb505a5fa3d259195655976	Bacteria	Campylobacterota	Campylobacteria	Campylobacterales	Campylobacteraceae	Campylobacter	
08dea1d533b682f918e89f57eef805f4	Bacteria	Firmicutes	Negativicutes	Veillonellales-Selenomonadales	Veillonellaceae	Megasphaera	Megasphaera hutchinsoni
a624c06d123beccb0d3eefea838c2418	Bacteria	Bacteroidota	Bacteroidia	Bacteroidales	Bacteroidaceae	Bacteroides	
3b32ed0e7eeb5c90fe7673da1480c197	Bacteria	Firmicutes	Bacilli	Lactobacillales	Streptococcaceae	Streptococcus	Streptococcus mitis
75c556935f1ce82eca33fb56f78a905f							
4307ccd78ddb5945e69aea282e670fab	Bacteria	Actinobacteriota	Actinobacteria	Corynebacteriales	Corynebacteriaceae	Corynebacterium	Corynebacterium urealyticum
5634d9cef78477965d23a277612bc172	Bacteria	Actinobacteriota	Coriobacteriia	Coriobacteriales	Atopobiaceae	Olegusella	Olegusella massiliensis
b9390af2d3c1f284363c392e0a1a739e	Bacteria	Bacteroidota	Bacteroidia	Bacteroidales	Prevotellaceae	Prevotella	Prevotella copri
ff7008e0758ad4e31fc71663fead0d80	Bacteria	Firmicutes	Clostridia	Lachnospirales	Lachnospiraceae	[Ruminococcus]_torques_group	
f9a94dcb7784db51c528e7390c0281d4	Bacteria	Actinobacteriota	Coriobacteriia	Coriobacteriales	Atopobiaceae	Fannyhessea	Fannyhessea vaginae
f5efaab4944dca6092be8006004d7397	Bacteria	Proteobacteria	Gammaproteobacteria	Enterobacterales	Enterobacteriaceae	Klebsiella	Klebsiella pneumoniae
d157ade9303477ab0b43e69c842bf44d	Bacteria	Firmicutes	Clostridia	Lachnospirales	Lachnospiraceae	Acetatifactor	Acetatifactor sp900066565
33e9e4b0bdc49ff2fc85facd4efb668c	Bacteria	Bacteroidota	Bacteroidia	Bacteroidales	Bacteroidaceae	Bacteroides	
1cdb86d7c2eb08a70df7372cfc653855	Bacteria	Firmicutes	Clostridia	Oscillospirales	Ruminococcaceae		
8a362e9081c1623a08eb88b71ece6e42							
0f804ea96a3542b18338b7e0e42f2705	Bacteria	Proteobacteria	Alphaproteobacteria	Rickettsiales	Mitochondria	Mitochondria	
04b8458f4bfd4c1c9749a946c7f148ce	Bacteria	Firmicutes	Clostridia	Oscillospirales	Oscillospiraceae	UCG-002	
110f8a86734eb963c09ecc6faa4850bb							
f10c2771cf89d546b340852627925e07	Bacteria	Firmicutes	Clostridia	Peptostreptococcales-Tissierellales	Family_XI	Anaerococcus	Anaerococcus sp900258475
75c997229e5734619638ab700658d3e7	Bacteria	Firmicutes	Bacilli	Lactobacillales	Enterococcaceae	Enterococcus	Enterococcus faecalis
a7b496c1b197447a58a96d5109cf0bf5	Bacteria	Actinobacteriota	Coriobacteriia	Coriobacteriales	Atopobiaceae	Fannyhessea	Fannyhessea vaginae
cbb08d59976c63d28007908710dcef93	Bacteria	Firmicutes	Clostridia	Clostridia_UCG-014	Clostridia_UCG-014	Clostridia_UCG-014	
5143b9eb1e0c15cd84428b8391ded42c	Bacteria	Firmicutes	Bacilli	Lactobacillales	Lactobacillaceae	Lactobacillus	Lactobacillus iners
b2613e86da65aaa92a5bf613bd75daab	Bacteria	Firmicutes	Clostridia	Oscillospirales	[Eubacterium]_coprostanoligenes_group	[Eubacterium]_coprostanoligenes_group	
e16db6f53c176ff3721c61e69953793b	Bacteria	Bacteroidota	Bacteroidia	Bacteroidales	Barnesiellaceae	Barnesiella	Barnesiella intestinihominis
b30727861682ab6ecc0f2fc89f9132a1	Bacteria	Bacteroidota	Bacteroidia	Bacteroidales	Prevotellaceae	Prevotella	Prevotella sp000479005
d7d3cdd53799e5296423251aa8f5cb20	Bacteria	Bacteroidota	Bacteroidia	Bacteroidales	Bacteroidaceae	Bacteroides	Bacteroides fragilis
bfad690571983692244717f38b9c41c7	Bacteria	Bacteroidota	Bacteroidia	Bacteroidales	Bacteroidaceae	Bacteroides	
ba5921a710625d52e6f0e828c875ffa4	Bacteria	Bacteroidota	Bacteroidia	Bacteroidales	Bacteroidaceae	Bacteroides	
0fbbf802437e3b8075bb3e2b00954117	Bacteria	Actinobacteriota	Actinobacteria	Actinomycetales	Actinomycetaceae	Varibaculum	Varibaculum massiliense
3bb4199bfa01e4ed6d417ae47fbed0cf	Bacteria	Actinobacteriota	Actinobacteria	Corynebacteriales	Corynebacteriaceae	Corynebacterium	Corynebacterium sp001831515
d07adf56150a6484bcc80413d3f1893e	Bacteria						
2e2dae91bc3f9d3d66a416ce6cc6e592	Bacteria	Actinobacteriota	Actinobacteria	Corynebacteriales	Corynebacteriaceae	Corynebacterium	Corynebacterium striatum
ca1f8a35b5c952d7df6335068a10aef3	Bacteria	Actinobacteriota	Actinobacteria	Actinomycetales	Actinomycetaceae	Pauljensenia	Pauljensenia radingae A
e9672cb59e0fc6564606c23a57d6c482							
024d64ec6ca834ca7a0889e9b43cce4b	Bacteria	Actinobacteriota	Actinobacteria	Bifidobacteriales	Bifidobacteriaceae	Bifidobacterium	Bifidobacterium dentium
0bbe526822d64408771f3b0ce11b1d2c	Bacteria	Bacteroidota	Bacteroidia	Bacteroidales	Porphyromonadaceae	Porphyromonas	
8cce7bc11722a10d2a19c37688dbe678	Bacteria	Bacteroidota	Bacteroidia	Bacteroidales	Porphyromonadaceae	Porphyromonas	Porphyromonas asaccharolytica
9b1bd1877462f7f4f51b420e1e68752b							
f1fb17d85ea33fbe3ffc752f748b3d68	Bacteria	Firmicutes	Negativicutes	Veillonellales-Selenomonadales	Veillonellaceae	Dialister	
249cb863cc648984bb8e52cc7e086629							
570a004dad46809cee3376a56c634844	Bacteria	Firmicutes	Clostridia	Peptostreptococcales-Tissierellales	Family_XI	Ezakiella	Ezakiella peruensis
58e1b2b19e65fce0168f4c1a65d8a2e5	Bacteria	Proteobacteria	Alphaproteobacteria	Rickettsiales	Mitochondria	Mitochondria	
29c92dd089c4362c8266a7d0a44fc1c8	Bacteria	Proteobacteria	Gammaproteobacteria	Enterobacterales	Enterobacteriaceae	Klebsiella	Klebsiella pneumoniae
b45131c22e455e6c639ac5b94fec30e7	Bacteria	Actinobacteriota	Actinobacteria	Actinomycetales	Actinomycetaceae	Varibaculum	Varibaculum massiliense
863baabe1481f5f03d1272ce4b32bbcc	Bacteria	Firmicutes	Bacilli	Lactobacillales	Streptococcaceae	Streptococcus	Streptococcus macedonicus
4e29949fbf33f687665c7ec95d0b1b26	Bacteria	Firmicutes	Clostridia	Clostridiales	Clostridiaceae	Clostridium_sensu_stricto_1	
6c608a3abdc6776299296deadc4e6f84	Bacteria	Actinobacteriota	Actinobacteria	Corynebacteriales	Corynebacteriaceae	Corynebacterium	Corynebacterium accolens
2f943ea54b44c8dfbdd22fa459c3da5f	Bacteria	Actinobacteriota	Coriobacteriia	Coriobacteriales	Atopobiaceae	Atopobium	
d95ece56860221019a2d090f4440fa33	Bacteria	Bacteroidota	Bacteroidia	Bacteroidales	Tannerellaceae	Parabacteroides	
1e771a7c64a86589a8adba2fd8105865	Bacteria	Actinobacteriota	Actinobacteria	Corynebacteriales	Corynebacteriaceae	Corynebacterium	Corynebacterium coyleae
4312746590cec13ca4a38f2e528182f2							
ebe1ba548dc7447b11a11a7d6087a667	Bacteria	Proteobacteria	Gammaproteobacteria	Enterobacterales	Enterobacteriaceae	Klebsiella	Klebsiella pneumoniae
22c691d4b67b01aeee05921eb3a73dc9							
08a722ea32f62a771b6aa38df0ef0254	Bacteria	Firmicutes	Clostridia	Oscillospirales	Hungateiclostridiaceae	Amygdalobacter	Amygdalobacter nucleatus
0c64aae9768662606206c96755e55e81	Bacteria	Bacteroidota	Bacteroidia	Bacteroidales	Prevotellaceae	Prevotella	Prevotella bivia
3eda846ce814dd746d931203746b2d75	Bacteria	Bacteroidota	Bacteroidia	Bacteroidales	Prevotellaceae	Prevotella	Prevotella copri
417ee85f3682de63ba1d5084861efeea	Bacteria	Firmicutes	Negativicutes	Veillonellales-Selenomonadales	Veillonellaceae	Dialister	Dialister micraerophilus
77d8011ec4c013eb1c6b5f3a3f7d2e03							
5c8588373c67c6a22cd5b81f82b9bdbe	Bacteria	Actinobacteriota	Actinobacteria	Corynebacteriales	Corynebacteriaceae	Corynebacterium	Corynebacterium phoceense
6cf9377cac40b1f3400cf708e908ae0e	Bacteria	Firmicutes	Clostridia	Monoglobales	Monoglobaceae	Monoglobus	
c4d474f39ba145c2d5c2077d7347cb22	Bacteria	Actinobacteriota	Actinobacteria	Bifidobacteriales	Bifidobacteriaceae	Gardnerella	Gardnerella vaginalis
ad83c0dd1210b331571894b1e0358449	Bacteria	Firmicutes	Bacilli	Lactobacillales	Streptococcaceae	Streptococcus	Streptococcus thermophilus
a0a1374ae018983a7f0c5f9d8de40638	Bacteria	Proteobacteria	Gammaproteobacteria	Enterobacterales	Enterobacteriaceae	Citrobacter	Citrobacter freundii
fd5d3d191a334c48af5388e1aebdf0d3	Bacteria	Firmicutes	Bacilli	Lactobacillales	Streptococcaceae	Streptococcus	Streptococcus anginosus
f6a0b49849741b5818cb3bb43d382bac	Bacteria	Actinobacteriota	Coriobacteriia	Coriobacteriales	Atopobiaceae	Fannyhessea	Fannyhessea vaginae
247262465ae9649d9cac57346808b97b	Bacteria	Proteobacteria	Alphaproteobacteria	Rickettsiales	Mitochondria	Mitochondria	
78426d5d0429f37ac9a998c80f7aacab	Bacteria	Firmicutes	Bacilli	Mycoplasmatales	Mycoplasmataceae	Ureaplasma	Ureaplasma parvum
0d6aa558a6aac8ef1009c2d38289cdfe	Bacteria	Firmicutes	Clostridia	Oscillospirales	Hungateiclostridiaceae	Fastidiosipila	
31523563b94f138bb15ed61b41a46fd6	Bacteria	Proteobacteria	Gammaproteobacteria	Enterobacterales	Enterobacteriaceae	Citrobacter	Citrobacter freundii
0418edee67347a7c4022927bb810e668	Bacteria	Proteobacteria	Alphaproteobacteria	Rickettsiales	Mitochondria	Mitochondria	
3f27bb6bc1aaefcae75f8b2af86316c6	Bacteria	Proteobacteria	Gammaproteobacteria	Enterobacterales			
7c435146180390b67a87bb81dcf08cb5	Bacteria	Firmicutes	Clostridia	Lachnospirales	Lachnospiraceae	Blautia A	Blautia A sp900541345
c5633981c707f74b3a7550307c54dfd9							
7c4d78afd0d86bd02661d6373842e870	Bacteria	Firmicutes	Bacilli	Lactobacillales	Enterococcaceae	Enterococcus	Enterococcus faecalis
452d976be6cc13086ff9ac2bb728cbdd							
8e07a930729d33bdc4704eece14e52e0	Bacteria	Firmicutes	Bacilli	Lactobacillales	Lactobacillaceae	Limosilactobacillus	Limosilactobacillus reuteri
79d7c6a38c3324a8530b3de6c7c45805	Bacteria	Proteobacteria	Alphaproteobacteria	Rickettsiales	Mitochondria	Mitochondria	
86a2cced29c794cd946d3f2c685b64c4	Bacteria	Actinobacteriota	Coriobacteriia	Coriobacteriales	Atopobiaceae	Fannyhessea	Fannyhessea vaginae
2767029bcba4fff08589ebfa29f60b34	Bacteria	Firmicutes	Clostridia	Peptostreptococcales-Tissierellales	Peptostreptococcaceae	Peptostreptococcus	Peptostreptococcus sp000758885
e8fdd4a8a7b6236f26db6551014d344a	Bacteria	Firmicutes	Clostridia	Lachnospirales	Lachnospiraceae	Anaerobutyricum	Anaerobutyricum soehngenii
4bcb84ae92783fe0b82cb21b16b3daa7	Bacteria	Firmicutes	Bacilli	Mycoplasmatales	Mycoplasmataceae	Ureaplasma	Ureaplasma parvum
10d07f8c1ac3ca987c212ca51396d38f	Bacteria	Firmicutes	Clostridia	Oscillospirales	Ruminococcaceae	[Eubacterium]_siraeum_group	
009160bfde60715772e504df6b7b4d40							
af7c6bf0e46dd165d4442ec7665ea805	Bacteria	Proteobacteria	Gammaproteobacteria	Enterobacterales	Enterobacteriaceae	Citrobacter	Citrobacter freundii
fb1c05d519ff2229b38b0907801fb44c	Bacteria	Bacteroidota	Bacteroidia	Bacteroidales	Prevotellaceae	Prevotella	Prevotella bivia
a6d5dfbb5da294cf6fd1b7c294ef0820	Bacteria	Bacteroidota	Bacteroidia	Bacteroidales	Muribaculaceae	Muribaculaceae	
f08ae9710c71a56bc0f7776637443e05	Bacteria	Actinobacteriota	Actinobacteria	Actinomycetales	Actinomycetaceae	Arcanobacterium A	Arcanobacterium A urinimassiliense
b33a1a4ff08f20ea44c9979aa52a592e	Bacteria	Bacteroidota	Bacteroidia	Bacteroidales	Prevotellaceae	Prevotella	Prevotella corporis
135ec679eb68168b0e60b8dbd9f7bbf6	Bacteria	Firmicutes	Clostridia	Oscillospirales	Ruminococcaceae	Ruminococcus	
c58822b9885c431c9aefa78871bd8a55	Bacteria	Firmicutes	Clostridia	Oscillospirales	Ruminococcaceae	Ruminococcus	
e9f99ca3c10b0ed54172d740e8e39f98	Bacteria	Proteobacteria	Gammaproteobacteria	Enterobacterales	Enterobacteriaceae	Citrobacter	Citrobacter freundii
db04edf00048cd9c77e2c8aa81d9d8d6	Bacteria	Actinobacteriota	Actinobacteria	Corynebacteriales	Corynebacteriaceae	Corynebacterium	Corynebacterium pyruviciproducens
4c51de2a208307e6e6e3b8e4c2d1470a	Bacteria	Bacteroidota	Bacteroidia	Bacteroidales	Prevotellaceae	Prevotella_7	
f9e3bbddf0c277091c33c3aac56f02d2	Bacteria	Actinobacteriota	Actinobacteria	Corynebacteriales	Corynebacteriaceae	Corynebacterium	Corynebacterium sp001807485
602a67ebe99f5562ea03337a0c2a39b5	Bacteria	Bacteroidota	Bacteroidia	Bacteroidales	Bacteroidaceae	Bacteroides	
20bdcad8cd5aea50d739bf8d802e2ecb	Bacteria	Firmicutes	Bacilli	Lactobacillales	Lactobacillaceae	Ligilactobacillus	
4a8a9f963e44bf08225fa5690c51fce9	Bacteria	Firmicutes	Clostridia	Lachnospirales	Lachnospiraceae	Bariatricus	Bariatricus comes
2866023cb954b05059c687df27bd65cb	Bacteria						
596104c8a50cb9f36c0de631d31d9ab9	Bacteria	Firmicutes	Clostridia	Peptostreptococcales-Tissierellales	Family_XI	Peptoniphilus	Peptoniphilus sp000478985
43350a055f95d6f749c786d36f26c0d3	Bacteria	Firmicutes	Bacilli	Lactobacillales	Lactobacillaceae	Lactobacillus	Lactobacillus delbrueckii
0b311fd10d1a4071f1c20a67adaa55ac	Bacteria	Bacteroidota	Bacteroidia	Bacteroidales	Prevotellaceae	Prevotella	Prevotella copri
ca2c80957c045fc275f4562c335fd869	Bacteria	Proteobacteria	Gammaproteobacteria	Pseudomonadales	Moraxellaceae	Acinetobacter	
170089c0ec759a8c920a940d80debbae	Bacteria	Proteobacteria	Gammaproteobacteria	Enterobacterales	Enterobacteriaceae	Citrobacter	Citrobacter freundii
6cb2ce16b57b18b6abb20e033ac6f41b	Bacteria	Bacteroidota	Bacteroidia	Bacteroidales	Bacteroidaceae	Bacteroides	
4c13398eb232ac1e58d58f23922f7a00							
7c26ca1983429d9498096f4514b42e50	Bacteria	Firmicutes	Clostridia	Lachnospirales	Lachnospiraceae	Blautia A	Blautia A luti
1a295a0c5ff32e881203429e3fcdbafc	Bacteria	Firmicutes	Bacilli	Lactobacillales	Enterococcaceae	Enterococcus	Enterococcus faecalis
76992e32918d278066ac37a569a65a34							
c9e58068741189f5a1474f80c0325971	Bacteria	Proteobacteria	Alphaproteobacteria	Rickettsiales	Mitochondria	Mitochondria	
82b85263c8200115da4f1de56abc17b8	Bacteria	Firmicutes	Bacilli	Lactobacillales	Lactobacillaceae	Lacticaseibacillus	Lacticaseibacillus rhamnosus
83a5381789d9b36ee36d3a312617f938	Bacteria	Firmicutes	Clostridia	Oscillospirales	Ruminococcaceae	CAG-352	
a560e7379ec586e5ace9fe8d63f50ca9	Bacteria	Firmicutes	Bacilli	Lactobacillales	Aerococcaceae	Aerococcus	Aerococcus christensenii
9184d1660db70b6b4925787cf9c67572	Bacteria	Firmicutes	Bacilli	Lactobacillales	Enterococcaceae	Enterococcus	Enterococcus faecalis
ad9a6343a04a31c1ec53dfd69875c5f0	Bacteria	Firmicutes	Clostridia	Lachnospirales	Lachnospiraceae	Lachnospiraceae_ND3007_group	
76fc4961fc0d03b98855a86cb4a76a05	Bacteria	Firmicutes	Clostridia	Lachnospirales	Lachnospiraceae	Lachnospira	Lachnospira eligens A
291d9b8b2a9f1c96e455357a09cc9635	Bacteria	Firmicutes	Clostridia	Peptostreptococcales-Tissierellales	Family_XI	Mediannikoviicoccus	Mediannikoviicoccus vaginalis
2c0df87c66a8c4050a4a1df88e5e3256							
8d3ce86924a7e5dd5fca3090c3b0475a	Bacteria	Bacteroidota	Bacteroidia	Bacteroidales	Prevotellaceae	Prevotellaceae_NK3B31_group	
02e0e7cf8aa8041880c82e640ed3c14e	Bacteria	Bacteroidota	Bacteroidia	Bacteroidales	Marinifilaceae	Odoribacter	
154741a52d5412be964f4499c769204e	Bacteria	Bacteroidota	Bacteroidia	Bacteroidales	Prevotellaceae	Prevotella_9	
1558f1117b9c01d12215895542cea3b5	Bacteria	Proteobacteria	Gammaproteobacteria	Enterobacterales	Enterobacteriaceae	Citrobacter	Citrobacter freundii
f051228390fe2473989638e6788cb66d	Bacteria	Bacteroidota	Bacteroidia	Bacteroidales		Porphyromonas	Porphyromonas sp001552775
d171b8b96d7ff4a8aa266d4ed8506d3a	Bacteria	Proteobacteria	Gammaproteobacteria	Enterobacterales	Enterobacteriaceae	Citrobacter	Citrobacter freundii
4e4f3c92cb0713148daab3e047a7ee36							
f7df4f142a09e6d688fbf2e5a93cef26	Bacteria						
07dbff348e287cd8fa38a9366ae15cbc	Bacteria	Firmicutes	Clostridia	Oscillospirales	Ruminococcaceae	Ruminococcus	
9e0eb6fb39aa7ba040f10c8aa416a136	Bacteria	Firmicutes	Clostridia	Oscillospirales	Oscillospiraceae	UCG-002	
367a612ac4463dc536f75462b8178f0c							
aea9d4660cd294050495c44d5f25bf80	Bacteria	Actinobacteriota	Actinobacteria	Bifidobacteriales	Bifidobacteriaceae	Bifidobacterium	Bifidobacterium breve
134ff49101270416ee323cf861e8d3f1	Bacteria						
e1c3db1c752c38e321b78f0336efeda6	Bacteria	Bacteroidota	Bacteroidia	Bacteroidales	Bacteroidaceae	Bacteroides	
26125b38a3e1b9461315ff1b611466fe	Bacteria	Bacteroidota	Bacteroidia	Bacteroidales	Porphyromonadaceae	Porphyromonas	
392a676acb2642e9c29a21884bf95d7f	Bacteria	Bacteroidota	Bacteroidia	Bacteroidales	Prevotellaceae	Prevotella	Prevotella copri
ef1d5ec333b62abaeff6d1e497f00f21							
256c15d3eae7d08540763524d7bfafb1	Bacteria	Bacteroidota	Bacteroidia	Bacteroidales	Prevotellaceae	Prevotella_7	
90a874495937c623bbb15690bf9d47e6	Bacteria	Firmicutes	Clostridia	Lachnospirales	Lachnospiraceae	Dorea B	Dorea B phocaeensis
1f638358b834a94a1265f22fd0edc06a	Bacteria	Proteobacteria	Gammaproteobacteria	Burkholderiales	Sutterellaceae	Parasutterella	
84e1e870c009b2b9aa334c0527068206	Bacteria	Actinobacteriota	Actinobacteria	Propionibacteriales	Propionibacteriaceae	Propionimicrobium	Propionimicrobium lymphophilum
d4535a084421c28e38562926571e17bf	Bacteria	Firmicutes	Clostridia	Lachnospirales	Lachnospiraceae	Lachnospira	Lachnospira rogosae
31461defdd7fd939813f6590f7a1f9c7	Bacteria						
bb37db43a4cba4e7297f7ea91a9c16c9	Bacteria	Proteobacteria	Gammaproteobacteria	Enterobacterales	Enterobacteriaceae	Klebsiella	Klebsiella pneumoniae
650a29d4b8499dac4623cc3ae6a2a66f	Bacteria						
9c5c77a1c21e061a5c049aa2bfa64270	Bacteria						
fc77175dcba363ce40345df42d98e0c8	Bacteria	Actinobacteriota	Actinobacteria	Actinomycetales	Actinomycetaceae	Gleimia	Gleimia europaea A
783d5459b7b42bd4d7a2ac1d434949b2	Bacteria	Firmicutes	Bacilli	Lactobacillales	Streptococcaceae	Streptococcus	Streptococcus xiaochunlingii
c50caa282c30ea14b39774e2d50ac633	Bacteria	Proteobacteria	Gammaproteobacteria	Enterobacterales	Enterobacteriaceae	Klebsiella	Klebsiella michiganensis
7d65b0e53bfa66ba49ff5a6010d6b624							
d3968b4cf861d67c0cffb852bbf737c4	Bacteria	Fusobacteriota	Fusobacteriia	Fusobacteriales	Fusobacteriaceae	Fusobacterium	
d1747f02821e8bc9f3245277c67363fe	Bacteria	Bacteroidota	Bacteroidia	Bacteroidales		Porphyromonas	Porphyromonas sp001552775
8237559056c8e7c273a40470f9283de6	Bacteria	Firmicutes	Clostridia	Lachnospirales	Lachnospiraceae	Agathobacter	Agathobacter sp900543445
6a2fcffbf90a83318c096118f1a5bf97	Bacteria	Bacteroidota	Bacteroidia	Bacteroidales	Prevotellaceae	Prevotella	Prevotella copri
379c000a5ab2dba53872fe340b7edad7	Bacteria	Bacteroidota	Bacteroidia	Bacteroidales	Bacteroidaceae	Bacteroides	Bacteroides uniformis
c1315987d3e1bb51e80cd43716ebfb60	Bacteria	Firmicutes	Clostridia	Lachnospirales	Lachnospiraceae	Anaerostipes	Anaerostipes hadrus
096e693716ee1b2035941b35c5a73150	Bacteria	Actinobacteriota	Actinobacteria	Corynebacteriales	Corynebacteriaceae	Corynebacterium	Corynebacterium sp001767255
8ff4191c9d97d662ea9c324c422da08c							
143ff21ad6aaff37be2dd2af2c1727a7	Bacteria	Firmicutes	Bacilli	Lactobacillales	Lactobacillaceae	Leuconostoc	
d4b4dc2830e02e11999b68e03d36f0c5	Bacteria	Firmicutes	Bacilli	Lactobacillales	Carnobacteriaceae	Dolosigranulum	Dolosigranulum pigrum
2fb5feff4b3767e9fc2df99f026743ee	Bacteria	Firmicutes	Clostridia	Clostridia_UCG-014	Clostridia_UCG-014	Clostridia_UCG-014	
218e46aa61402e49b41bf368ecb83289	Bacteria	Bacteroidota	Bacteroidia	Bacteroidales	Prevotellaceae	Prevotella	Prevotella copri
5a900a765c77559e6002091389b42f73	Bacteria	Actinobacteriota	Actinobacteria	Actinomycetales	Actinomycetaceae	Mobiluncus	Mobiluncus curtisii
45c5edd51be1ecc155c9f12c0374f5b2	Bacteria	Firmicutes	Clostridia	Lachnospirales	Lachnospiraceae	Dorea	Dorea formicigenerans
5eaf7015f66ed3aa45dce98228301684	Bacteria	Proteobacteria	Gammaproteobacteria	Pseudomonadales	Pseudomonadaceae	Pseudomonas	
3960f0864976f7a79ea638566f628084	Bacteria	Proteobacteria	Gammaproteobacteria	Burkholderiales	Sutterellaceae	Sutterella	
1d96fb64b539a3967e5d667393072e50	Bacteria	Proteobacteria	Gammaproteobacteria	Pseudomonadales	Moraxellaceae	Acinetobacter	
0b76c0de45ebe2ad7502a0a5546699ca	Bacteria	Firmicutes	Clostridia	Lachnospirales	Lachnospiraceae	Coprococcus	Coprococcus eutactus A
0e00b42c58d091fe15f24982e4c1bdff	Bacteria	Proteobacteria	Alphaproteobacteria	Rickettsiales	Mitochondria	Mitochondria	
29b80ccf782b1720b8c9e2cf88ccbae3	Bacteria	Proteobacteria	Alphaproteobacteria	Rickettsiales	Mitochondria	Mitochondria	
4d7fd348c7362387f1734c9168549b01							
6b93870eab8dbc35ab0f969e89ec0df4	Bacteria	Bacteroidota	Bacteroidia	Bacteroidales	Tannerellaceae	Parabacteroides	
28f7cbdffa30072435c93e7521b8e529	Bacteria	Proteobacteria	Alphaproteobacteria	Rickettsiales	Mitochondria	Mitochondria	
f9d526f3b94a27d5de909e1564f0856f							
a4d98ca36dc66a0161e195b9a625b708	Bacteria	Firmicutes	Clostridia	Lachnospirales	Lachnospiraceae	Roseburia	Roseburia inulinivorans
21894ae1f613550531a17f8c1e96b9ae	Bacteria	Firmicutes	Clostridia	Peptostreptococcales-Tissierellales	Family_XI	KA00134	KA00134 sp001574395
3536f8ab3756173438fa60fd5d45f138	Bacteria	Proteobacteria	Gammaproteobacteria	Enterobacterales	Enterobacteriaceae	Klebsiella	Klebsiella michiganensis
6ff16c53b14f4e4259733d82dc4a1286	Bacteria	Firmicutes	Clostridia	Oscillospirales	Ruminococcaceae	Incertae_Sedis	
aaa905ae373653b76a3ae53d6574c414							
de9a491624d3de163066d0ea1aa7e66a	Bacteria	Proteobacteria	Alphaproteobacteria	Rickettsiales	Mitochondria	Mitochondria	
70f82799f9fd1df883846b9fc02045df	Bacteria	Proteobacteria	Gammaproteobacteria	Enterobacterales	Pasteurellaceae	Haemophilus	
e746c08bfd4cdccae9fd712de81b49e6	Bacteria	Actinobacteriota	Actinobacteria	Micrococcales	Micrococcaceae	Rothia	Rothia mucilaginosa
74bf5d67ecb55f026a56b97173786beb	Bacteria	Proteobacteria	Gammaproteobacteria	Pseudomonadales	Pseudomonadaceae	Pseudomonas	
b4ec6ca9ae558d467b9d324cc300e0d5	Bacteria	Proteobacteria	Alphaproteobacteria	Rickettsiales	Mitochondria	Mitochondria	
f0f36f6803ab21415d9fba8982899381	Bacteria						
e48114d593af91b1e8c98680b297f335	Bacteria	Proteobacteria	Alphaproteobacteria	Rickettsiales	Mitochondria	Mitochondria	
63d630a2e0128ade18b4ddb1adc520cc	Bacteria	Proteobacteria	Alphaproteobacteria	Rickettsiales	Mitochondria	Mitochondria	
5d29f47a066decd938086f330a15fdce	Bacteria	Actinobacteriota	Actinobacteria	Actinomycetales	Actinomycetaceae	Mobiluncus	Mobiluncus mulieris
c072501f385a13eb5571976000188c72	Bacteria	Actinobacteriota	Actinobacteria	Propionibacteriales	Propionibacteriaceae	Cutibacterium	Cutibacterium acnes
715189b76001589ffa106a08e1dff81a	Bacteria	Fusobacteriota	Fusobacteriia	Fusobacteriales	Fusobacteriaceae	Fusobacterium	Fusobacterium animalis
bd323ae18c05ef24ddf56667c04faecd	Bacteria	Proteobacteria	Alphaproteobacteria	Rhizobiales	Beijerinckiaceae	Methylobacterium-Methylorubrum	
a3db044b343b6fd5f845f6d185ed6cc5	Bacteria	Actinobacteriota	Coriobacteriia	Coriobacteriales	Eggerthellaceae	Berryella	Berryella sp001552935
1f965df10b41fee8dfd905dafc8ccab0	Bacteria	Bacteroidota	Bacteroidia	Bacteroidales	Bacteroidaceae	Bacteroides	Bacteroides uniformis
f1d10bfa443393cfe67263894c84e566	Bacteria	Firmicutes	Clostridia	Lachnospirales	Lachnospiraceae		
babb2ebb5ca6d5b569dbcd2b4b628198	Bacteria	Firmicutes	Bacilli	Lactobacillales	Lactobacillaceae	Weissella	
8cf144d1a2cb9b742b5e647ae3937887	Bacteria	Firmicutes	Clostridia	Oscillospirales	[Eubacterium]_coprostanoligenes_group	[Eubacterium]_coprostanoligenes_group	
ca389653fb3be515382b9b81248b977c	Bacteria	Actinobacteriota	Actinobacteria	Corynebacteriales	Corynebacteriaceae	Corynebacterium	Corynebacterium aurimucosum
eff048d6f4719b1c26ff557a24d1d47f	Bacteria	Bacteroidota	Bacteroidia	Bacteroidales	Bacteroidaceae	Bacteroides	
b37d1cee7682158cd22a6a5a8409823f	Bacteria	Bacteroidota	Bacteroidia	Bacteroidales	Tannerellaceae	Parabacteroides	
036ca3fa03f8d93a402ced6240a337fe	Bacteria	Firmicutes	Clostridia	Oscillospirales	Oscillospiraceae	UCG-002	
d0d71323b9dd35b87d972d7332c7828d	Bacteria	Firmicutes	Clostridia	Oscillospirales	Ruminococcaceae	Ruminococcus	
a0d51ed57f49a0f02e83d35c1059a28f	Bacteria	Proteobacteria	Alphaproteobacteria	Rhizobiales	Rhizobiaceae	Pseudochrobactrum	
6cd95b93fa874191c394f2a5fce0c6d1	Bacteria	Synergistota	Synergistia	Synergistales	Synergistaceae	Cloacibacillus	
e27e94d3ea69d387ccd54bf6164d951c	Bacteria	Firmicutes	Clostridia	Oscillospirales	Ruminococcaceae	Ruminococcus	
0c6d27506430b0ef664ffaecf6041784	Bacteria	Firmicutes	Clostridia	Peptostreptococcales-Tissierellales	Family_XI	Anaerococcus	Anaerococcus sp900232825
7ddecdc9fd8a5501aaa7e766581fc234							
c32ce52602602053dcc40a74016b202b	Bacteria	Proteobacteria	Alphaproteobacteria	Rickettsiales	Mitochondria	Mitochondria	
2c6e06dd2913f61c4ac39b16e2242937	Bacteria	Firmicutes	Clostridia	Peptostreptococcales-Tissierellales	Family_XI	Anaerococcus	Anaerococcus senegalensis
00eafe6a22e1f89ec47db6d18e643a8b	Bacteria						
5e8163d8758798eb3c69d8e6459ef8d0	Bacteria	Proteobacteria	Alphaproteobacteria	Rickettsiales	Mitochondria	Mitochondria	
4a9c2185bd34de0341e553e809168bfb							
ef87c526c7d4b2a1825464230c8613b0							
cd4f5864f8d072b3c3c59625443efeb4							
c18030275d6e614264ed1e218e8d0a29	Bacteria	Bacteroidota	Bacteroidia	Bacteroidales	Prevotellaceae	Prevotella	Prevotella timonensis
d16f37825a82e61e234bb3e9c6b4ef3e	Bacteria	Proteobacteria	Alphaproteobacteria	Rickettsiales	Mitochondria	Mitochondria	
c3436e502fafd7522879e2f7a03fc017	Bacteria	Proteobacteria	Alphaproteobacteria	Rickettsiales	Mitochondria	Mitochondria	
c04acb9d05c4894f093095695a377e46	Bacteria	Bacteroidota	Bacteroidia	Bacteroidales	Prevotellaceae	Prevotella	Prevotella bergensis
d4e943117d2a643edade820913a255f4	Bacteria	Proteobacteria	Alphaproteobacteria	Rickettsiales	Mitochondria	Mitochondria	
3abf10c0fb708bc94c3ea4dd299e0970	Bacteria	Bacteroidota	Bacteroidia	Bacteroidales	Prevotellaceae	Prevotella	Prevotella copri
9a3f07ea49c482c07fde7d0310e9b726	Bacteria						
18fed6e2ac6209143110497142b9635d	Bacteria	Firmicutes	Bacilli	Mycoplasmatales	Mycoplasmataceae	Metamycoplasma	Metamycoplasma hominis
793f8147dc1b95b12a979d56f9af09e8	Bacteria	Firmicutes	Clostridia	Peptostreptococcales-Tissierellales	Family_XI	Anaerococcus	
7d63ce2a3db0f40a88b320c9425290b1	Bacteria	Bacteroidota	Bacteroidia	Bacteroidales	Bacteroidaceae	Bacteroides	
715d62eee33583e65e47a4ab721248dd	Bacteria	Firmicutes	Clostridia	Lachnospirales	Lachnospiraceae	Acetatifactor	Acetatifactor sp900066565
3c4606ea6d1a5c7fda78db4ed7e79299	Bacteria	Proteobacteria	Gammaproteobacteria	Enterobacterales	Enterobacteriaceae		
6a8e34c34c852052fbb2ef47f31923cf	Bacteria	Actinobacteriota	Actinobacteria	Bifidobacteriales	Bifidobacteriaceae	Bifidobacterium	Bifidobacterium angulatum
8e73fe2c2d465181a6eaa918eeb86657							
3976eece14c9b1d9ea15f8e92e8fd657	Bacteria	Proteobacteria	Alphaproteobacteria	Rickettsiales	Mitochondria	Mitochondria	
67f5482dc6bdfdb3488026668feda370	Bacteria	Firmicutes	Bacilli	Lactobacillales	Enterococcaceae	Enterococcus	Enterococcus faecalis
0ec560dddb8926df6e8219674207cde2	Bacteria	Fusobacteriota	Fusobacteriia	Fusobacteriales	Fusobacteriaceae	Fusobacterium	
5fd809f0a152d245084f578cefe62ebe	Bacteria	Firmicutes	Bacilli	Lactobacillales	Streptococcaceae	Streptococcus	Streptococcus xiaochunlingii
f8f253b324116a3282775ef3890e5be3	Bacteria	Bacteroidota	Bacteroidia	Bacteroidales	Bacteroidaceae	Bacteroides	
312b27adccfe6970b70ba86a0cee12b8	Bacteria	Bacteroidota	Bacteroidia	Bacteroidales	Bacteroidaceae	Bacteroides	
4c39bb6012cde7f0f6b287f0cf6faba1	Bacteria	Bacteroidota	Bacteroidia	Bacteroidales	Tannerellaceae	Parabacteroides	
5f370ac909321e883adcb4799b534ce9	Bacteria	Firmicutes	Clostridia	Oscillospirales	Oscillospiraceae	UCG-005	
9c7e0272d2e684c96ed30e567dae6c71	Bacteria	Bacteroidota	Bacteroidia	Bacteroidales	Bacteroidaceae	Bacteroides	
2ab4f5f5da3c1adc293d7d4cce0c642f	Bacteria	Proteobacteria	Gammaproteobacteria	Enterobacterales	Morganellaceae	Providencia	
9f0c386ae5ed1e8a4cf60627eaef9738	Bacteria	Firmicutes	Clostridia	Oscillospirales	Oscillospiraceae	UCG-002	
e64e2be59eb7a2b1bae20c32a45aebb9	Bacteria	Proteobacteria	Alphaproteobacteria	Rickettsiales	Mitochondria	Mitochondria	
173ae448654ca5335227d3b8525c15a4	Bacteria	Bacteroidota	Bacteroidia	Bacteroidales	Bacteroidaceae	Bacteroides	
c077ac129ab114ca70a368e9c02d5390	Bacteria	Firmicutes	Clostridia	Christensenellales	Christensenellaceae	Ventricola	Ventricola sp900542395
f83b1195dba1f41c5981ef6ac1d5424d	Bacteria	Bacteroidota	Bacteroidia	Bacteroidales	Prevotellaceae	Prevotella	Prevotella copri B
09126d58063b8277a04ee3aac810b8cb	Bacteria	Firmicutes	Negativicutes	Veillonellales-Selenomonadales	Veillonellaceae	Dialister	Dialister sp001553355
12e6756b1c5e3da4523009fe3469dbe1							
e55facadcb013fe97056a45d01a1ebe9							
17945b9805982ef642a391911fc4227b	Bacteria	Firmicutes	Clostridia	Lachnospirales	Lachnospiraceae	Blautia	Blautia coccoides
1da13f2594e36b00c4be8f84b1e2f084	Bacteria	Proteobacteria	Alphaproteobacteria	Rickettsiales	Mitochondria	Mitochondria	
98df39b2029c0db5392ae81283c2cbec							
b8420c2e11cc062fd99e1155ddddb171	Bacteria	Firmicutes	Clostridia	Oscillospirales	Ruminococcaceae	Subdoligranulum	
dfbfb19eaec2a395e5ae5ba55ebc5150	Bacteria	Firmicutes	Bacilli	Lactobacillales	Streptococcaceae	Streptococcus	Streptococcus anginosus
63c21faf02f636d4db33eb0cd9578cc8	Bacteria	Firmicutes	Clostridia	Lachnospirales	Lachnospiraceae	Eisenbergiella	Eisenbergiella sp900066775
2c52e7cfa27ed3cc71a00e128eb979ad							
74c51c97def2a267859891084f4615cf	Bacteria	Actinobacteriota	Actinobacteria	Bifidobacteriales	Bifidobacteriaceae	Bifidobacterium	
7e0ee986a31426afc6d9b040f73a0d0e	Bacteria	Firmicutes	Clostridia	Oscillospirales	Oscillospiraceae	Intestinimonas	
d4da6685892b8a3eed06ec63a629cd0b	Bacteria	Proteobacteria	Gammaproteobacteria	Enterobacterales	Enterobacteriaceae	Citrobacter	Citrobacter freundii
14d30b85f6c5f64a0f07964095bc6034	Bacteria	Firmicutes	Clostridia	Peptostreptococcales-Tissierellales	Peptostreptococcaceae	Intestinibacter	
a2402b780a189bd3b4f4306c292e3853							
8d91c9aa2880d213b0f8aa6b7d8b75d0	Bacteria	Bacteroidota	Bacteroidia	Bacteroidales	Prevotellaceae	Prevotella	Prevotella copri B
5775c9f866bdb5cb314c7296e2456a83							
713259007cda990fd0aaca19a76bdbbd	Bacteria	Proteobacteria	Alphaproteobacteria	Rickettsiales	Mitochondria	Mitochondria	
c559f8fc17fd583c468b33f5adc58c71	Bacteria						
dca88fe930cb2f7e2222136e929cbad3	Bacteria	Proteobacteria	Alphaproteobacteria	Rickettsiales	Mitochondria	Mitochondria	
773663d4e0bb7ce224266a6c20376556							
876ec680235f3ab61952380b058f9259	Bacteria	Firmicutes	Bacilli	Lactobacillales	Lactobacillaceae	Lactobacillus	Lactobacillus iners
88019e307023afea93c38f4fbe63a07e	Bacteria	Actinobacteriota	Actinobacteria	Propionibacteriales	Propionibacteriaceae	Arachnia	Arachnia timonensis
7dcfb03c18299d1086a4fc4dbc53084a	Bacteria	Firmicutes	Clostridia	Peptostreptococcales-Tissierellales	Family_XI	Neofamilia	Neofamilia massiliensis
80a5d36a94fc661a8c90cb7b2909afe9	Bacteria	Proteobacteria	Alphaproteobacteria	Rickettsiales	Mitochondria	Mitochondria	
29794a6fc88b6eb807e873b2526af135	Bacteria						
649a28ecc53be94bc2b9e867c66feb58	Bacteria						
294f10362a533a1f02e2c635247e99c9	Bacteria	Firmicutes	Bacilli	Staphylococcales	Gemellaceae	Gemella	Gemella asaccharolytica
94de5fec33bdfa9dbf8978bffb20af1c	Bacteria	Firmicutes	Clostridia	Lachnospirales	Lachnospiraceae	Anaerostipes	Anaerostipes hadrus
88b29218e2c5d84df9a59ae2d1aff494	Bacteria	Firmicutes	Clostridia	Lachnospirales	Lachnospiraceae	Hungatella	Hungatella effluvii
1f0d9b223dfff09582017b4ffe061e3e	Bacteria	Proteobacteria	Alphaproteobacteria	Rickettsiales	Mitochondria	Mitochondria	
deadbfa988f7abf26b5486ebb327015e							
95114a4a71b5b20e70db6a6dc5158073	Bacteria	Proteobacteria	Alphaproteobacteria	Rickettsiales	Mitochondria	Mitochondria	
2cacf357b689684d68a65b90e46d4bff	Bacteria	Bacteroidota	Bacteroidia	Bacteroidales	Barnesiellaceae	Barnesiella	Barnesiella intestinihominis
df36bf0ef99792a2b0fda4f4758c7877	Bacteria	Bacteroidota	Bacteroidia	Bacteroidales	Bacteroidaceae	Bacteroides	
61f1f63225aef2e48da88459e5687c02	Bacteria	Firmicutes	Clostridia	Oscillospirales	Ruminococcaceae	Ruminococcus	
c76428ead0e70b436472d06a91afc033							
28a63622f6034ad7d25ab6225f5cf243	Bacteria	Bacteroidota	Bacteroidia	Bacteroidales	Rikenellaceae	Alistipes	
d0ccf02387f82701f1791a18370fa592	Bacteria	Firmicutes	Negativicutes	Veillonellales-Selenomonadales	Veillonellaceae	Megasphaera	
0f9d692744f7e258008659564f8695f7	Bacteria	Firmicutes	Negativicutes	Acidaminococcales	Acidaminococcaceae	Phascolarctobacterium	
50bae51fe971fedea407494d07b1c199	Bacteria	Firmicutes	Clostridia	Peptostreptococcales-Tissierellales	Family_XI	Anaerococcus	Anaerococcus vaginimassiliensis
7df5cbcb58e6cb3729136bd55fce43be	Bacteria	Firmicutes	Clostridia	Lachnospirales	Lachnospiraceae	Muricomes	Muricomes fissicatena A
818ab6f6eff57e431e838337b5c7771b	Bacteria	Firmicutes	Negativicutes	Veillonellales-Selenomonadales	Veillonellaceae	Dialister	Dialister sp001553355
58a18efacf07c16bab48f5edf61fad1e	Bacteria	Proteobacteria	Gammaproteobacteria	Burkholderiales	Comamonadaceae	Delftia	
994cfb9798edc6c0cba10804dc819b5e	Bacteria	Firmicutes	Clostridia	Oscillospirales	Hungateiclostridiaceae	Fastidiosipila	
c0dab835cd1c4993cbeffe86933c9a46	Bacteria	Firmicutes	Clostridia	Lachnospirales	Lachnospiraceae	Enterocloster	Enterocloster citroniae
afe22174d13d71da1282c420dd8aabc0	Bacteria	Bacteroidota	Bacteroidia	Bacteroidales	Rikenellaceae	Alistipes	
41a7562b262780a3214fce5e560d1c92	Bacteria	Firmicutes	Clostridia	Peptostreptococcales-Tissierellales	Family_XI	Anaerococcus	Anaerococcus vaginalis
895f8e0a71532ff57351f87d61b85b43	Bacteria	Proteobacteria	Gammaproteobacteria	Pseudomonadales	Moraxellaceae	Acinetobacter	
0c914070c5d2741b683209991a7b2126	Bacteria	Proteobacteria	Alphaproteobacteria	Rickettsiales	Mitochondria	Mitochondria	
edc4e8eafafd65953bfcdf3f12d9b6da	Bacteria	Actinobacteriota	Actinobacteria	Actinomycetales	Actinomycetaceae	Mobiluncus	Mobiluncus mulieris
68de930c9d90a24cbed61877c525ad1f	Bacteria	Firmicutes	Clostridia	Oscillospirales	Oscillospiraceae	UCG-002	
3fb10dc293d66f21b97015519cc3ca11	Bacteria	Firmicutes	Negativicutes	Acidaminococcales	Acidaminococcaceae	Phascolarctobacterium	
bf300ae90537598f853dd8f9dd620180	Bacteria	Verrucomicrobiota	Verrucomicrobiae	Verrucomicrobiales	Akkermansiaceae	Acetatifactor	Acetatifactor intestinalis
63f439abe84686b9f8de9c664d302e13	Bacteria						
648b3772825e40058ace2289d9725dc9	Bacteria	Bacteroidota	Bacteroidia	Bacteroidales	Barnesiellaceae	Barnesiella	Barnesiella intestinihominis
0d582cf78b11765be84286d1f16538a5	Bacteria	Proteobacteria	Alphaproteobacteria	Rickettsiales	Mitochondria	Mitochondria	
d712a01824f7226596f5a8021a435265	Bacteria	Fusobacteriota	Fusobacteriia	Fusobacteriales	Fusobacteriaceae	Fusobacterium	
f11fbcc798cd5c88efede341208e8071							
9d75510a06adcb95b4b5824e1b991e8a	Bacteria	Proteobacteria	Alphaproteobacteria	Rickettsiales	Mitochondria	Mitochondria	
f81d927db0dc2e9759649086e08a5d1a	Bacteria						
3a648ea7b6b699f80c6641d81e4c727f	Bacteria						
5b73624389bdeefe2e60939ff943220f	Bacteria	Actinobacteriota	Coriobacteriia	Coriobacteriales	Eggerthellaceae		
6bfa08fd03570943038da6dc2820942c	Bacteria	Firmicutes	Bacilli	Lactobacillales	Enterococcaceae	Enterococcus	Enterococcus faecalis
396ed7863d0826f8474f57835c66e56a	Bacteria	Proteobacteria	Alphaproteobacteria	Rickettsiales	Mitochondria	Mitochondria	
e1481236cfd7f904a27a92e7ee8aef30	Bacteria	Proteobacteria	Gammaproteobacteria	Enterobacterales	Enterobacteriaceae	Klebsiella	Klebsiella michiganensis
df578dba2ba697a6e36fa458d2103b1b	Bacteria	Firmicutes	Clostridia	Lachnospirales	Lachnospiraceae	Blautia	Blautia pseudococcoides
550be8033cbd6962117103199cfccbfe	Bacteria	Proteobacteria	Alphaproteobacteria	Rickettsiales	Mitochondria	Mitochondria	
c09556ae693760e497de660d0952fa89	Bacteria						
2f10bf060a84e2a7786a1724155e6f49	Bacteria	Bacteroidota	Bacteroidia	Bacteroidales	Bacteroidaceae	Bacteroides	
a7180607c1f5e402ae10fe3a3b41dc28	Bacteria	Actinobacteriota	Coriobacteriia	Coriobacteriales	Eggerthellaceae	Gordonibacter	Gordonibacter urolithinfaciens
e9fcc7651b0d082a10ba6386eb3b3470	Bacteria	Proteobacteria	Alphaproteobacteria	Rickettsiales	Mitochondria	Mitochondria	
538b31538335c5f3da8629c23a3ef1ac	Bacteria						
51d0f234d5567d0c6e6df2deeaac7ae8	Bacteria	Firmicutes	Clostridia	Peptostreptococcales-Tissierellales	Family_XI	W5053	
4c326b5e688ec2f628e610a65f354beb	Bacteria	Actinobacteriota	Actinobacteria	Actinomycetales	Actinomycetaceae	Trueperella	Trueperella bernardiae
2a50a4166c78ce960f49ea8bd399e7d3							
27b4defbdecb96f01224a4e59b302d45	Bacteria	Proteobacteria	Alphaproteobacteria	Rickettsiales	Mitochondria	Mitochondria	
88222a3d37fe5985f734f90e4b6ae39a	Bacteria	Proteobacteria	Alphaproteobacteria	Rickettsiales	Mitochondria	Mitochondria	
2aa96b8956cdde4b43e87b1ffd56aed1	Bacteria	Actinobacteriota	Actinobacteria	Corynebacteriales	Corynebacteriaceae	Corynebacterium	Corynebacterium sp001831515
203eb67b87c7a3d5e3cc8d12ae091b42							
4d3188c7a7a503ea2ccf7db18711c7ed	Bacteria						
c67db8d096ccd1abc01e20dcc5a83d95	Bacteria	Bacteroidota	Bacteroidia	Bacteroidales	Prevotellaceae	Prevotella	Prevotella copri
55bcd82d2bbbdfd1abd4a432cecb3106	Bacteria	Actinobacteriota	Actinobacteria	Actinomycetales	Actinomycetaceae	Varibaculum	Varibaculum massiliense
139b3a842bac5a67836f791535c71ed2	Bacteria	Proteobacteria	Alphaproteobacteria	Rhizobiales	Beijerinckiaceae	Methylobacterium-Methylorubrum	
17fc774863be415c2b3d4a4150ff113e	Bacteria	Firmicutes	Bacilli	Bacillales	Bacillaceae		
22afe7b6e500ec58c77e20c4ac55ebb2	Bacteria	Proteobacteria	Alphaproteobacteria	Rickettsiales	Mitochondria	Mitochondria	
1e9e34e57e40045c2c14122df69d0977							
279681658e7b77cac5856163e328d930	Bacteria	Proteobacteria	Alphaproteobacteria	Rickettsiales	Mitochondria	Mitochondria	
157df922b60ac0429c4312fa7a0aa6be	Bacteria	Proteobacteria	Alphaproteobacteria	Rickettsiales	Mitochondria	Mitochondria	
759ee68edac0d7f1f68562f13f4dc23c	Bacteria	Actinobacteriota	Coriobacteriia	Coriobacteriales	Eggerthellaceae	Gordonibacter	Gordonibacter urolithinfaciens
f372ccbac25f59233e75651ced711f76	Bacteria						
dac92bc34bb8a619371fe86906e8eefc	Bacteria	Proteobacteria	Alphaproteobacteria	Rickettsiales	Mitochondria	Mitochondria	
ca8bdc9243c9807323e6740333a5ce45	Bacteria	Proteobacteria	Alphaproteobacteria	Rickettsiales	Mitochondria	Mitochondria	
c5c200356c53f3783d634aa0406cf3e9	Bacteria	Firmicutes	Bacilli	Lactobacillales	Streptococcaceae	Lactococcus	Lactococcus lactis
401b8e0f3b611d75ff9d179b7e0e2c34	Bacteria	Bacteroidota	Bacteroidia	Bacteroidales	Prevotellaceae	Prevotella	Prevotella colorans
aa82573aef02e3cf809951cdf7fde88a	Bacteria	Firmicutes	Clostridia	Clostridia_UCG-014	Clostridia_UCG-014	Clostridia_UCG-014	
a38cb0ca4fcc6653b7a65d6ba6dd51b5	Bacteria	Actinobacteriota	Actinobacteria	Actinomycetales	Actinomycetaceae	Varibaculum	Varibaculum cambriense B
966f79d19362f66e430a402f7cbe63c0	Bacteria						
efb16a77844b090036399629df7bf731	Bacteria	Firmicutes	Clostridia	Peptostreptococcales-Tissierellales	Family_XI	Peptoniphilus	Peptoniphilus sp902363535
a817b283dcab380c40523c0e76106d44	Bacteria	Bacteroidota	Bacteroidia	Bacteroidales	Prevotellaceae	Prevotella	Prevotella amnii
fe6c05d791e03bd17110531b6aa83c85							
c4f72e774a2c268f3928dd12cd92c1fb	Bacteria	Proteobacteria	Alphaproteobacteria	Rickettsiales	Mitochondria	Mitochondria	
bb8e96a9df54fb01e10ec1bda0470ae2	Bacteria	Bacteroidota	Bacteroidia	Bacteroidales	Prevotellaceae	Prevotella	Prevotella sp900548585
5ac8bcf6933fe62859e40b310bbe9dcb	Bacteria	Bacteroidota	Bacteroidia	Bacteroidales	Prevotellaceae	Prevotella_7	
26207a351efe75cbfa09a30200441fb0	Bacteria	Firmicutes	Clostridia	Oscillospirales	Oscillospiraceae	UCG-002	
ce04c001c6c43d28b5c17960d798d01d	Bacteria	Proteobacteria	Gammaproteobacteria	Burkholderiales	Sutterellaceae	Parasutterella	
1d35d2c74406f16cdc2103b5d882f38f	Bacteria	Bacteroidota	Bacteroidia	Bacteroidales	Tannerellaceae	Parabacteroides	
964b4e1d99a1441b5dac125d1452b97a	Bacteria	Bacteroidota	Bacteroidia	Bacteroidales	Tannerellaceae	Tannerellaceae	
052de802b59e4d258d96375c7bc6e072	Bacteria	Proteobacteria	Gammaproteobacteria	Xanthomonadales	Xanthomonadaceae	Stenotrophomonas	
a11cf534b1436fc250233bb6b89fea01	Bacteria	Firmicutes	Clostridia	Lachnospirales	Lachnospiraceae	Lachnospira	Lachnospira sp000437735
da9a9dbda2b63a35ed52b64ce95064f3	Bacteria	Firmicutes	Clostridia	Lachnospirales	Lachnospiraceae	Wujia	Wujia sp022174665
b3e535f5ce9d026c3e0b3f9629f57ca3	Bacteria	Firmicutes	Clostridia	Christensenellales	Christensenellaceae		
5fe20dee7aca3384ca3538a216129b15	Bacteria	Bacteroidota	Bacteroidia	Bacteroidales	Rikenellaceae	Alistipes	
f9bf25150c643d74e7af3bd8a65856ae	Bacteria	Bacteroidota	Bacteroidia	Bacteroidales	Bacteroidaceae	Bacteroides	
6c3650722ecd334a593d3d969afa2f9a	Bacteria	Firmicutes	Clostridia	Oscillospirales	Oscillospiraceae	NK4A214_group	
8e87f46b490518f4ad2519c810015fc0	Bacteria	Bacteroidota	Bacteroidia	Bacteroidales	Bacteroidaceae	Bacteroides	
8af762b5b62e0b78fed89e77da9e569b	Bacteria	Firmicutes	Clostridia	Monoglobales	Monoglobaceae	Monoglobus	
5434b96987e60392ac9f45eb7bb14e0e	Bacteria	Actinobacteriota	Actinobacteria	Micrococcales	Micrococcaceae	Kocuria	
f3fe2f5d8554ac82ad247d10a22d427e	Bacteria	Actinobacteriota	Coriobacteriia	Coriobacteriales	Atopobiaceae		
be4e3f32dfda99851560c24b73bca238	Bacteria	Firmicutes	Clostridia	Peptostreptococcales-Tissierellales	Family_XI	Khoudiadiopia	Khoudiadiopia massiliensis
fdec61b3471c7e72239e710fd610a47e	Bacteria	Proteobacteria	Alphaproteobacteria	Rickettsiales	Mitochondria	Mitochondria	
de6cc17349aff726034d0f921c174337	Bacteria						
eb659fdad7bb5d47dee1a6ed9bf4d1a3	Bacteria						
1c23d659eec3e3f6114655b935155a6e	Bacteria	Proteobacteria	Alphaproteobacteria	Rickettsiales	Mitochondria	Mitochondria	
936edd3702c932f2d2f2a12430031bfd	Bacteria	Proteobacteria	Alphaproteobacteria	Rickettsiales	Mitochondria	Mitochondria	
932ec104df225714945d69888f3fc602	Bacteria						
291a90ba4cd14f9519908dbe4bdbe75f							
896db3f10377744de448a1309874e1d5	Bacteria	Firmicutes	Bacilli	Staphylococcales	Gemellaceae	Gemella	Gemella sanguinis
23e08992c3e2664a08fdd1050c7ee86f	Bacteria	Proteobacteria	Alphaproteobacteria	Rickettsiales	Mitochondria	Mitochondria	
44b4c8946adde52dde5fcd8db4103de3	Bacteria	Firmicutes	Clostridia	Lachnospirales	Lachnospiraceae		
5fd6d183bdf1f40c2909a5ac510e9219	Bacteria	Firmicutes	Clostridia	Lachnospirales	Lachnospiraceae	Blautia	Blautia sp900541955
40aaa761e950644b9ad99e6c4a05c683	Bacteria	Firmicutes	Clostridia	Lachnospirales	Lachnospiraceae	Stomatobaculum	Stomatobaculum sp002892395
6cb0cb0ef204d6ff12d41b56043714e0	Bacteria	Proteobacteria	Alphaproteobacteria	Rickettsiales	Mitochondria	Mitochondria	
464cd124b81c76816866858af3ec969f	Bacteria	Proteobacteria	Alphaproteobacteria	Rickettsiales	Mitochondria	Mitochondria	
8a5a982b24e6cac9a31fb278284f9f55	Bacteria	Proteobacteria	Alphaproteobacteria	Rickettsiales	Mitochondria	Mitochondria	
225734d77780cf2cfcbcb420d88305e2	Bacteria						
e228ae635591b0c02e9b37bcc83f806f	Bacteria	Proteobacteria	Alphaproteobacteria	Rickettsiales	Mitochondria	Mitochondria	
fc15a62637abd1a93b4bda9d22067d75	Bacteria	Proteobacteria	Alphaproteobacteria	Rickettsiales	Mitochondria	Mitochondria	
3b8dd54c333a86b9e62d4f6f94be6d6c	Bacteria	Proteobacteria	Alphaproteobacteria	Rickettsiales	Mitochondria	Mitochondria	
52a8c03232f0fe783cb148b6aa4486fe							
dee7de5f89b324b95788edc2199ff46d							
3ef46526cbc55257679556c9aa3101ff	Bacteria	Actinobacteriota	Coriobacteriia	Coriobacteriales	Atopobiaceae		
543da44da370f1ccd33d74e82382f1f7	Bacteria	Firmicutes	Clostridia	Clostridiales	Clostridiaceae	Clostridium	Clostridium beijerinckii
2a317070db2043ae7bbd9bf20ccb55ea	Bacteria						
d9c427d6681fecd6f81f4544cd231957	Bacteria	Proteobacteria	Alphaproteobacteria	Rickettsiales	Mitochondria	Mitochondria	
5ccc8a5a9716c11333324df12caae33d							
9cfad5ab93d40a5fe0f3210dc15959c2	Bacteria						
1932e238bee5e48ff2188e7a6c71d6db	Bacteria						
6bdd7eae61de40e659b64e56df8425b3	Bacteria	Proteobacteria	Alphaproteobacteria	Rickettsiales	Mitochondria	Mitochondria	
46f4968141d51aa9b284b8414d8d5ccd	Bacteria	Actinobacteriota	Actinobacteria	Bifidobacteriales	Bifidobacteriaceae	Bifidobacterium	Bifidobacterium breve
ae5873c8e2c4c5a473cf5eb7da146033							
70d97c22db4203b8df688aa73ee3a539	Bacteria	Proteobacteria	Alphaproteobacteria	Rickettsiales	Mitochondria	Mitochondria	
6e55b481fde15b513616cc1fadcef95d	Bacteria	Proteobacteria	Alphaproteobacteria	Rickettsiales	Mitochondria	Mitochondria	
bc69f26cacb4cf3a7355736c74915b9b							
9ba9ee6db2e1e1f6c5397cc0b81a04a0							
be2195eaef6a305ce9c280371bfac416	Bacteria	Proteobacteria	Alphaproteobacteria	Rickettsiales	Mitochondria	Mitochondria	
de1568f89a62e429ac5cc93454462402							
fa4799b944305c4159f93a8ad8cc1a4e	Bacteria	Firmicutes	Clostridia	Peptostreptococcales-Tissierellales	Family_XI	KA00134	KA00134 sp001574395
e061c7daecc56b427bf8c22e6d1d107f	Bacteria	Proteobacteria	Gammaproteobacteria	Pseudomonadales	Moraxellaceae	Acinetobacter	
c4d990625716d1415becd3073fdf5374	Bacteria	Actinobacteriota	Actinobacteria	Micrococcales	Dermabacteraceae	Helcobacillus	Helcobacillus massiliensis
84ac1f1da3e59c6934f95dc0dc2d1fc1	Bacteria	Firmicutes	Clostridia	Peptostreptococcales-Tissierellales	Family_XI	Peptoniphilus	Peptoniphilus obesi
1787d385b1ec5fa124d10b5251378775	Bacteria	Firmicutes	Bacilli	Lactobacillales	Streptococcaceae	Streptococcus	Streptococcus cristatus
a5c88e8056cb342c74036acab6a10485	Bacteria	Firmicutes	Negativicutes	Acidaminococcales	Acidaminococcaceae	Succiniclasticum	
066704b7fa37bd8c7c606930779fe092							
a5a42edad49033b9cfc3bdb8be84cd17	Bacteria	Firmicutes	Clostridia	Lachnospirales	Lachnospiraceae	Anaerostipes	Anaerostipes hadrus
32fbb97e33cc9370d8a9403e13fa6806	Bacteria	Firmicutes	Clostridia	Oscillospirales	Ruminococcaceae	[Eubacterium]_siraeum_group	
33ebeaf69923dfb6de7b5aae491a11b5	Bacteria	Proteobacteria	Alphaproteobacteria	Rickettsiales	Mitochondria	Mitochondria	
b6c74d3cbc5f3f56fc391e4443c6f819							
ef6d7ded2a41dd0cde7ca71e8da39155	Bacteria						
435cf04d14f3bf2d9aa80f5f8957ecae							
03f302a0553e52d271fd2b701797e4f4	Bacteria	Proteobacteria	Alphaproteobacteria	Rickettsiales	Mitochondria	Mitochondria	
8fb78c59758b2f80399aba2ec0d82f1c							
94347aa4c398b97d4f2e0234ab557f8a	Bacteria						
d3863142b8b9148edbc84ce3875c0dac							
8382b02e4f2cbfd919c0217457e92553	Bacteria	Proteobacteria	Alphaproteobacteria	Rickettsiales	Mitochondria	Mitochondria	
4bc406548cea31b6c1fd92d6921b6b7d	Bacteria	Bacteroidota	Bacteroidia	Bacteroidales	Bacteroidaceae	Bacteroides	Bacteroides fragilis
12a84def4a2870b6343b117a9a648c65	Bacteria						
fb9864ecf40818beefb8cc6a4ea2546e							
ff737041ebbe63525993636850f8210d	Bacteria	Proteobacteria	Alphaproteobacteria	Rickettsiales	Mitochondria	Mitochondria	
ab31633de422e273955d6edf1497ee5d	Bacteria	Firmicutes	Clostridia	Clostridia_UCG-014	Clostridia_UCG-014	Clostridia_UCG-014	
59ffab478ef43f23230020fbada73c45							
641c5345bf2f1635c6ec345204c88412	Bacteria	Firmicutes	Negativicutes	Acidaminococcales	Acidaminococcaceae	Acidaminococcus	Acidaminococcus intestini
c97d39ffec4f7f83d87ce10adbf1324e	Bacteria	Firmicutes	Clostridia	Lachnospirales	Lachnospiraceae	Anaerostipes	Anaerostipes caccae
8d9e2b898619f94c7a13293a93128322	Bacteria	Fusobacteriota	Fusobacteriia	Fusobacteriales	Fusobacteriaceae	Fusobacterium	Fusobacterium animalis
c881fee5d2b97b8f002236258db98368	Bacteria	Firmicutes	Clostridia	Clostridia_UCG-014	Clostridia_UCG-014	Clostridia_UCG-014	
5ffaad032dd302fbfbdea5da0b455cd2	Bacteria						
3c406ab75a7b346b12cfea4e595f0e61	Bacteria	Firmicutes	Clostridia	Christensenellales	Christensenellaceae		
e909e35b246e5a19d9f561c40059fbc7	Bacteria	Bacteroidota	Bacteroidia	Bacteroidales	Bacteroidaceae	Bacteroides	
1e1059230efb80eb8a963e3869222e3f	Bacteria	Firmicutes	Clostridia	Lachnospirales	Lachnospiraceae	Sellimonas	
8a7068d588f7992aeaa9179b9843b86f	Bacteria	Actinobacteriota	Coriobacteriia	Coriobacteriales	Eggerthellaceae	Gordonibacter	Gordonibacter urolithinfaciens
f23982138e4d5ed3fcb068cbac95af41	Bacteria	Proteobacteria	Gammaproteobacteria	Pseudomonadales	Moraxellaceae	Acinetobacter	
6ae924938bfcaa2dd7051a8908a9c423	Bacteria	Firmicutes	Clostridia	Oscillospirales	Oscillospiraceae	UCG-005	
b19c101bb526b70742d926901edd7224	Bacteria	Proteobacteria	Alphaproteobacteria	Rickettsiales	Mitochondria	Mitochondria	
20a958cabcd62e49fbc968c4b36bc141							
ef36c704cd15543b9d5031623d70c4a3	Bacteria	Proteobacteria	Alphaproteobacteria	Rickettsiales	Mitochondria	Mitochondria	
4ebef9ecbdf7f7e665ff01b728646e31	Bacteria	Proteobacteria	Alphaproteobacteria	Rickettsiales	Mitochondria	Mitochondria	
cb5ae957569183c166371666362bb733	Bacteria	Firmicutes	Bacilli	Staphylococcales	Staphylococcaceae	Nosocomiicoccus	Nosocomiicoccus ampullae A
6dc476892c3d69da0b989e4668cd47d5	Bacteria	Actinobacteriota	Actinobacteria	Corynebacteriales	Corynebacteriaceae	Corynebacterium	Corynebacterium imitans
c1e8642f8860f09533337e6dcac4c65f	Bacteria	Firmicutes	Bacilli	Erysipelotrichales	Erysipelatoclostridiaceae	Erysipelotrichaceae_UCG-003	
3dccb31743ae4b0b6e78b13cba236ccf	Bacteria	Firmicutes	Clostridia	Oscillospirales	[Eubacterium]_coprostanoligenes_group	[Eubacterium]_coprostanoligenes_group	
39b3ed2f1de59e2c31880db73fd364b8							
627dc095e43b466d484a7d48de554ab8	Bacteria						
cb5680166f8825d81bf98c4d6b84d53b	Bacteria	Proteobacteria	Alphaproteobacteria	Rickettsiales	Mitochondria	Mitochondria	
9e428cab604874258574343749d9032c	Bacteria	Bacteroidota	Bacteroidia	Bacteroidales	Bacteroidaceae	Bacteroides	
51941840d56bc685ea91927c8ea6b96d	Bacteria						
22cfeaf4750b5e54a218e7ab5af6adad	Bacteria						
a4b14c4586fdbb957eed07cc345799aa	Bacteria	Firmicutes	Clostridia	Oscillospirales	Oscillospiraceae	UCG-005	
668f606e44b668b5ce31ba64a3425db6	Bacteria	Firmicutes	Negativicutes	Acidaminococcales	Acidaminococcaceae	Phascolarctobacterium	
e7f678efb11b08ff8dd91aec8dae1de7	Bacteria	Proteobacteria	Alphaproteobacteria	Rickettsiales	Mitochondria	Mitochondria	
541720cd1303511d4f76df97813d71b7	Bacteria	Proteobacteria	Gammaproteobacteria	Pseudomonadales	Pseudomonadaceae	Pseudomonas	
acf548d2e2886dc54ee2a3e0da5878f7	Bacteria	Firmicutes	Bacilli	Lactobacillales	Enterococcaceae		
53be0d2da687793641471dc2cfdf4838							
42dfa50a82f53890b9181fc971153cf4	Bacteria	Proteobacteria	Gammaproteobacteria	Burkholderiales	Sutterellaceae	Sutterella	Sutterella wadsworthensis
954907f0f5c248b77132f559be8c35d3	Bacteria	Proteobacteria	Alphaproteobacteria	Rickettsiales	Mitochondria	Mitochondria	
29ddf836a04133e71b9f781d0780a7ee	Bacteria	Actinobacteriota	Actinobacteria	Actinomycetales	Actinomycetaceae	Varibaculum	Varibaculum vaginae
fe06e6e17d70bb0bb501346422c30a50	Bacteria	Synergistota	Synergistia	Synergistales	Synergistaceae	Jonquetella	Jonquetella anthropi
0ed4f5a5b0c9f718f45d8dc111de863c	Bacteria						
5f646b408aad967c41162c0bdcf2d672	Bacteria	Actinobacteriota	Actinobacteria	Micrococcales	Microbacteriaceae	Pseudoclavibacter	
3548fa4ed55a8f25a0e07be701908522	Bacteria	Proteobacteria	Alphaproteobacteria	Rickettsiales	Mitochondria	Mitochondria	
1da1c65babafe1235a18a486e06ebcf0	Bacteria	Proteobacteria	Alphaproteobacteria	Rickettsiales	Mitochondria	Mitochondria	
b7ceab85cfa0248e597acded04b47466	Bacteria						
0261e3e1021f2dde9154aa155af3e877	Bacteria						
2cd9a087ea5051e33c708915f9165598	Bacteria	Bacteroidota	Bacteroidia	Bacteroidales	Prevotellaceae	Prevotella	Prevotella ihumii
2c81f08e3f912309e37a8d840be98615	Bacteria	Firmicutes	Clostridia	Clostridia_UCG-014	Clostridia_UCG-014	Clostridia_UCG-014	
34ed4f587718481aef3e939f7714a46a	Bacteria	Firmicutes	Clostridia	Peptostreptococcales-Tissierellales	Anaerovoracaceae	S5-A14a	S5-A14a sp000758905
5b1805830afebbe4b2ec270e6dffe65f	Bacteria	Bacteroidota	Bacteroidia	Bacteroidales	Porphyromonadaceae	Porphyromonas	
a07badfdc03d0aa39b64d952bb91ce0d	Bacteria	Proteobacteria	Alphaproteobacteria	Rickettsiales	Mitochondria	Mitochondria	
b49b99df88a2a90030650ae8e2b8eb90	Bacteria	Proteobacteria	Alphaproteobacteria	Rickettsiales	Mitochondria	Mitochondria	
5870cbc8667ddb5d9964a793275d7ba9							
0ca6a9c5b1b03d6c643666062c82b499	Bacteria	Firmicutes	Clostridia	Oscillospirales	[Eubacterium]_coprostanoligenes_group	Blautia A	Blautia A sp018919065
ff988866996e6fc399daa7cb898bb4a3	Bacteria	Proteobacteria	Alphaproteobacteria	Rickettsiales	Mitochondria	Mitochondria	
6c7a7724773d8ff99763aafa0a02ece2	Bacteria	Firmicutes	Bacilli	Lactobacillales	Lactobacillaceae	Limosilactobacillus	Limosilactobacillus mucosae
d17255cbdb5c4ab6a59066f5967a6a71	Bacteria	Firmicutes	Clostridia	Oscillospirales	Ruminococcaceae	Ruminococcus	
ea5fe76f4e150644239bbd30b4c73be2							
960f836762548a52fe5c321badf8306f	Eukaryota	Euglenozoa	Euglenida	Euglenophyceae	Phacaceae	Phacus	
eb079c72bb4e18751b1fde9e4b7ed66a	Bacteria	Firmicutes	Clostridia	Clostridia_UCG-014	Clostridia_UCG-014	Clostridia_UCG-014	
d4970a2bd4c1836af2dca4d60cd87aa6	Bacteria	Proteobacteria	Alphaproteobacteria	Rickettsiales	Mitochondria	Mitochondria	
3483e87a5fb37644cfd2620094c0e767	Bacteria	Bacteroidota	Bacteroidia	Bacteroidales	Marinifilaceae	Odoribacter	
243efedf2f664dd28119b325413e3f61	Bacteria	Bacteroidota	Bacteroidia	Bacteroidales	Muribaculaceae	Muribaculaceae	
51ca0cc53579eb638efd6eb8b6be7ff1							
421361e53a2c211e5a4d8bfe667e0f98	Bacteria	Proteobacteria	Alphaproteobacteria	Rickettsiales	Mitochondria	Mitochondria	
d69124fd7d2ae4a2b1263211c94248e4	Bacteria	Firmicutes	Clostridia	Christensenellales	Christensenellaceae	Christensenellaceae_R-7_group	
65cc7e211242525b1a57740ebe3acc5a	Bacteria	Proteobacteria	Alphaproteobacteria	Rickettsiales	Mitochondria	Mitochondria	
0eeba6edab1a0f43e83ffe54fd6691c6	Bacteria	Proteobacteria	Alphaproteobacteria	Rickettsiales	Mitochondria	Mitochondria	
b654a26d0926f20f0fdaa71452ecfefb	Bacteria	Firmicutes	Bacilli	Erysipelotrichales	Erysipelotrichaceae	Turicibacter	
942dad02229d3d93f46cbd1e4cb6bebb							
abb5b8846f9b2ecec5172350fad439bd	Bacteria	Proteobacteria	Alphaproteobacteria	Rickettsiales	Mitochondria	Mitochondria	
c24436541b2e078051f9bf32f100f602	Bacteria						
ca4e7de34f48a49002df3ec6d6d73e03	Bacteria	Proteobacteria	Alphaproteobacteria	Rickettsiales	Mitochondria	Mitochondria	
bf8313ae1a7199b03e7b7eee92c4a013							
49a568f87ebda965805fb34521144924							
9bf5c86f8fe1eda53254fca4270ec114							
447149c47bfb8cdd27a6e3f69ac7e52e							
94b4ceffaa2604ac51ec81f01fb5798c	Bacteria	Proteobacteria	Alphaproteobacteria	Rickettsiales	Mitochondria	Mitochondria	
f9dfc4b257897f79c3c3cfd6441cca02							
8e60b9c2ebf4727a269190ccfc12e60c							
2afa9c03ec1832a589bed67aa8c5dd64	Bacteria	Proteobacteria	Alphaproteobacteria	Rickettsiales	Mitochondria	Mitochondria	
764883584c83d6077d4e3b47916dac02	Bacteria						
c51c720b96b1813d2e3ff207d6eb56e7	Bacteria	Bacteroidota	Bacteroidia	Bacteroidales	Marinifilaceae	Odoribacter	
7ed6d6c645ed25d35b3edbf2c51572c4	Bacteria						
06bb712b4eebe0031a75261d80ab3efa							
67fddc753b6f7319681b90382bffbe46							
d4b58e39536cae3e62c509ee9c30a81f	Bacteria						
4acbc7d774941d9a0d73d8d1a46b4f37							
71f70ae17b656f10c8804b330c14c0fc	Bacteria	Actinobacteriota	Coriobacteriia	Coriobacteriales	Atopobiaceae	Olsenella	
0e277e2d4e30ec60478d11b284b18e1f	Bacteria						
e210f05c7540e5c206fd2d34760f9d36							
a82c87e385a2ba4f400c3a26b5c23dae	Bacteria	Proteobacteria	Alphaproteobacteria	Rickettsiales	Mitochondria	Mitochondria	
2ed47ba75601b4a89acf646f336f205b							
34fe76ffcbf1d975d6d5c20777e55851							
a1a79900732c31d3ec803a190c7d007d	Bacteria	Proteobacteria	Alphaproteobacteria	Rickettsiales	Mitochondria	Mitochondria	
5ab7769598266aa3cc665907ec476b82	Bacteria	Firmicutes	Bacilli	Erysipelotrichales	Erysipelotrichaceae	Bulleidia	Bulleidia moorei
c915b719b5961f3906cf3cdbedc6fb14	Bacteria	Proteobacteria	Alphaproteobacteria	Rickettsiales	Mitochondria	Mitochondria	
67f9241ccb970e1756d0a2e958a217ed							
fd35764808e5fa8f8113ae59cd84f078							
1b1d8f12b80247b94b2931f0d39f1f11							
0f9295744170f03f0446812dee684099	Bacteria	Firmicutes	Clostridia	Lachnospirales	Lachnospiraceae	Lachnospira	Lachnospira eligens A
84d63f2a4ad8bf7bd655d304b7968ba0	Bacteria	Bacteroidota	Bacteroidia	Bacteroidales	Rikenellaceae	Alistipes	
8f57a9812997e62e786d25a017d3e8c5	Bacteria	Actinobacteriota	Coriobacteriia	Coriobacteriales	Eggerthellaceae	Senegalimassilia	
dfe3dacdca7866b7fb3598856c9f646b	Bacteria						
b93530054b48eda766a944db753e50ea							
b866cfe505b6774c0eeedbb152aafde2	Bacteria	Proteobacteria	Alphaproteobacteria	Sphingomonadales	Sphingomonadaceae	Sphingomonas	
9bc1c8d287c07326ae49e55fecbc9001	Bacteria						
0e077775243e6df2b546a56b699147fa	Bacteria	Firmicutes	Clostridia	Lachnospirales	Lachnospiraceae	Blautia	Blautia sp000432195
d7f6c8ab138d8036ed370e685e7c8257	Bacteria	Firmicutes	Bacilli	Lactobacillales	Lactobacillaceae	Lactobacillus	Lactobacillus iners
33b5cc859c2f5066c31893a733cf9f0f	Bacteria	Bacteroidota	Bacteroidia	Bacteroidales	Bacteroidaceae	Bacteroides	
ac2f9a4efad31263202addaab6609bc8	Bacteria	Proteobacteria	Alphaproteobacteria	Rickettsiales	Mitochondria	Mitochondria	
024a60964d6ef335f70caa3b7a3cfb7b	Bacteria	Firmicutes	Bacilli	Bacillales	Planococcaceae	Lysinibacillus	
e84310df71c29f29fde69ce43a81ea45	Bacteria						
66205f2fe5f41b273cc39abf6578cc0f	Bacteria	Bacteroidota	Bacteroidia	Bacteroidales	Bacteroidaceae	Bacteroides	
e02f9973797d18e3ad069c6a96d77e74							
d118dedcb8277a28e6d3ae772fe1a2be	Bacteria	Firmicutes	Clostridia	Lachnospirales	Lachnospiraceae	Eubacterium G	Eubacterium G ventriosum
83888de9ca64ed8d53fb62bd7a20c771	Bacteria	Firmicutes	Clostridia	Clostridia_UCG-014	Clostridia_UCG-014	Clostridia_UCG-014	
c350d6d15f19e81d0284b02874ba1df8	Bacteria	Firmicutes	Bacilli	Erysipelotrichales	Erysipelotrichaceae	Turicibacter	
1d2c73917fa75e19031e4371ada743ab	Bacteria	Bacteroidota	Bacteroidia	Bacteroidales	Bacteroidaceae	Bacteroides	
4a9eda861901389258e66595b307df5e	Bacteria	Firmicutes	Clostridia				
e0d85e480e3d30c76a7f0b3e6aadc669	Bacteria	Bacteroidota	Bacteroidia	Bacteroidales	Porphyromonadaceae	Porphyromonas	
bf0fa50601214c8b5e3760ea1805d704	Bacteria	Firmicutes	Clostridia	Peptostreptococcales-Tissierellales	Anaerovoracaceae	Mogibacterium	
6593998958f53b28a013fabacb003520	Bacteria	Bacteroidota	Bacteroidia	Bacteroidales	Porphyromonadaceae	Porphyromonas	
24e470219b7b3d8fe96361343a7df448	Bacteria	Firmicutes	Clostridia	Peptostreptococcales-Tissierellales	Family_XI	Ndongobacter	Ndongobacter massiliensis
7b376f1f26b92b9ac781d88a6bfc7dbc	Bacteria	Proteobacteria	Alphaproteobacteria	Rickettsiales	Mitochondria	Mitochondria	
4591f8c2d70c11a621f2f5f6a3c5cd8f							
12a5f90ec791b03e78c001c011c365d2							
0e8da59f00e0f1c1174ea07ba4fc5d7c	Bacteria						
4cc82ceb46d06879b8c379e1caf84464							
eb581c93a36d4d25ceecc9009c79883e	Bacteria	Proteobacteria	Alphaproteobacteria	Rickettsiales	Mitochondria	Mitochondria	
62f407128d4925e45812cbf324afbe83							
905ca32f4fb729558777cf8f0ad73bb7	Bacteria	Firmicutes	Negativicutes	Veillonellales-Selenomonadales	Veillonellaceae	Veillonella	Veillonella parvula
e1e43d0f9276ab6b76c9960466c28cb3	Bacteria	Bacteroidota	Bacteroidia	Bacteroidales	Bacteroidaceae	Bacteroides	
de7ef0e0418432c64eca3732c6bae25c	Bacteria	Proteobacteria	Gammaproteobacteria	Xanthomonadales	Xanthomonadaceae	Stenotrophomonas	
273d82e9712ba4355199cf9ce32813b0							
c4471198a64cd9c51a6c3626abb99f61	Bacteria	Firmicutes	Negativicutes	Acidaminococcales	Acidaminococcaceae	Succiniclasticum	
b4d75c2689b8ec3c5bbfd68241bd5a58	Bacteria	Firmicutes	Bacilli	Lactobacillales	Lactobacillaceae	Lactobacillus	
c50816e372f7e2c5052cdf86c18b393e	Bacteria	Proteobacteria	Alphaproteobacteria	Rickettsiales	Mitochondria	Mitochondria	
284fc5a237f371426a2dfbedbff15841	Bacteria						
c3e2693657d874d60e0bed8cc1d007f3	Bacteria	Proteobacteria	Alphaproteobacteria	Rickettsiales	Mitochondria	Mitochondria	
