display_taxon	CGV001	CGV002	CGV003	CGV004	CGV005	CGV006	CGV007	CGV008	CGV009	CGV010	CGV011	CGV012	CGV013	CGV014	CGV015	CGV016	CGV017	CGV018	CGV019	CGV020	CGV021	CGV022	CGV023	CGV024	CGV025	CGV026	CGV027	CGV028	CGV029	CGV030	CGV031	CGV032	CGV033	CGV034	CGV035	CGV037	CGV038	CGV040	CGV043	CGV045	CGV046	CGV047	CGV062	CGV066	CGV069	CGV081	CGV083	CGV088	CGV089	CGV095	CGV097	CGV102	CGV105	CGV50	CGV60
Lactobacillus iners	0.015127272727272727	0.0026458585586797614	0.10198300283286119	0.8881134881592495	0.7286015515176758	0.08143939393939394	0.05682317682317682	0.004537548211449746	0.9744478353075053	0.2633333333333333	0.5307374744992209	0.1139605319695239	0.049643275476520074	0.006915565766800689	0.08808093477686824	0.42689504373177845	0.09055229009783854	0.44021177281413487	0.03891316553963333	0.0057458447572446185	0.9091609109576255	0.7622903668303908	0.029231652473447518	0.09180995475113123	0.809157733155287	0.001115912128407749	0.0015278109333969922	0.11983442429764014	0.1862864189350855	0.011455854776949622	0.3137916445177318	0.0017761488581900197	0.2232203501237922	0.9943734553294421	0.2118487963852197	0.0015552933605062747	0.004300576843840132	0.3612107254482645	0.9620046620046621	0.9441544885177453	0.03632988597189075	0.08605356837915588	0.2586614265328561	0.005808279178271323	0.007644935230409854	0.6454018227009114	0.8735640540933547	0.0013600033477005483	0.008807294767032849	0.10271454275209262	0.08311880664386219	0.9816113991895071	0.004658742670894373	0.13846153846153847	0.12607112253641817
Lactobacillus crispatus	0.9270787878787878	0.9768151038163146	0.08498583569405099	0.0005720169317011784	0.00046857916384651426	0.18181818181818182	0.001058941058941059	0.9844967102775467	0.0010862256245797342	0.03666666666666667	0.0006425393153743595	0.0006288055837935841	0.5810456820359919	0.9593796668581275	0.0003465804066543438	0.4832604470359572	0.0018215620363936826	0.04796215657404217	0.0017943021751336571	0.9861994778889924	0.0005600149337315662	0.12206292313819196	0.0013156635728638407	0.000248868778280543	0.0004867151717854959	0.0010380577938676736	0.0009548818333731201	0.0026539646072033353	0.36782434248062873	0.0010400088243172972	0.0008461797155534341	0.9378629828023682	0.01104270283297912	0.000578429825945207	0.009178645087142025	0.9517590904215382	0.060156571899464356	0.0003290014805066623	0.0018648018648018648	0.004610299234516353	0.008485812781755503	0.0012085068372587912	0.0005614429082742648	0.00023804422861767717	0.00042471862391165854	0.021541010770505385	0.0	0.0005440013390802193	0.0014070025434276747	0.0009778612219353828	0.0005642345805268541	0.001459758595145758	0.00024799390643544185	0.0	0.005784061696658098
Gardnerella vaginalis	0.004993939393939394	0.0018386474729808512	0.12181303116147309	0.0036895092094726004	0.034883115530796066	0.125	0.5415184815184815	0.0018906450881040612	0.007551854342316247	0.20333333333333334	0.1817261818707532	0.6196459824563242	0.12330955169843467	0.005445146467547387	0.6364371534195934	0.004518950437317784	0.5595200090139152	0.3755834716957489	0.5808290408417353	0.0014561387398496636	0.083698898637297	0.0051329704854197085	0.7070974069467036	0.5821719457013574	0.0013977461343583472	0.689932136971726	0.2883424842842365	0.33537992295580354	0.16660224909355273	0.6374781361781251	0.34120569761008473	0.002368198477586693	0.49091825332486144	0.0008413524741021192	0.002849630807500354	0.0015552933605062747	0.849711578079934	0.3868892910018095	0.005594405594405594	0.005480167014613779	0.04322460885706709	0.19882564661683766	0.4946078087351159	0.549905972529696	0.1425461881503504	0.08616404308202154	0.06278173622218991	0.8073607565803239	0.7624600898317009	0.2574121880622702	0.31110484183799414	0.005904396705738812	0.7522718013214532	0.21153846153846154	0.5200299914310197
Fannyhessea vaginae	0.0011636363636363637	0.00044845060316606124	0.014164305949008499	0.0005434160851161195	0.0033971989378872285	0.01893939393939394	0.18085914085914087	0.0007562580352416244	0.00098277556509595	0.02666666666666667	0.05276854127511927	0.06931533552017942	0.018443190288574166	0.0009649626651349798	0.011338130446263533	0.0003401360544217687	0.12426057726615462	0.0002297338220398275	0.1722652149500769	0.00014430203728239908	0.0006533507560201606	0.00013274923669188903	0.10618601090804708	0.08875565610859729	0.0002745572763918182	0.057067227217875355	0.00044561152224078935	0.07651934522335885	0.004914140577549556	0.18494823592442602	0.048926545091615224	0.00022554271215111362	0.024407878880830833	0.0001314613240784561	0.00031487633232048115	0.00026815402767349565	0.001776885043263288	0.1028787629544333	0.0006993006993006993	0.0024356297842727907	0.00503845133916733	0.04609402708631629	0.05693966828081503	0.023018876907329382	0.24208961562964537	0.010770505385252692	0.0004725897920604915	0.061179227518098504	0.15753016938146003	0.05706798091214895	0.04274076947490919	0.00045753627609046145	0.11783253325775424	0.026923076923076925	0.1655955441302485
Lactobacillus jensenii	0.03272727272727273	0.0016144221713978205	0.0	0.08420089234641345	0.00015619305461550477	0.0	0.0	0.0	0.0	0.023333333333333334	0.05594911088622235	0.00014672130288516963	0.0075604301991268235	0.014910970706490523	0.0	0.02142857142857143	0.0035116711423259657	0.09485918360953605	0.0	0.0019415183197995514	0.0	0.08378689322536395	0.0	0.0	0.14988331315753348	0.0001297572242334592	0.000143232275005968	0.02764876560937206	0.1676421327738207	0.0001575770945935299	0.0	0.035551170002819286	0.00017528099734887492	0.0	0.0054316167325282995	0.017537273409846618	0.02392356819118253	0.0	0.0	0.0	0.0031821797931583136	0.028951620318677998	0.0	0.0	0.0	0.019055509527754765	0.05306335126751006	0.0	0.00024351967097786676	0.0	0.00038791127411221216	0.00019608697546734063	0.0	0.0	0.003213367609254499
Lactobacillus gasseri	0.0003878787878787879	0.0001345351809498184	0.0339943342776204	0.0	0.00019524131826938095	0.005681818181818182	0.0033966033966033966	0.0	0.0008276004758702736	0.0	9.638089730615392e-05	0.00014672130288516963	0.00042593972952827174	0.0003446295232624928	0.0	0.0002672497570456754	0.0002065688907250568	7.309712519449057e-05	0.00012206137245807192	9.182856917970851e-05	0.0	0.0006637461834594451	0.0001913692469620132	0.0	0.0001372786381959091	0.0001297572242334592	0.6971751412429379	0.0003168912963824878	0.018754716286602986	0.0001418193851341769	0.00031460527885961013	0.00016915703411333522	0.04011743826822375	7.887679444707367e-05	0.0	0.0	0.03504841367943964	0.0	0.0	0.0	0.8281622911694511	0.001760216480355196	0.0	0.0	0.0	0.00579950289975145	3.6353060927730115e-05	0.0004603088253755702	0.0002029330591482223	0.0	0.0	0.0003050241840603076	0.0	0.0	0.001392459297343616
Candidatus Lachnocurva vaginae	9.696969696969698e-05	0.00044845060316606124	0.0	0.000686420318041414	0.00027333784557713334	0.0	0.0	0.0	0.0010862256245797342	0.05333333333333334	0.11173758694360111	0.0001362412098219432	0.05200724097540198	0.0	8.251914444151043e-05	0.0	0.0	0.00010442446456355795	3.6618411737421576e-05	0.0	0.00039667724472652606	0.00017699898225585203	0.00010764520141613243	9.049773755656108e-05	3.74396285988843e-05	0.0	3.1829394445770666e-05	9.902853011952743e-05	0.00011963263578304162	4.727312837805896e-05	0.00010848457891710693	0.00033831406822667045	0.00019719112201748427	0.0	0.00017318198277626462	0.00026815402767349565	0.0	0.014015463069583813	0.0	0.0	0.005833996287456908	5.254377553299092e-05	0.00037429527218284323	0.3823704444285748	0.07427266935655129	0.0033140016570008283	0.0	0.0002510775411139474	9.470209426917041e-05	0.3025111476179301	0.1460309623726064	0.0	0.00033656315873381397	0.06923076923076923	0.0
Bacillus (genus)	0.0	0.0	0.0	0.0002860084658505892	0.00013016087884625398	0.0	0.0	0.0	0.000517250297418921	0.03666666666666667	0.00043371403787769266	0.0	0.0	0.0002527283170591614	4.951148666490626e-05	0.0	0.0	0.0	0.0	0.0	0.00023333955572148591	0.00015487410947387053	0.0	6.787330316742082e-05	0.0	0.0	0.0	0.0	0.0	0.0	0.0	0.00016915703411333522	0.0	0.0	0.7219641985610151	0.00010726161106939826	0.0	0.0	0.0	0.0	0.003977724741447892	0.0	0.0	0.00019043538289414174	0.02654491399447866	0.004971002485501243	0.0	0.0001046156421308114	0.0002164619297581038	0.00011734334663224596	0.0	0.0	0.00015942465413706978	0.0	0.0
Berryella sp001552935	0.0	0.0002690703618996368	0.0	0.0001430042329252946	0.0	0.0	0.0	0.0	0.0004655252676770289	0.013333333333333334	0.021605384479462836	0.005292446996929333	0.006431689915876904	0.0002527283170591614	0.029871930287826774	0.00012147716229348882	0.046928696174719724	6.265467873813477e-05	0.013097185264751118	0.0	0.0003033414224379317	8.849949112792601e-05	0.024614869390488948	0.015135746606334842	6.23993809981405e-05	0.009238714365422295	7.957348611442667e-05	0.017894455392598606	0.0001012276148933429	0.030097225067364206	0.03472591371136593	8.457851705666761e-05	0.002169102342192327	0.0	0.00012595053292819246	8.04462083020487e-05	0.00038627935723114956	0.011745352854087843	0.00034965034965034965	0.0	0.0015910898965791568	0.0	0.028773949049056075	0.004975124378109453	0.0028933956253981738	0.0	0.0	0.01598527011758798	0.00017587531792845934	0.06700305092701243	0.07352681877490566	4.357488343718681e-05	0.0064478415673214886	0.0	0.0721936589545844
Amygdalobacter nucleatus	0.0002909090909090909	0.0	0.0	0.00011440338634023568	0.00011714479096162857	0.0	5.994005994005994e-05	0.0	0.0002586251487094605	0.0	0.004224695998586414	0.04348190611932634	0.0015120860398253647	0.00011487650775416428	0.020382228677053076	0.0	0.02264746201949259	8.353957165084636e-05	0.04836071576788809	0.0	7.000186671644577e-05	0.0	0.02026121902210315	0.0008144796380090498	6.23993809981405e-05	0.03737008057923625	0.00011140288056019734	0.00010893138313148017	0.00011963263578304162	0.008934621263453145	0.035854153332103844	0.0	0.0001314607480116562	3.9438397223536837e-05	4.723144984807217e-05	0.00013407701383674783	0.00036052740008240625	0.0017601579207106432	0.0	0.0004349338900487126	0.0007955449482895784	0.0001313594388324773	0.015346106159496572	7.141326858530314e-05	0.00950307921002336	0.0	0.0	0.02468929154287149	0.03187401915688078	0.014628803880153328	0.013118453997249356	0.0002614493006231208	0.011106584238215861	0.026923076923076925	0.000856898029134533
Peptoniphilus harei	9.696969696969698e-05	0.0	0.0	0.0	0.005076274275003905	0.005681818181818182	0.0	0.0	0.00031035017845135263	0.0	0.0001285078630748719	0.0003353629780232448	0.0046640400383345755	9.190120620333141e-05	0.0	0.0	9.389495032957128e-05	7.309712519449057e-05	0.0019529819593291507	0.0	0.00011666977786074296	0.0	0.004939718687206966	0.0451131221719457	0.0	2.595144484669184e-05	7.957348611442667e-05	0.046771174775452805	0.004803710452211363	0.0001418193851341769	0.0018225409258073966	0.0	0.0017089897241515304	0.0	0.0012752491458979487	0.0	0.00030902348578491963	3.290014805066623e-05	0.0	0.0	0.0005303632988597189	0.1756407056629054	0.0009357381804571081	0.0	0.028535782544064556	0.0	0.0	0.0	0.00012175983548893338	0.0	0.0021158796769757027	6.53623251557802e-05	0.0059341399039909305	0.015384615384615385	0.001178234790059983
Aerococcus christensenii	0.0003393939393939394	0.00017938024126642452	0.0	0.0	6.508043942312699e-05	0.005681818181818182	5.994005994005994e-05	0.0	0.0	0.0	0.0030199347822594895	0.005166685880170616	0.009924395698008731	0.00022975301550832856	0.006287958806443095	0.00021865889212827988	0.046590674353533264	0.02731743992982676	0.0018797451358543076	2.623673405134529e-05	0.0	0.0	0.008216917041431442	0.0	0.000124798761996281	0.00011678150181011328	0.00020689106389750936	0.06822075439934246	0.01512892717133234	0.022628070783630893	0.001160784994413044	8.457851705666761e-05	0.08928375802458316	0.0	0.0	5.363080553469913e-05	0.0004635352286773795	0.004721171245270604	0.0	0.0	0.0010607265977194379	0.03867221879228132	0.03932439703370997	0.010807207979242544	0.0007432575918454024	0.0016570008285004142	0.0	0.00119261832029125	0.0063315114454245355	0.004419932723147931	0.005607081143985612	0.00010893720859296701	0.002107948204701256	0.0	0.04787917737789203
Megasphaera lornae	0.00024242424242424242	0.0	0.0056657223796034	0.000343210159020707	0.00010412870307700318	0.0	0.0	0.0	0.0005689753271608131	0.013333333333333334	0.011003485775785906	0.03177564216770245	0.007347460334362688	0.0002067777139574957	0.07923488249273831	0.00024295432458697764	0.00024412687085688533	0.0	0.010631545541098065	6.559183512836322e-05	0.00016333768900504014	0.0	0.021014735432016075	0.0	0.0001497585143955372	0.0783863391594327	0.00012731757778308266	0.00010893138313148017	0.00023926527156608324	0.020752903357967884	0.018409833042233047	0.0	0.00019719112201748427	0.0	9.446289969614434e-05	0.0	0.00033477544293366294	0.09494982727422273	0.0	0.0	0.0018562715460090163	5.254377553299092e-05	0.056682340281189326	0.012235473350948605	0.0016988744956466342	0.0016570008285004142	0.0	0.0026153910532702848	0.004762162454678283	0.04036611124149261	0.024685262898049863	0.0001307246503115604	0.006660407772837581	0.023076923076923078	0.00032133676092544985
Anaerococcus prevotii	0.0002909090909090909	0.00022422530158303062	0.0	0.0003146093124356481	0.019784453584630605	0.003787878787878788	0.0	0.0	0.0	0.0	0.0003373331405715387	0.0	0.002576935363646044	0.00018380241240666283	0.0	0.0	0.025220183658522844	0.0	0.0027707931547982325	0.0	0.0	0.0	4.78423117405033e-05	0.004638009049773756	0.0	0.0	0.00011140288056019734	0.02949069626959527	0.0024478677783299286	0.0016072863648540047	0.0034498096095640003	0.0	0.000482022742709406	9.202292685491928e-05	0.011162365980761056	0.0	0.0	0.00026320118440532984	0.00034965034965034965	0.0010438413361169101	0.0	0.10349810185610887	9.357381804571081e-05	0.0	0.008414737736249735	0.0	0.0	0.0	0.0017858109205043562	0.0	0.0005642345805268541	0.00010893720859296701	0.006518696969160186	0.0	0.0016066838046272494
Mobiluncus mulieris	0.0	0.00022422530158303062	0.0084985835694051	0.00037181100560576595	7.809652730775239e-05	0.0	0.0	0.0	0.0006724253866445973	0.01	0.0005140314522994875	0.0	0.029581514215738472	0.0	0.1083641404805915	0.00031584062196307096	0.0	0.0	0.0	0.0	0.00018667164457718873	8.849949112792601e-05	0.0	0.0	0.0	0.0	0.0	0.0	0.0	0.0	0.0	0.00016915703411333522	0.0	0.0	0.00012595053292819246	0.00021452322213879653	0.0	0.0	0.0	0.0	0.002386634844868735	0.0	0.0001637541815799939	0.00016663096003237401	0.37914100658313865	0.0	0.0	0.00018830815583546052	0.0	0.00011734334663224596	0.0012342631449024932	0.0	0.0001771385045967442	0.0	0.0
Parvimonas sp001552895	0.0	0.0	0.0	0.0001430042329252946	6.508043942312699e-05	0.0	3.996003996003996e-05	0.0	0.0002069001189675684	0.0	0.0031484426453343615	0.007828629518230122	0.02185070812480034	6.892590465249856e-05	0.0	0.00017006802721088434	0.023398621622129162	0.0	0.024754046334496984	5.247346810269058e-05	0.00011666977786074296	0.0	0.0108841259209645	6.787330316742082e-05	0.0	0.0	3.1829394445770666e-05	0.0	0.0001012276148933429	0.006350356912119254	0.02439818179845735	0.0	0.0	0.0	0.0	0.0	0.0	0.0022865602895213027	0.0	0.0	0.0010607265977194379	0.007605711508400436	0.006760708353802606	0.00385631650360637	0.007379486090465067	0.0016570008285004142	0.0	0.01027325605724568	4.0586611829644464e-05	0.014550574982398498	0.018408153189688612	6.53623251557802e-05	0.012559119975909163	0.0	0.0
Sneathia sanguinegens	0.0	0.0	0.0	0.0	0.0	0.0	0.0	0.0	0.00031035017845135263	0.0	0.0016706022199733347	0.006623418815959086	0.002683420296028112	0.0	0.0	0.0	7.511596026365702e-05	8.353957165084636e-05	0.0	0.0	0.0	0.0	0.008492010333939336	0.0	0.0	0.10040614011185073	0.0	0.0	0.00014724016711758968	0.0001575770945935299	0.01346293624361297	0.0	0.00019719112201748427	0.0	0.0	0.0	0.0	0.00026320118440532984	0.0	0.0	0.0	0.0003152626531979455	0.00376634617633986	0.0	0.0006636228498619665	0.0	0.0	0.023078210654056994	8.117322365928893e-05	0.0025033247281545804	0.0159043622386007	0.0	0.017784705861513116	0.0	0.0005355612682090831
Nanoperiomorbus sp004136275	0.0	0.0002690703618996368	0.019830028328611898	0.0	5.206435153850159e-05	0.0	0.0	0.0	0.0004138002379351368	0.0	6.425393153743594e-05	0.0	0.01918858481524864	6.892590465249856e-05	0.0	0.00017006802721088434	0.0	0.0	0.0	0.0	7.000186671644577e-05	8.849949112792601e-05	0.0	0.0	0.0	0.0	0.0	2.9708559035858232e-05	3.681004177939742e-05	0.0	0.0	0.00011277135607555681	0.0	0.0	0.0	8.04462083020487e-05	0.0	0.0	0.0	0.0	0.0018562715460090163	7.881566329948638e-05	0.0	0.0	0.004167551497133149	0.0	0.0	0.0	0.0	0.08710787765000391	0.19585992876538422	0.0	0.0	0.019230769230769232	0.0009640102827763496
Prevotella timonensis	0.0	0.0	0.0	0.0	0.004230228562503254	0.0	0.0	0.0	0.0002069001189675684	0.0	0.00017669831172794885	0.033504857523134805	0.00010648493238206793	0.0	0.0	0.0	0.0003755798013182851	0.00010442446456355795	0.030185777408881186	0.0	0.0	0.0	0.004712467706439575	0.03233031674208145	0.0	0.015324328181971532	0.0	0.04118596567671146	0.0003957079491285223	0.0003151541891870598	0.051063691296282236	0.00011277135607555681	0.00021910124668609365	0.0	0.0023930601256356566	0.0	0.00018026370004120312	0.0	0.0002331002331002331	0.0	0.0015910898965791568	0.002456421506167326	0.00021054109060284932	0.0	0.00021235931195582927	0.004971002485501243	0.0	0.015378499393229276	0.0011093673900102819	0.0	0.005183905208590471	4.357488343718681e-05	0.0	0.011538461538461539	0.0
Peptostreptococcus anaerobius	0.0	0.0	0.0	0.0	0.00018222523038475557	0.0	0.00043956043956043956	0.0	0.0	0.0	3.212696576871797e-05	0.0005659250254142256	0.0	0.0	0.0	0.0	0.0	0.0	0.001464736469496863	0.0	0.0	0.0	3.5881733805377476e-05	0.0002714932126696833	0.0	0.0	3.1829394445770666e-05	0.03457085986472703	5.521506266909613e-05	0.0	3.254537367513208e-05	0.0	0.02024495519379505	3.9438397223536837e-05	0.0005195459483287939	0.0	0.00036052740008240625	0.0	0.0	0.00017397355601948505	0.0	0.0347577075150735	0.0	0.0	0.00355701847526014	0.0	0.0	0.0	0.0	0.0	7.052932256585676e-05	0.0	0.0	0.0	0.00032133676092544985
Sneathia vaginalis	0.0	0.0	0.0	0.0	0.00018222523038475557	0.0	0.00011988011988011988	0.0	0.0	0.0	0.0009798724559458981	0.019734015238055316	0.00647428388882973	0.00018380241240666283	0.00016503828888302086	0.0	0.0	0.0	0.015282083831750604	5.247346810269058e-05	0.00011666977786074296	0.0	0.013096832838962779	0.014027149321266969	9.98390095970248e-05	0.00010380577938676736	6.365878889154133e-05	0.00013863994216733842	0.0	0.0058303524999606055	0.050260905412295644	0.0	0.0	0.0	6.297526646409623e-05	0.00018770781937144695	0.0	0.00026320118440532984	0.0004662004662004662	0.0	0.0021214531954388757	9.195160718273412e-05	0.002924181813928463	0.00033326192006474803	0.00047780845190061586	0.0	0.0	0.007197556178599824	0.00014881757670869635	0.0015645779550966126	0.0026801142575025565	8.714976687437362e-05	0.008874639080296884	0.019230769230769232	0.0
Finegoldia magna H	0.0	0.0005829857841158796	0.0	0.0	0.01541104805539647	0.0	0.005954045954045954	0.0	0.0	0.006666666666666667	0.0001285078630748719	5.240046531613201e-05	0.00012778191885848153	0.00018380241240666283	3.300765777660417e-05	0.0	0.0001314529304613998	7.309712519449057e-05	0.0032224202328930986	0.00014430203728239908	0.0	0.00013274923669188903	3.5881733805377476e-05	0.046221719457013574	3.74396285988843e-05	5.190288969338368e-05	0.00019097636667462402	0.015973301908279777	0.009368155632856643	3.151541891870598e-05	4.339383156684277e-05	0.0	0.006310115904559497	9.202292685491928e-05	0.0033219453059810757	8.04462083020487e-05	0.00015451174289245981	0.0	0.0005827505827505828	0.0003479471120389701	0.0	0.07390282028715173	9.357381804571081e-05	7.141326858530314e-05	0.0009025270758122744	0.0024855012427506215	0.0	8.369251370464912e-05	0.0	0.00011734334663224596	0.0	0.00017429953374874723	0.0	0.0	0.00032133676092544985
Peptoniphilus lacrimalis	0.0	0.0	0.0	8.580253975517675e-05	0.0004295309001926381	0.0	0.0	0.0	0.0001034500594837842	0.0	0.00014457134595923088	0.003573711734560203	0.004642743051858162	0.0	0.0	0.0	0.0	0.0	0.004601713741669311	0.0	0.0	4.424974556396301e-05	0.0008850827671993111	0.0	0.0	0.0010510335162910195	3.1829394445770666e-05	0.02364801299254315	4.601255222424677e-05	0.004963678479696192	0.016012323848164985	0.0	0.0	0.0	0.0001416943495442165	0.0	7.725587144622991e-05	0.0	0.0	0.00017397355601948505	0.0	0.0	0.0	0.0	0.0025748566574644296	0.0	0.0	8.369251370464912e-05	0.0009064343308620597	0.0	0.0	0.0	0.0032416346341204187	0.0	0.0
Prevotella bivia	0.0	0.0	0.0	0.0	0.00588327172385068	0.0	0.00943056943056943	0.0	0.0	0.0	0.0	0.0024418616837317514	0.0	0.00013785180930499713	0.0	0.0	0.018985558956639313	0.0	0.00012206137245807192	0.0	0.0	6.637461834594451e-05	0.0	0.026085972850678735	0.0	0.0005709317866272205	0.0	0.04291896495380319	0.006515377394953344	7.878854729676495e-05	0.0004664836893435598	0.0	0.014701693652636884	0.0	3.1487633232048115e-05	0.0	0.00030902348578491963	0.0	0.0	0.0	0.0	0.05321370867103656	0.0	0.0	0.0	0.0	0.0	0.0007950788801941666	0.0003246928946371557	0.00019557224438707658	0.0	8.714976687437362e-05	0.0	0.0	0.0026778063410454155
Lactobacillus mulieris	0.0018909090909090909	0.0	0.0	0.0022594668802196544	0.0	0.0	0.027012987012987013	0.0	0.0	0.0	0.00043371403787769266	0.0	0.0008731764455329571	0.0023434807581849512	0.0	0.04470359572400389	0.0	0.00235999289913641	0.0	0.0	0.0	0.010929687154298862	0.0	0.0	0.008636074330142645	0.0	0.0	0.0	0.006855870281412769	0.0	0.00041224139988500633	0.002650126867775585	0.0	0.0	0.0	0.0013407701383674783	0.0	0.0	0.0	0.0	0.0	0.0	0.0	0.0	0.0	0.0	0.001987300664049246	0.0	0.0	0.0	0.0	0.0	0.0	0.0	0.0
Veillonella montpellierensis	0.0	0.0	0.0	0.00025740761926553026	0.13544541052741188	0.0	0.0	0.0	0.0001034500594837842	0.0	0.00019276179461230784	0.0	0.0	0.0	0.0	0.0	7.511596026365702e-05	0.0	0.0	0.0	0.0	0.0	0.0	0.014864253393665159	0.0	0.0	0.00017506166945173868	0.0	0.0001012276148933429	0.0	0.0	0.0	0.0014460682281282181	0.0	0.00012595053292819246	0.0	0.00028327152863617637	6.580029610133246e-05	0.003962703962703963	0.0	0.0	0.008012925768781116	0.0	9.521769144707087e-05	0.00010617965597791463	0.0	0.0	0.0	0.0	0.0	0.0	0.0	8.85692522983721e-05	0.0	0.001178234790059983
Prevotella sp000758925	0.0	0.0	0.0	0.0	0.0	0.0	0.0	0.0	0.0	0.0	6.425393153743594e-05	0.0	0.0006389095942924076	0.0	0.0	0.0	0.0	0.0	0.0044552400947196254	0.0	0.0	0.0	0.012534685676011865	0.0	0.0	0.0	0.0	0.0	0.0	0.0451143221821276	0.0	0.0	0.0	0.0	0.0	0.0	5.150391429748661e-05	0.0	0.0	0.0	0.0	6.567971941623865e-05	0.00037429527218284323	0.0	5.308982798895732e-05	0.0	0.0	0.0	0.0	0.0	0.00038791127411221216	8.714976687437362e-05	0.0016828157936690697	0.0	0.0
Dialister micraerophilus	0.0	0.0	0.0	0.0	0.0014187535794241682	0.0	0.013566433566433566	0.0	0.0	0.0	0.00027307920903410276	0.004265397876733145	0.0028112022148865934	0.0	0.0009737259044098231	0.0	0.00353045013239188	0.0045842339943401944	0.0028318238410272685	0.0	0.0	0.0	0.0011242943259018275	0.006063348416289593	0.0	0.0008953248472108685	0.0	0.003198621522860736	0.003690206688384591	0.0016388017837727109	0.0038403540936655855	0.0	0.007975285379373809	0.0	0.0	0.0	0.0020601565718994645	0.0008883039973679881	0.0	0.0	0.0	0.0027585482154820233	0.0015907549067770838	0.000928372491608941	0.0003185389679337439	0.0	0.0004483544181086714	0.0004393856969494079	0.0015017046376968452	0.0010560901196902137	0.0012342631449024932	0.0	0.0012399695321772093	0.0	0.007176520994001714
Gemella asaccharolytica	0.0	0.0	0.0	0.0	0.0004295309001926381	0.0	0.0	0.0	0.0	0.0	0.0009316820072928213	0.0012052107022710362	0.004919603876051538	0.0	0.0	0.0	0.008525661489925071	3.132733936906739e-05	0.005944388838708102	0.0	0.0	0.0	0.0011242943259018275	0.0	0.0	0.00014273294665680513	0.0	0.015507867816717997	0.001352769035392855	0.0041442775878098356	0.0009655127523622517	0.0	0.0	0.0	0.0	0.0	0.0	0.0	0.0	0.0	0.0	0.03785779027151996	0.00011696727255713851	0.0	0.004247186239116585	0.0033140016570008283	0.0	0.003075699878645855	0.0009470209426917041	0.00039114448877415316	0.001974821031843989	0.0	0.0019308097001045118	0.0	0.008461868037703513
Winkia neuii	0.0	0.0	0.0	0.0	0.0	0.0	0.0	0.0	0.0	0.0	0.0	0.0	0.0	0.0	0.0	0.0	0.0015774351655367975	0.0	0.0	0.0	0.0	0.0	0.0	0.0	0.0	0.00010380577938676736	0.0	0.010714886958932869	0.0041871422524064564	0.0	0.0	0.0	0.0	0.0	0.0	0.0	7.725587144622991e-05	0.0	0.0	0.0	0.0	0.02435403995954129	0.0	0.0	0.0	0.0	0.0	0.0	0.0002976351534173927	0.0	0.0	0.0	0.0	0.0	0.0
Metamycoplasma hominis	0.0	0.0	0.0	0.0	0.0	0.0	0.0	0.0	0.0	0.0	0.0	0.012429390372986512	0.005409434565009051	0.0	0.0	4.859086491739553e-05	0.012826050215019437	0.0	0.0	0.0	0.0	0.0	0.0002392115587025165	0.0	0.0	0.0	0.0	0.0	0.0018681096203044191	0.0	0.0	0.0	0.01654214412480007	0.0	0.0	0.0	5.150391429748661e-05	0.0	0.0	0.0	0.0	0.0	0.0001403607270685662	0.0	0.0	0.0	0.0	0.0034313930618906138	0.000500568212565615	0.0	0.0	0.0	0.0	0.0	0.016923736075407026
Mobiluncus curtisii	0.0	0.0	0.0	0.0	0.0	0.0	0.0	0.0	0.0	0.0	0.0	0.004202517318353787	6.389095942924077e-05	0.0	0.0	0.0	0.0	0.0	0.006164099309132632	0.0	0.0	0.0	0.0015907568653717348	0.0	0.0	0.0	0.0	0.0060011289252433625	0.0006349732206946055	0.003167299601329951	0.0002712114472927673	0.0	4.382024933721873e-05	0.0	0.0004723144984807217	0.0	0.0	0.0	0.0	0.0	0.0010607265977194379	0.002587780944999803	0.0001403607270685662	0.0	0.00021235931195582927	0.0	0.0	0.0008369251370464912	0.0	0.0	0.0004937052579609973	0.00010893720859296701	0.01590703771278763	0.0	0.0
Prevotella_7 (genus)	0.00014545454545454546	0.0	0.0	0.0	0.0	0.005681818181818182	0.0	0.0	0.0	0.0	0.0	0.0	6.389095942924077e-05	0.0	0.0	0.0	0.0	0.0	0.0	0.0	0.0	0.0	3.5881733805377476e-05	0.000248868778280543	0.0	0.0	0.0	0.022588407720264207	0.0009018460235952368	0.0	7.593920524197486e-05	5.6385678037778406e-05	0.0	0.0	0.0	0.0	7.725587144622991e-05	0.0	0.0	0.0	0.0	0.002587780944999803	0.0	0.0	0.0	0.0	0.0	0.0	0.0	0.0	0.0	0.0	0.0	0.0	0.0004284490145672665
Escherichia coli	0.003490909090909091	0.0022870980761469126	0.18980169971671387	0.001086832170232239	0.00022127349403863175	0.08901515151515152	0.0008591408591408591	0.002268774105724873	0.0028966016655459577	0.09	0.001236888182095642	0.0003353629780232448	0.0011926312426791608	0.000781160252728317	0.0007096646421969897	0.0019922254616132166	0.0006948226324388274	0.0007831834842266846	0.0009398725679271538	0.0006952734523606502	0.0009333582228859437	0.0010177441479711491	0.0004903836953401589	0.0006334841628959276	0.000499195047985124	0.000804494790247447	0.0007957348611442668	0.000772422534932314	0.0009202510444849355	0.0005515198310773546	0.0008895735471202769	0.0011840992387933465	0.0007668543634013278	0.0007887679444707368	0.00034636396555252924	0.0009653544996245844	0.0011330861145447055	0.0009541042934693206	0.004195804195804196	0.005132219902574809	0.01458499071864227	0.000630525306395891	0.0008421643624113973	0.0006903282629912638	0.0009025270758122744	0.03645401822700911	0.000315059861373661	0.0006067707243587061	0.0007846744953731263	0.0010560901196902137	0.0010579398384878513	0.0006754106932763955	0.0005314155137902326	0.1423076923076923	0.0038560411311053984
Prevotella (genus)	0.0	0.0	0.0	8.580253975517675e-05	0.0	0.0	0.0	0.0	0.00031035017845135263	0.0	0.005879234735675389	0.0	0.012480034075178363	0.0	0.015051491946131503	0.0	0.0	0.0	0.0	0.0	0.0	0.0	0.0	0.0	4.99195047985124e-05	0.0	0.0	0.0	0.003239283676586973	0.0	0.0	0.0	0.0	0.0	0.0	0.0	0.0	0.012452706037177167	0.0	0.0	0.0005303632988597189	0.0	0.023065946148267714	0.0008093503773001023	0.001167976215757061	0.0	0.0	0.0	0.013840034633908762	0.03571149182508018	0.011637338223366364	0.0	0.007315820239845536	0.0	0.0
Limosilactobacillus reuteri	0.0015515151515151516	0.0036772949459617024	0.0	0.012069557258894864	0.001184463997500911	0.0	0.0	0.0	0.0	0.0	0.002120379740735386	0.0	0.0007028005537216483	0.0	0.0	0.00954810495626822	0.0	0.0018900828086003988	0.0	0.0006821550853349775	0.0	0.0012832426213549271	0.0	0.0	0.025109510913651736	0.0	0.0	0.00039611412047810973	0.0	0.0	7.593920524197486e-05	0.008034959120383423	0.001971911220174843	0.0	0.0007242155643371066	0.013273624369838035	0.0013391017717346518	0.0	0.0008158508158508159	0.0	0.0	0.0005648455869796524	0.0	0.0	0.0	0.0	0.0	8.369251370464912e-05	2.7057741219762975e-05	0.0	0.0	0.0	0.0	0.0	0.0
Mageeibacillus indolicus	0.0	0.0	0.0	5.720169317011784e-05	2.6032175769250796e-05	0.0	0.0	0.0	0.0	0.0	0.00011244438019051291	0.0	0.0005111276754339261	0.0	0.0	0.0	0.0	0.0	0.0	0.0	0.0	0.0	0.004867955219596211	0.0	0.0	0.0	0.0	0.0	0.0	0.0011030396621547092	0.0	0.0	0.0	0.0	0.0	0.0	0.0	6.580029610133246e-05	0.0	0.0	0.0	0.0	0.00011696727255713851	0.0	0.024978764068804418	0.0	0.0	0.0	0.0	0.0	0.0010226751772049228	8.714976687437362e-05	0.006536410819619861	0.007692307692307693	0.0
Porphyromonas asaccharolytica	0.0	0.0	0.0	0.0	0.0002473056698078825	0.0	0.0	0.0	0.0	0.0	0.0	0.00041920372252905605	0.0	0.0	0.0	0.0	0.0	4.176978582542318e-05	0.00019529819593291507	0.0	0.0	0.0	0.0	0.0	0.0	9.083005696342144e-05	0.0	3.9611412047810976e-05	0.0	0.0	0.018073530847590016	0.0	0.0	0.0	0.0	0.0	0.0	0.0	0.0	0.0	0.0	0.0	0.0	0.0	0.0	0.0	0.0	0.0	0.0	0.0	0.0	0.0	0.0	0.0	0.0
Cryptobacterium curtum	0.0	0.0	0.0	0.0	0.0	0.0	0.03256743256743257	0.0	0.0	0.0	0.0	0.0	0.0	0.0	0.0	0.0	0.0	0.0	0.0	0.0	0.0	0.0	0.0	0.0	0.0	0.0	0.0	2.9708559035858232e-05	1.840502088969871e-05	0.0	0.0	0.0	0.0	0.0	0.0	0.0	7.725587144622991e-05	0.0	0.0	0.0	0.0	0.0	0.0	0.0	0.0	0.0	0.0	0.0	5.411548243952595e-05	0.0	0.0	0.0	0.0	0.0	0.0
Dialister sp001553355	0.0	0.0	0.0	0.0	0.0017181236007705524	0.0	0.0	0.0	0.0002069001189675684	0.0	0.0009959359388302571	0.0010794495855123193	0.00044723671600468534	0.0	0.0002310536044362292	0.0	0.001915456986723254	0.0	0.0019896003710665722	6.559183512836322e-05	0.0	0.0	0.0037915032054348864	0.0008597285067873303	0.0	0.0	0.0	0.003238232934908547	0.0011227062742716213	0.0016072863648540047	0.0012584211154384405	0.0	0.0023005630902039834	0.0	0.00012595053292819246	0.0	0.0	0.00027965125843066295	0.0	0.0	0.0	0.008630315131293758	0.0017311156338456499	0.00016663096003237401	0.0001858143979613506	0.0	0.0	0.004017240657823158	0.0002164619297581038	0.0016819213017288585	0.016433332157844625	0.0	0.0003011354578144651	0.0	0.0005355612682090831
Winkia sp002849225	0.0	0.0	0.0	0.0	0.0	0.0	0.027992007992007992	0.0	0.0	0.0	0.0	0.0	0.0	0.0	0.0	4.859086491739553e-05	0.0	0.0	0.0	0.0	0.0	0.0	0.0	0.0	0.0	0.0	0.0	0.0	0.0	0.0	0.0	0.0	0.0	0.0	0.0	0.0	0.0	0.0	0.0	0.0	0.0	0.0	0.0	0.0	0.0	0.0	0.0	0.0	0.0	0.0	0.0	0.0	0.0	0.0	0.0
Bifidobacterium (genus)	0.0	0.00022422530158303062	0.0	0.0	0.0	0.005681818181818182	0.0	0.0	0.0	0.0	0.0	0.0	0.0	0.0	9.902297332981252e-05	0.0	0.0008262755629002272	0.00024017626849618328	2.4412274491614384e-05	7.871020215403587e-05	0.0	0.0	8.372404554588077e-05	0.0003846153846153846	0.0	0.0	0.0	0.0014359136867331478	0.0020337548083117075	0.0	0.0	0.0	0.004579216055739357	0.0	7.871908308012029e-05	0.0	0.0	0.0	0.0002331002331002331	0.0	0.0	0.009641782810303834	0.0	0.0	0.0	0.0	0.0	0.0	0.0	0.0	0.0	0.0	0.0	0.0	0.0
Anaerococcus vaginalis B	0.0	0.0	0.0	0.0	0.004828968605196022	0.0	0.0	0.0	0.0	0.0	0.0	0.0	0.0	0.0	0.0	0.0	0.0	0.0	0.0005492761760613236	0.0	0.0	0.0	0.0	0.0019457013574660632	0.0	0.0	0.0	7.922282409562195e-05	0.004803710452211363	0.0	0.0	0.0	0.0	0.0	0.0007084717477210825	0.0	7.725587144622991e-05	0.0	0.0	0.0	0.0	0.0028373638787815097	0.0	0.0	0.0	0.0	0.0	6.276938527848684e-05	0.0	0.0	0.0	0.0	0.0	0.0	0.0
Atopobium deltae	0.0	0.0	0.0	0.0	0.0017571718644244286	0.0	0.0	0.0	0.0	0.0	0.0	0.001697775076242677	0.0	6.892590465249856e-05	0.0	0.0	0.0	0.0	0.0007689866464858531	0.0	0.0	0.0	0.0	0.0	0.0	0.0	0.0	0.0	0.0	0.0	0.0	0.0	0.0	0.0	0.0010076042634255397	0.0	0.0	0.0	0.0	0.0	0.0	0.01082401775979613	0.0	0.0	0.00026544913994478657	0.0	0.0	0.0	0.0	0.0	0.0	0.0	0.0	0.0	0.0
Prevotella denticola	0.0	0.0	0.0	0.0	0.0	0.005681818181818182	0.08195804195804196	0.0	0.0	0.0	0.0	0.0	0.0	0.0	0.0	0.0	5.6336970197742766e-05	0.0	0.0	0.0	0.0	0.0	0.0	0.0	0.0	0.0	0.0	3.9611412047810976e-05	0.0	0.0	0.0	0.0	0.0018185403474945772	0.0	0.0	0.0	0.0	0.0	0.0	0.0	0.0	0.0007618847452283684	0.0	0.0	0.0	0.0	0.0	0.0	0.0	0.0	0.0	0.0	0.0	0.0	0.0
Atopobium minutum	0.0	0.0	0.0	0.0	0.0	0.0	0.0	0.0	0.0	0.0	0.0	0.0	0.0	0.0	0.0	0.0	0.0	0.0	0.0	0.0	0.0	0.0	0.0	0.0	0.0	0.0	0.0	0.010397995662550381	0.00033129037601457677	0.0	0.0	0.0	0.0	0.0	0.0	0.0	0.0	0.0	0.0	0.0	0.0	0.0	0.0	0.0	0.0	0.0	0.0	0.0	0.0	0.0	0.0	0.0	0.0	0.0	0.0
Prevotella disiens	0.0	0.0	0.0	0.0	0.0004034987244233873	0.0	0.0	0.0	0.0	0.0	0.0	0.0008069671658684329	0.0	0.0	0.0	0.0	0.0	0.0	0.0011107584893684545	0.0	0.0	0.0	0.0	0.0007918552036199095	0.0	0.0	0.000143232275005968	0.005951614660183599	0.0005521506266909613	4.727312837805896e-05	0.0	0.0	0.0	0.0	0.0001889257993922887	0.0	0.0	0.0	0.0	0.0	0.0	0.0019441196947206643	0.0	0.0	0.0	0.0	0.0	0.0	0.0	0.00015645779550966127	0.00010579398384878514	0.0	0.0	0.0	0.0
Prevotella colorans	0.0	0.0	0.0	0.0	0.00026032175769250796	0.0	0.0	0.0	0.0	0.0	0.0	0.0001676814890116224	0.0	0.0	0.0	0.0	0.0	0.0	0.002673144056831775	0.0	0.0	0.0	0.0	0.006380090497737557	0.0	0.0013364994096046298	0.0	0.006773551460175676	0.0018036920471904735	0.0	0.003080962041245837	0.0	0.0	0.0	0.0	0.0	0.0	0.0	0.0	0.0	0.0	0.0	0.0	0.0	0.0	0.0	0.0	0.0	5.411548243952595e-05	0.0	0.0	0.0	0.0	0.0	0.0
Prevotella amnii	0.0	0.0	0.0084985835694051	0.0	0.0	0.0	0.0	0.0	0.0	0.0	0.00126901514786436	0.0	0.002747311255457353	0.0	0.0	0.0	0.0	0.0	0.0	0.0	0.0	0.0	0.008384365132523204	0.0	7.48792571977686e-05	0.0	0.0	0.0	0.0	0.0	0.0	0.0	0.0	0.0	0.0	0.00013407701383674783	0.0	0.0	0.0	0.00026096033402922753	0.0	0.0	0.0008421643624113973	0.0013330476802589921	0.00026544913994478657	0.0	0.0	0.0	0.0	0.0	0.007335049546849102	0.0	0.00441074876445893	0.0	0.0
Peptoniphilus coxii	0.0	0.0	0.0	0.0	0.0024860727859634508	0.0	0.0	0.0	0.0	0.0	0.0	0.0	0.0	0.0	0.0	0.0	0.0	0.0	0.00015867978419549348	0.0	0.0	0.0	0.0	0.004208144796380091	0.0	0.0	0.0	7.922282409562195e-05	0.0015092117129552943	0.0	0.0	0.0	0.0	0.0	0.0008029346474172269	0.0	0.0	0.0	0.0	0.0	0.0	0.013595701919161401	0.0	0.0	0.0	0.0	0.0	0.0	0.0	0.0	0.0	0.0	0.0	0.0	0.0
Prevotella sp000479005	0.0	0.0	0.0	0.0	0.0	0.0	0.0	0.0	0.0	0.0	0.0	0.006151814628113898	0.000362048770099031	0.0	0.0	0.0	0.0	0.0	0.00595659497595391	0.0	0.0	0.0	0.001973495359295761	0.004773755656108597	0.0	0.0010640092387143654	0.0	0.010239550014359137	0.0	0.0034351806621389517	0.0059232580088740385	0.0	0.0	0.0	0.0003621077821685533	0.0	0.0	0.0	0.0	0.0	0.0	0.0	0.0	0.0	0.0	0.0	0.0	0.005147089592835921	0.0	0.0	0.0	0.0	0.00019485235505641862	0.0	0.0
Bifidobacterium breve	0.0	0.0	0.0	0.0	0.0	0.0	0.0	0.0	0.0	0.0	0.0	0.0	0.0	0.0	0.0	0.0	0.0	0.0	0.0	0.0	0.0	0.0	0.0	0.0	0.0	0.0	0.0	0.00027727988433467684	0.0	0.0	0.0	0.0	0.0196533818277426	0.0	0.0	0.0	0.00023176761433868975	0.0	0.0	0.0	0.0	0.0	0.0	0.0	0.0	0.0	0.0	0.0	0.0	0.0	0.0	0.0	0.0	0.0	0.0
Bacteroides (genus)	0.0026666666666666666	0.0014350419301313961	0.08781869688385269	0.0004862143919460016	9.111261519237778e-05	0.10416666666666667	0.0007392607392607393	0.0011343870528624366	0.0010862256245797342	0.056666666666666664	0.0009638089730615392	0.0002829625127071128	0.0008731764455329571	0.0004135554279149914	0.0004621072088724584	0.0009475218658892129	0.000657264652306999	0.0006161043409249919	0.0004760393525864805	0.000629681617232287	0.0006533507560201606	0.0007522456745873711	0.0005501865850157879	0.0005656108597285068	0.0004742352955858678	0.0006358103987439501	0.00044561152224078935	0.0005743654746932592	0.0003865054386836729	0.00034666960810576575	0.000672604389286063	0.0013250634338877925	0.00039438224403496854	0.0003943839722353684	0.0003935954154006014	0.0009653544996245844	0.0013133498145859086	0.00027965125843066295	0.0038461538461538464	0.0037404314544189285	0.010342084327764518	0.0006042534186293956	0.0007953774533885419	0.00040467518865005116	0.0008759821618177957	0.03645401822700911	0.00026658911347002083	0.001129848935012763	0.000608799177444667	0.0006649456309160604	0.0010932044997707796	0.0007843479018693625	0.00033656315873381397	0.09230769230769231	0.0038560411311053984
Streptococcus agalactiae	0.0	0.0	0.0	0.0	0.0	0.0	0.0	0.0	0.0	0.0	0.0	0.0	0.0	0.0	0.0	0.0	0.0	0.0	0.0	0.0	0.0	0.0	0.0	0.0	0.0	0.0	0.0	0.0	0.0	0.0	5.424228945855347e-05	0.0	8.764049867443746e-05	0.0	0.0	0.0	0.0	0.0	0.0	0.0	0.0005303632988597189	0.010850289647562626	0.0	0.0	0.0	0.0	0.0	0.0	0.0	0.0	0.0	0.0	0.0	0.0	0.0
Anaerococcus murdochii	0.0	0.0	0.0	0.0	0.00426927682615713	0.0	0.0	0.0	0.0	0.0	0.0	0.0	0.0	0.0	0.0	0.0	0.0	0.0	0.00039059639186583015	0.0	0.0	0.0	0.0	0.0	0.0	0.0	0.0	0.0	0.002650323008116614	0.0	0.0	0.0	0.0	0.0	0.0015743816616024056	0.00013407701383674783	0.0	0.0	0.0	0.0	0.0	0.0	0.0	0.0	0.0	0.0	0.0	0.0	0.0	0.0	0.0	0.0	0.0	0.0	0.0
Limosilactobacillus coleohominis	0.0	0.0	0.0	0.0	0.0	0.0	0.0	0.0	0.0	0.0	0.0	0.0	0.0	0.0	0.0003465804066543438	0.0	0.0	0.0	0.0	0.0	0.0	0.0	0.0	0.0	0.0	0.0	0.0	0.0	0.0034877514585979056	0.0	0.0	0.0	0.0	0.0	0.0	0.0	0.0	0.0	0.0	0.0	0.0	0.0011822349494922959	0.0	0.0	0.0	0.0	0.0	0.0	0.0	0.0	0.0	0.0045317878774674275	0.0	0.0	0.001178234790059983
Anaerococcus lactolyticus	0.0	0.0	0.0	0.0	0.0003774665486541365	0.0	0.0	0.0	0.0	0.0	0.0	0.0	0.0	0.0	0.0	0.0	0.0	0.0	0.0005492761760613236	7.871020215403587e-05	0.0	0.0	0.0	0.0014027149321266968	0.0	0.0	0.0	0.00263415890117943	0.0	0.0	0.0019527224205079248	0.0	0.0	0.0	0.0018262827274587905	0.0	0.0	0.0	0.0	0.0	0.0	0.0003283985970811933	0.0	0.0	0.0006105330218730092	0.0	0.0	0.0	0.0	0.0	0.0	0.0	0.0	0.0	0.0
Collinsella aerofaciens H	0.0005818181818181818	0.0005381407237992735	0.0113314447592068	0.0001716050795103535	0.00013016087884625398	0.030303030303030304	0.0005394605394605395	0.0006050064281932996	0.0002069001189675684	0.02	0.00030520617480282074	0.00020960186126452803	0.00040464274305185814	0.0002527283170591614	0.00028056509110113546	0.0003401360544217687	0.00030046384105462807	0.00010442446456355795	0.00012206137245807192	0.0002623673405134529	0.00014000373343289155	0.00026549847338377806	0.0002272509807673907	6.787330316742082e-05	0.0001123188857966529	0.00015570866908015105	0.00035012333890347737	0.0002871827373466296	0.00023926527156608324	0.0001418193851341769	0.0001735753262673711	0.00031012122920778123	0.000241011371354703	0.0002892149129726035	7.871908308012029e-05	0.00013407701383674783	0.00028327152863617637	9.870044415199868e-05	0.002680652680652681	0.0007828810020876827	0.0042429063908777515	7.881566329948638e-05	0.0001637541815799939	0.00014282653717060629	0.00021235931195582927	0.00579950289975145	9.69414958072803e-05	0.00027200066954010966	0.0002029330591482223	0.00035203003989673785	0.0008110872095073527	0.00023966185890452742	0.0003011354578144651	0.019230769230769232	0.0006426735218508997
Fenollaria massiliensis	0.0	0.0	0.0	0.0	0.0029025875982714635	0.0	0.0	0.0	0.0	0.0	0.0	6.288055837935841e-05	0.0	0.0	0.0	0.0	0.0	0.0	0.0021360740180162586	0.0	0.0	0.0	0.0	0.0	0.0	0.0	0.0	0.0	0.0	7.878854729676495e-05	0.0	0.0	4.382024933721873e-05	0.0	0.0022041343262433678	0.0	0.00015451174289245981	0.0	0.0	0.00017397355601948505	0.0	0.0	7.01803635342831e-05	0.0	0.002468677001486515	0.0	0.0	0.0	0.0	0.0	0.001410586451317135	0.0	0.0	0.0	0.0
Anaerococcus hydrogenalis	0.0	0.0	0.0	0.0	0.00015619305461550477	0.0	0.0	0.0	0.0	0.0	0.0	0.0	0.0	0.0	0.0	0.0	0.0	0.0	0.0	0.0	0.0	0.0	0.0	0.0	0.0	0.0	0.0	0.005099969301155663	0.0004785305431321665	0.0	0.0	0.0	0.00017528099734887492	0.0	0.0	0.0	0.0	0.0	0.0	0.0	0.0	0.0	0.0	0.0	0.0	0.0	0.0	0.0	0.0	0.0	0.0	6.53623251557802e-05	0.0	0.0	0.0
Streptococcus anginosus	0.0	0.0	0.0	0.0	0.005219451241734784	0.0	0.0	0.0	0.0	0.0	0.0	0.0	0.0	0.0	0.0	0.0	0.0	0.0	0.0	0.0	0.0	0.0	0.0	0.0018099547511312218	0.0	6.48786121167296e-05	0.00022280576112039468	0.0	0.0	0.0	0.0	0.0	0.0	0.0	0.001054835713273612	0.00018770781937144695	0.0	0.0	0.0	0.0	0.0	0.0004203502042639274	0.0	0.0	0.0	0.0	0.0	0.0	0.0	0.0	0.0	0.0	0.0	0.0	0.0
Peptococcus (genus)	0.0	0.0	0.0	0.0	0.0	0.0	0.0	0.0	0.0	0.0	0.0	0.0	0.0	0.0	0.0	0.0	0.0	0.0	9.764909796645754e-05	0.0	0.0	0.0	0.0	0.0	0.0	0.0	0.0	0.0035848327903268934	0.0	0.0	0.0	0.0	0.0	0.0	0.0	0.0	0.0	0.0	0.0	0.0	0.0	0.0	0.0	0.0	0.004034826927160756	0.0	0.0	0.0	0.0	0.0	0.0	0.0	0.0	0.0	0.0
Agathobacter sp900543445	0.0010666666666666667	0.0007175209650656981	0.028328611898016998	0.000343210159020707	0.00010412870307700318	0.026515151515151516	0.00015984015984015984	0.0003025032140966498	0.00031035017845135263	0.03333333333333333	0.00022488876038102582	0.00011528102369549042	0.00027686082419337666	0.0002986789201608271	0.0001320306311064167	0.000413022351797862	0.0001690109105932283	0.00015663669684533692	0.0	0.00014430203728239908	0.00014000373343289155	0.0	0.0	9.049773755656108e-05	0.0001372786381959091	0.00020761155877353473	0.0003660380361263627	9.902853011952743e-05	0.00015644267756243903	0.0	0.00022781761572592457	0.0005074711023400056	0.0	0.0001971919861176842	9.446289969614434e-05	0.0	0.00033477544293366294	0.00018095081427866425	0.0016317016317016317	0.0009568545581071677	0.0	0.0001313594388324773	0.0001403607270685662	0.00014282653717060629	0.0	0.006628003314001657	0.0	0.0002092312842616228	0.00018940418853834081	0.0004693733865289838	0.0005289699192439257	0.0001307246503115604	0.0	0.019230769230769232	0.0
Howardella (genus)	0.0	0.0	0.0	0.0	0.0008460457125006508	0.0	0.0027572427572427572	0.0	0.0	0.0	0.0	0.00018864167513807522	0.0001703758918113087	0.0	0.0	0.0	0.00046947475164785637	0.0	0.0006469252740277812	0.0	0.0	0.0	0.0	0.0006787330316742081	0.0	0.0	0.0	0.0005743654746932592	5.521506266909613e-05	0.0	0.00022781761572592457	0.0	0.00019719112201748427	0.0	0.0004565706818646976	0.0	0.0	0.0	0.0	0.0	0.0	0.0001313594388324773	0.0	0.0	0.00029199405393926523	0.0	0.0	0.0	0.0	0.0	0.0	0.0	0.0	0.0	0.0
Lancefieldella rimae	0.0	0.0	0.0	0.0	0.0	0.0	0.007932067932067932	0.0	0.0	0.0	0.0	0.0	0.0	0.0	0.0	0.0	0.0	0.0	0.0	0.0	0.0	0.0	0.0	0.0	0.0	0.0	0.0	0.0	0.0	0.0	0.0	0.0	0.0	0.0	0.0	0.0	0.0	0.0	0.0	0.0	0.0	0.0	0.0	0.0	0.0	0.0	0.0004120013571809413	0.0	0.0	0.0	0.0	0.0	0.0	0.0	0.0
Phascolarctobacterium (genus)	0.0003393939393939394	0.0004932956634826674	0.014164305949008499	0.00022880677268047135	7.809652730775239e-05	0.007575757575757576	0.00021978021978021978	0.0	0.0001034500594837842	0.0	0.0002409522432653848	9.432083756903761e-05	0.0001703758918113087	0.00013785180930499713	9.902297332981252e-05	0.00019436345966958212	9.389495032957128e-05	0.0002088489291271159	3.6618411737421576e-05	0.00010494693620538116	0.00014000373343289155	6.637461834594451e-05	9.56846234810066e-05	9.049773755656108e-05	0.0001123188857966529	3.892716727003776e-05	0.00012731757778308266	6.931997108366921e-05	0.00011043012533819226	0.0001418193851341769	0.00021696915783421387	0.00016915703411333522	6.57303740058281e-05	0.00017089972130199295	0.0	0.0	0.0	0.00019740088830399736	0.0009324009324009324	0.0012178148921363954	0.0021214531954388757	0.0001707672704822205	0.0	0.00011902211430883859	0.00021235931195582927	0.00579950289975145	4.847074790364015e-05	0.0002301544126877851	6.764435304940744e-05	0.00043025893765156846	0.0005289699192439257	0.0002614493006231208	0.00010628310275804652	0.023076923076923078	0.0
Actinobacteria (class)	0.0	0.0	0.0	0.0	0.0	0.0	0.0	0.0	0.0	0.0	0.0	0.0	0.0007666915131508892	0.0	0.0	0.0	0.0015210981953390546	0.0	0.0	0.0	0.0	0.0	0.00027509329250789395	0.0	0.0	0.0	0.0	0.0	0.0	0.0	0.0	0.0	0.0	0.0	0.0	0.0	0.0	0.0	0.0	0.0	0.0	0.0	0.0007018036353428311	0.0	0.0029730303673816097	0.0	0.0	0.0011089258065866009	0.0	0.0005867167331612298	0.002785908241351342	0.0	0.0	0.0	0.0
Arcanobacterium A sp000758825	0.0	0.0	0.0	0.0	0.0	0.0	0.0	0.0	0.0	0.0	0.0	0.0	0.0011926312426791608	0.0	0.0	0.0	0.0	0.0	0.0	0.0	0.0	0.0	0.0	0.0	0.0	0.0	0.0	0.0	0.00011963263578304162	0.0	0.0	0.0	0.0	0.0	0.0	0.0	0.0	0.0	0.0	0.0	0.0	0.0	0.00011696727255713851	0.0	0.0	0.0	0.0	0.005147089592835921	0.0	0.0012516623640772902	0.0008110872095073527	0.0	0.0	0.0	0.0
Peptoniphilus duerdenii	0.0	0.0	0.0	0.0	0.0013666892278856666	0.0	0.0	0.0	0.0	0.0	0.0	0.0	0.0	6.892590465249856e-05	0.0	0.0	0.0	0.0	0.0007201620975026243	2.623673405134529e-05	0.0	0.0	0.0	0.0	0.0	0.0	0.0	0.0010497024192669907	0.0	0.0	0.0	0.0	0.0	0.0	0.0011020671631216839	0.0	0.0	0.0	0.0	0.0	0.0	3.940783164974319e-05	0.0	0.0	0.0009556169038012317	0.0	0.0	0.0	0.0	0.0	0.00017632330641464188	0.0	0.0	0.0	0.0
Staphylococcus haemolyticus	0.0	0.0	0.0	0.0	0.0	0.0	0.0	0.0	0.0	0.0	0.0	0.0	0.00025556383771696306	0.0	0.0	0.0	0.0	0.0	0.0	0.0	0.0	0.005818841541661135	0.0	0.0003167420814479638	0.0	0.0	0.0	0.0	0.0	0.0	0.0	0.0	0.006156745031879232	2.6292264815691224e-05	0.0	0.0	0.0	0.0	0.0	0.0	0.0	0.0	0.0	0.0	0.0	0.0	0.0	0.0	0.0	0.0	0.0	0.0	0.0	0.0	0.0
Streptococcus pyogenes	0.0	0.0	0.0	0.0	0.0	0.0	0.0	0.0	0.0	0.0	0.0	0.0	0.0	0.0	0.0	0.0	0.0	0.0	0.0	0.0	0.0	0.0	0.0	0.0	0.0	0.0	0.0	0.0	0.0	0.0	0.0	0.0	0.0	0.0	0.0	0.0	0.010172023073753604	0.0	0.0	0.0	0.0	0.0	0.0	0.0	0.0	0.0	0.0	0.0	0.0	0.0	0.0	0.0	0.0	0.0	0.0
Clostridium_sensu_stricto_1 (genus)	0.0	0.0	0.0	0.0	0.0016139948976935492	0.0	7.992007992007992e-05	0.0018150192845798987	0.001551750892256763	0.0	0.0	0.0	0.0	0.004549109707064905	0.0	0.0	0.0	0.0	0.0	0.0	0.0	0.0	0.0	0.0	0.0	0.0	0.0	0.0	0.0	0.0	0.0	0.0035804905553989286	0.0001314607480116562	0.0	0.00017318198277626462	0.0	0.0	0.0	0.0	0.0	0.0	0.0	0.0	0.0	0.0	0.0	0.0026295380737724784	0.0	0.0	0.0	0.00017632330641464188	0.0	0.0	0.0	0.0
Bacteroides uniformis	0.0007272727272727272	0.0004932956634826674	0.042492917847025496	0.00037181100560576595	6.508043942312699e-05	0.022727272727272728	0.00017982017982017982	0.0005293806246691371	0.0003620752081932447	0.02	0.00028914269191846175	0.00011528102369549042	0.00040464274305185814	0.00013785180930499713	0.0	0.0005102040816326531	0.0002065688907250568	0.00012530935747626955	8.544296072065034e-05	0.00010494693620538116	0.0	0.00030974821894774106	0.00017940866902688737	0.00018099547511312217	0.0002121578953936777	0.00022058728119688065	0.00017506166945173868	0.0002079599132510076	0.00028527782379033	0.0001575770945935299	0.0003471506525347422	0.00022554271215111362	0.0002848316206919217	0.0002103381185255298	0.0001102067163121684	0.0	0.0005407911001236094	0.00016450074025333114	0.0017482517482517483	0.0005219206680584551	0.0026518164942985947	0.00010508755106598185	0.00035090181767141553	0.00028565307434121257	0.00010617965597791463	0.007456503728251864	0.00010905918278319034	0.00018830815583546052	0.00025704854158774824	0.00027380114214190724	0.0006347639030927107	0.00017429953374874723	0.00014171080367739536	0.04230769230769231	0.0
Blautia A luti	0.0	0.0002690703618996368	0.014164305949008499	0.0001430042329252946	0.00010412870307700318	0.007575757575757576	0.00017982017982017982	0.0003025032140966498	0.0	0.0	8.031741442179493e-05	9.432083756903761e-05	0.0	0.0	0.00014853445999471877	0.0002672497570456754	0.0	9.398201810720216e-05	8.544296072065034e-05	0.00018365713835941702	0.00014000373343289155	0.0	0.0	0.0001583710407239819	0.0001497585143955372	0.00011678150181011328	0.00015914697222885334	5.9417118071716464e-05	7.362008355879484e-05	0.00011030396621547092	0.0001844237841590818	0.0	0.0	0.0001183151916706105	0.00012595053292819246	0.0002949694304408452	0.00023176761433868975	8.225037012666557e-05	0.0	0.0007828810020876827	0.0	0.00011822349494922957	0.0	0.00019043538289414174	0.0001858143979613506	0.004971002485501243	9.69414958072803e-05	0.0001046156421308114	9.470209426917041e-05	0.0	0.0004584405966780689	0.0	0.0	0.0	0.0005355612682090831
Slackia exigua	0.0	0.0	0.0	0.0	0.0004555630759618889	0.0	0.0	0.0	0.0	0.0	0.0	0.0	0.0	0.0	0.0	0.0	0.0	0.0	0.0003295657056367942	0.0	0.0	0.0	0.0	0.0007239819004524887	0.0	0.0	0.0	0.0007427139758964558	0.0004509230117976184	0.0	7.593920524197486e-05	0.0	0.0	0.0	0.0001416943495442165	0.0	0.0	0.0	0.0	0.0	0.0	0.0006042534186293956	0.0	0.0	0.0	0.0	0.0	0.0	0.0	0.0	0.0	0.0	0.0	0.0	0.0
Streptococcus salivarius	0.0	0.0003139154222162429	0.0	0.00020020592609541242	0.0	0.0	0.0	0.0	0.0	0.0	0.0	4.19203722529056e-05	0.0	0.0	4.951148666490626e-05	0.0	0.0	0.0	0.00010985523521226473	0.0	0.0	0.00022124872781981503	3.5881733805377476e-05	0.0	0.0	0.0	0.0	0.0	5.521506266909613e-05	0.0	0.00010848457891710693	0.0	0.0	0.0003680917074196771	0.0	0.0032446637348492974	0.0	9.870044415199868e-05	0.0	0.0006958942240779402	0.0021214531954388757	0.0	0.0	0.0	0.0	0.009942004971002486	7.270612185546023e-05	0.0	8.117322365928893e-05	0.0	0.00017632330641464188	0.0	0.0	0.0	0.0
Actinotignum sanguinis	0.0	0.0	0.0	0.0	0.0007939813609621492	0.0	0.0	0.0	0.0	0.0	0.0	0.0	0.0	0.0	0.0	0.0	0.0	0.0	0.0	0.0	0.0	0.0	0.0	0.0	0.0	0.0	0.0	0.0	0.0	0.0	0.0	0.0	0.0	0.0	0.0024402915754837286	0.0	0.0	0.0	0.0	0.0	0.0	5.254377553299092e-05	0.0	0.0	0.0	0.0	0.0	0.0	0.0	0.0	0.0	0.0	0.0	0.0	0.0
Sutterella sp900762445	0.0	0.0	0.0	0.0	0.002525121049617327	0.0	0.0	0.0	0.0	0.0	0.0	0.0	0.0	0.0	0.0	0.0	0.0	0.0	0.0	0.0	0.0	0.0	0.0	0.0	0.0	0.0	0.0	0.0	0.0	0.0	0.0	0.0	8.764049867443746e-05	0.0	0.0	0.0	7.725587144622991e-05	0.0	0.0	0.0	0.0	0.0	0.0	0.0	0.0	0.0	0.0	0.0	0.0	0.0	0.0	0.0	0.0	0.0	0.0
Parvimonas parva	0.0	0.0	0.0	0.0	0.0	0.0	0.0	0.0	0.0	0.0	0.0	0.0	0.0	0.0	4.951148666490626e-05	0.0	0.0	0.0	0.00108634621487684	0.0	0.0	0.0	0.0	0.0	0.0	0.0	0.0	0.0	0.0	0.0	0.0	0.0	0.0	0.0	0.0	0.0	0.0	0.0	0.0	0.0	0.0	0.0013135943883247731	0.0	0.0	0.0	0.0	0.0	0.0	0.0	0.0	0.0	0.0	0.0	0.0	0.0
Limosilactobacillus fermentum	0.0	0.0	0.0	0.0	0.0	0.0	0.0004995004995004995	0.0	0.0	0.0	0.0	0.0	0.0	0.0	0.0	0.0	0.0	0.0	0.0	0.0	0.0	0.0	0.0	0.0	0.0	0.0	0.0	0.0	0.0014079840980619513	0.0	0.0	0.0	0.0	0.0	0.0	0.0	0.0	0.0	0.0	0.0	0.0	0.0	0.0	0.0	0.0	0.0	0.0	0.0	0.0	0.0	0.0	0.0	0.0	0.0	0.0
Corynebacterium riegelii	0.0	0.0	0.0	0.0	0.0	0.0	0.0	0.0	0.0	0.0	0.0	0.0	0.0	0.0	0.0	0.0	0.0	0.0	0.0005370700388155164	0.0	0.0	0.0	0.0	0.0	0.0	0.0	0.0	0.0	3.681004177939742e-05	0.0	0.0	0.0	0.0	0.0	0.001952233260386983	0.0	0.0	0.0	0.0	0.0	0.0	0.0	0.0	0.0	0.0	0.0	0.0	0.0	0.0	0.0	0.0	0.0	0.0	0.0	0.0
Anaeroglobus vaginalis	0.0	0.0	0.0	0.0	0.0	0.0	0.0	0.0	0.0	0.0	0.0	0.0	0.0	0.0	0.0	0.0	0.0	0.0	0.0	0.0	0.0	0.0	0.0	0.0032126696832579186	0.0	0.0	0.0	0.0006337825927649756	0.0	0.0	0.0	0.0	0.0	0.0	0.0	0.0	0.0	0.0	0.0	0.0	0.0	0.0	0.0	0.0	0.0	0.0	0.0	0.0	0.0	0.0	0.0	0.0	0.0	0.0	0.0
Prevotellaceae (family)	0.0	0.0	0.0	0.0	0.0	0.0	0.0	0.0	0.0	0.0	0.0	0.0	0.0053242466191033965	0.0	0.0	0.0	0.0	0.0	0.0	0.0	0.0	0.0	0.0	0.0	0.0	0.0	0.0	0.0	0.0	0.0	0.0	0.0	0.0	0.0	0.0	0.0	0.0	0.0	0.0	0.0	0.0	0.0	0.0	0.0	0.0	0.0	0.0	0.0	0.0	0.0	0.0	0.0	0.0	0.0	0.0
Faecalibacterium prausnitzii	0.0	0.0	0.053824362606232294	0.000343210159020707	0.0	0.015151515151515152	0.0	0.00045375482114497467	0.0	0.0	0.0	0.0	0.0001703758918113087	0.0	8.251914444151043e-05	0.00036443148688046647	0.0	0.00016707914330169271	0.00019529819593291507	0.0	0.00014000373343289155	0.00017699898225585203	8.372404554588077e-05	0.0	0.0	0.00014273294665680513	0.0	0.0001584456481912439	0.00016564518800728838	0.0001418193851341769	0.0	0.0	0.0	0.0	0.0	0.00021452322213879653	0.0005150391429748661	0.0	0.0	0.0009568545581071677	0.0031821797931583136	0.00019703915824871595	0.0	0.0	0.0	0.0	0.0	0.0	0.0	0.0	0.0	0.0	0.00010628310275804652	0.023076923076923078	0.0005355612682090831
Rikenellaceae_RC9_gut_group (genus)	0.0	0.0	0.0	0.0	0.0	0.0	0.0	0.0	0.0	0.0	9.638089730615392e-05	0.0	0.0013630071344904696	0.0	0.0	0.0	0.0	0.0	0.0	0.0	0.0	0.0	0.0	0.0	0.0	0.0	0.0	0.0	0.0	0.0	0.0	0.0	0.0	0.0	0.0	0.0	0.0	0.0	0.0	0.0	0.0	0.0	0.0007719839988771142	0.0	0.00010617965597791463	0.0	0.0	0.0	0.0	0.0	0.00010579398384878514	0.0	0.0006731263174676279	0.0	0.0
Levilactobacillus brevis	0.0	0.0	0.0	0.0	0.0	0.0	0.0	0.0	0.0	0.0	0.0	0.0	0.0	0.0	0.0	0.0	0.0	0.0	0.0	0.0	0.0	0.0	0.0	0.0	0.0	0.0	0.0	0.001465622245769006	0.0	0.0	0.0	0.0	0.0	0.0	0.0	0.0	0.0	0.0	0.0	0.0	0.0	0.0	0.0	0.0	0.0	0.0	0.0	0.0	0.0	0.0	0.0	0.0	0.0	0.0	0.0
Staphylococcus epidermidis	0.0	0.0003139154222162429	0.0	0.0	0.0	0.0	0.0	0.0	0.0	0.0	6.425393153743594e-05	0.0	0.0	0.0	0.0	0.0	0.0	0.00014619425038898113	0.0	0.0	0.0	0.0021018629142882427	0.0	0.0	0.0	0.0	0.0	0.0	0.0	0.0	0.0	0.0	0.0005915733660524529	0.0	0.0	0.0	0.0	0.0	0.0	0.0	0.0	0.0	0.0	0.0	0.0	0.0	0.0	0.0	0.0	0.0	0.0	0.0	0.0	0.0	0.0
Unclassified	0.0	0.0	0.0	0.00011440338634023568	3.904826365387619e-05	0.0	0.0006793206793206793	0.0	0.0	0.0	0.0	0.0	4.2593972952827175e-05	0.0	0.0	0.0	0.00015023192052731403	0.0	0.0	0.0	0.0005366809781594176	0.0	0.0	0.0	0.0014102260105579752	0.00048010172966379903	0.0032465982334686084	0.0	0.0006257707102497561	0.0001418193851341769	0.001236724199655019	0.0001973498731322244	0.0052803400451348565	0.0	0.0	0.00010726161106939826	0.0	8.225037012666557e-05	0.0019813519813519816	0.009394572025052192	0.0	0.0	0.0	0.0	0.0	0.0	0.0018176530463865058	0.0	0.0	0.0	0.0	0.0005446860429648351	0.0	0.0	0.0
Megasphaera hutchinsoni	0.0	0.0	0.0	0.0	0.0	0.0	0.0	0.0	0.0	0.0	0.0	0.0	0.0020445107017357045	0.0	0.0	0.0	0.0	0.0	0.0	0.0	0.0	0.0	0.0	0.0	0.0	0.0	0.0	0.0	0.0	0.0	0.0	0.0	0.0	0.0	0.0	0.0	0.0	0.001019904589570653	0.0	0.0	0.0	0.0	0.0	0.0	0.0	0.0	0.0	0.0	0.0	0.0	0.00017632330641464188	0.0	0.0	0.0	0.0
Varibaculum cambriense B	0.0	0.0	0.0	0.0	0.0	0.0	0.0	0.0	0.0	0.0	0.0	0.0	0.0	0.0	0.0	0.0	0.0	0.0	0.00015867978419549348	0.0	0.0	0.0	0.0	0.0	0.0	0.0	0.0	0.0	0.0	0.0	5.424228945855347e-05	0.0	0.0	0.0	0.0017633074609946944	0.0	0.0	0.0	0.0	0.0	0.0	0.0	0.0	0.0	0.0	0.0	0.0	0.0	0.0	0.0	0.00014105864513171352	0.0	0.0	0.0	0.0
Subdoligranulum (genus)	0.00014545454545454546	0.00017938024126642452	0.019830028328611898	0.00011440338634023568	3.904826365387619e-05	0.0	5.994005994005994e-05	0.0	0.0002069001189675684	0.0	0.00011244438019051291	7.336065144258481e-05	0.0001703758918113087	6.892590465249856e-05	3.300765777660417e-05	0.00021865889212827988	0.00015023192052731403	0.00014619425038898113	4.882454898322877e-05	0.0	0.0	8.849949112792601e-05	7.176346761075495e-05	0.00011312217194570136	4.99195047985124e-05	6.48786121167296e-05	7.957348611442667e-05	0.0001584456481912439	6.441757311394548e-05	7.878854729676495e-05	0.0003037568209678994	0.0	6.57303740058281e-05	0.0	0.0	8.04462083020487e-05	0.00012875978574371653	6.580029610133246e-05	0.0	0.0003479471120389701	0.0	0.0	9.357381804571081e-05	7.141326858530314e-05	0.0	0.0	4.847074790364015e-05	0.0001046156421308114	0.0	0.0	0.00028211729026342703	0.0	0.0	0.011538461538461539	0.0
Limosilactobacillus vaginalis	0.0	0.0	0.0	0.0	0.0	0.0	0.0	0.0	0.0	0.0	0.0	0.0	0.0	0.0	0.0	0.0	0.0	0.0	0.0	0.0	0.0	0.0	0.0	0.0	0.0	0.0	0.0	0.0	0.0	0.0	0.0	0.0	0.0	0.0	0.0	0.003217848332081948	0.0	0.0	0.0	0.0	0.0	0.0	0.0	0.0	0.0	0.0	0.0	0.0	0.0	0.0	0.0	0.0	0.0	0.0	0.0
Ruminococcaceae (family)	0.0	0.00044845060316606124	0.0	0.0	0.0	0.03409090909090909	0.00011988011988011988	0.0	0.0	0.0	0.0001285078630748719	3.1440279189679205e-05	0.00021296986476413587	0.0	6.601531555320834e-05	0.0	0.0001690109105932283	9.398201810720216e-05	0.0	0.0	0.0	0.0	7.176346761075495e-05	0.00011312217194570136	0.0	0.0001816601139268429	0.00025463515556616533	0.00010893138313148017	0.0	9.454625675611793e-05	0.0	0.000281928390188892	0.0001314607480116562	0.0001051690592627649	0.0	8.04462083020487e-05	0.0	0.00011515051817733179	0.0	0.0	0.0	6.567971941623865e-05	0.0001637541815799939	0.0	0.0	0.004142502071251036	3.6353060927730115e-05	0.00018830815583546052	0.0	0.00043025893765156846	0.0	0.0	0.0	0.0	0.0
Bifidobacterium longum	0.0002909090909090909	0.0	0.014164305949008499	0.0	0.00019524131826938095	0.0	0.00011988011988011988	0.0	0.0	0.0	0.0	2.09601861264528e-05	0.0	0.0	0.0	0.0	3.755798013182851e-05	0.0	0.0	0.0	0.0	0.0	0.0	0.0	8.73591333973967e-05	0.0	6.365878889154133e-05	0.0	0.0	0.0	0.0001518784104839497	0.00016915703411333522	0.0	9.202292685491928e-05	0.0	0.0	0.00020601565718994644	8.225037012666557e-05	0.0	0.0003479471120389701	0.0	0.0	0.0	0.0	0.0	0.008285004142502071	0.0	0.0	5.411548243952595e-05	0.00011734334663224596	0.00024685262898049864	0.0	0.0	0.0	0.0
Enterococcus faecalis	0.0009212121212121212	0.0	0.0	0.0001430042329252946	3.904826365387619e-05	0.0	0.0	0.0	0.0	0.0	8.031741442179493e-05	0.0	0.0	0.0	0.0	0.0	0.0	0.0	0.00031735956839098697	0.0001180653032310538	0.0	0.00026549847338377806	0.0	0.0	0.0	9.083005696342144e-05	0.00019097636667462402	5.9417118071716464e-05	7.362008355879484e-05	4.727312837805896e-05	0.0	0.0005356639413588948	0.0003724721193663592	0.0	6.297526646409623e-05	0.0	0.00020601565718994644	0.00027965125843066295	0.0011655011655011655	0.0	0.0	0.0	0.0	0.0	0.0	0.004971002485501243	4.847074790364015e-05	0.0	0.00012175983548893338	0.0	0.00024685262898049864	0.0	0.00010628310275804652	0.0	0.0004284490145672665
Bifidobacterium adolescentis	0.0003393939393939394	0.0006278308444324858	0.0	0.0	0.00011714479096162857	0.015151515151515152	0.0	0.0	0.0	0.0	8.031741442179493e-05	0.0	0.00021296986476413587	0.0	0.00016503828888302086	0.0	7.511596026365702e-05	6.265467873813477e-05	7.323682347484315e-05	0.00017053877133374438	0.00011666977786074296	0.0	8.372404554588077e-05	0.0	0.0	0.0	0.00011140288056019734	0.0	9.202510444849354e-05	0.0	2.1696915783421386e-05	0.0002537355511700028	0.0001314607480116562	0.00017089972130199295	0.0	0.0	0.0	0.0	0.0009324009324009324	0.0004349338900487126	0.0	0.0	0.0	0.0	0.0	0.0	0.0	0.0	0.0	0.0	0.0005994992418097825	0.0	0.0	0.0	0.0
Propionimicrobium lymphophilum	0.0	0.0	0.0	0.0	0.0014057374915395428	0.0	0.0	0.0	0.0	0.0	0.0	8.38407445058112e-05	0.0	0.0	0.0	0.0	0.0	0.0	0.0	0.0	0.0	0.0	0.0	0.0	0.0	0.0	0.0	0.0	0.0	0.0	0.0	0.0	0.0	0.0	0.0005195459483287939	0.0	0.0	0.0	0.0	0.0	0.0	0.0	0.0	0.0	0.0	0.0	0.0	0.0	0.0	0.0	0.0	0.0	0.0	0.0	0.0
Corynebacterium coyleae	0.0	0.0	0.0	0.0003146093124356481	0.0	0.0	0.0	0.0	0.0	0.0	0.0	0.0	0.0	0.0	0.0	0.0	0.0	0.0	0.0009032541561897322	0.0	0.0	0.0	0.0	0.0	0.0	0.0	0.0	0.0	0.0	0.0	0.0	0.0	0.0	0.0	0.0004408268652486736	0.0	0.0	0.0	0.0	0.0	0.0	0.0	0.0	0.0	0.0	0.0	0.0	0.0	0.0	0.0	0.0	0.0	0.0	0.0	0.0
Ruminococcus (genus)	0.0005333333333333334	0.0	0.0169971671388102	0.00022880677268047135	0.0	0.00946969696969697	0.0	0.0	0.00031035017845135263	0.0	3.212696576871797e-05	3.1440279189679205e-05	0.0	0.0003905801263641585	3.300765777660417e-05	0.0001457725947521866	5.6336970197742766e-05	8.353957165084636e-05	0.0	0.0	0.0	4.424974556396301e-05	0.0	4.524886877828054e-05	3.74396285988843e-05	2.595144484669184e-05	0.0	4.9514265059763716e-05	7.362008355879484e-05	0.0	4.339383156684277e-05	0.00016915703411333522	0.0	0.0	0.0	0.0	0.00030902348578491963	6.580029610133246e-05	0.0	0.0	0.002916998143728454	0.0	0.0	0.0	7.963474198343597e-05	0.0	0.0	0.0	0.00012175983548893338	0.0	0.0	0.0	0.00015942465413706978	0.019230769230769232	0.0
Peptoniphilus rachelemmaiella	0.0	0.0	0.0	0.0	0.00010412870307700318	0.0	0.0	0.0	0.0	0.0	0.0	0.0	0.0	0.0	0.0	0.0	0.0	0.0	0.0	0.0	0.0	0.0	0.0	0.0	0.0	0.0	0.0	0.0	0.0	0.0	0.0	0.0	0.0	0.0	0.0	0.0	0.0	0.0	0.0	0.0	0.0	0.0	0.0	0.0	0.0021235931195582925	0.0	0.0	0.0	0.0	0.0	0.0	4.357488343718681e-05	0.0	0.0	0.0
Gordonibacter urolithinfaciens	0.0	8.969012063321226e-05	0.0	0.0	0.0	0.0	0.0	0.0	0.0	0.0	0.0001285078630748719	0.0	0.0	0.0	0.0	0.0	0.00011267394039548553	8.353957165084636e-05	0.0	0.0	0.0	0.0	9.56846234810066e-05	0.0	8.73591333973967e-05	0.0	0.00017506166945173868	0.0	0.0	0.0	0.0001735753262673711	0.0	8.764049867443746e-05	7.887679444707367e-05	0.0	0.0	0.00010300782859497322	0.0	0.0	0.0	0.0	3.940783164974319e-05	0.0	0.0	0.0	0.0	4.847074790364015e-05	8.369251370464912e-05	6.764435304940744e-05	0.00015645779550966127	0.0	0.0	0.0	0.0	0.0
Alloscardovia omnicolens	0.0	0.0	0.0	0.0	0.001080335294423908	0.0	0.0	0.0	0.0	0.0	0.0	0.0	0.0	0.0	0.0	0.0	0.0	0.0	0.0	6.559183512836322e-05	0.0	0.0	0.0	0.0	0.0	0.0	0.0	0.0	0.0	0.0	0.0	0.0	0.0	0.0	0.0	0.0	0.0	0.0	0.0	0.0	0.0	0.0	0.0	0.0	0.0	0.0	0.0	0.0	0.0	0.0	0.0	0.0	0.0	0.0	0.0
Faecalibacterium (genus)	0.0	0.0	0.0	0.0	0.0	0.0	0.0	0.0	0.0004138002379351368	0.0	0.00014457134595923088	0.0	0.0	0.00027570361860999426	0.0	0.0	0.0	0.0	0.0	0.0	0.0	0.0	0.0	0.0	0.0	0.0	0.00023872045834328001	0.0	0.0	0.0	0.0	0.00022554271215111362	0.0	0.0	0.0	0.0	0.0	0.00027965125843066295	0.0	0.0	0.0	0.0	0.0	0.0	0.00013272456997239328	0.0	0.0	0.0	0.00016234644731857786	0.0	0.0	0.0	0.0	0.0	0.0
Blautia A sp900066335	0.0	0.0	0.0	0.0	0.0	0.026515151515151516	0.0	0.0	0.0	0.0	0.00016063482884358987	0.0	0.0	0.0	0.0	0.0	0.0	0.0	0.0	0.0	0.0	0.0	0.0	0.0	0.0	0.0	0.00020689106389750936	0.0	0.0	0.0	9.763612102539625e-05	0.0	0.0	7.887679444707367e-05	0.0	0.0	0.00036052740008240625	0.0	0.0	0.0	0.0	0.0	0.00018714763609142162	0.0	0.0	0.0	0.0	0.0	0.0	0.0	0.0	0.00023966185890452742	0.0	0.0	0.0
Fusicatenibacter (genus)	0.0	0.0	0.0169971671388102	0.0	0.0	0.007575757575757576	0.0	0.0	0.00031035017845135263	0.0	0.0	0.0	0.0	0.0	0.0	0.0	0.0	0.0	0.0	7.871020215403587e-05	0.0	0.0	0.0	0.0	0.0001123188857966529	0.0	0.0	0.0	0.0	3.151541891870598e-05	7.593920524197486e-05	0.00016915703411333522	0.0	0.0	0.0	0.0	0.00015451174289245981	6.580029610133246e-05	0.0	0.0	0.0	7.881566329948638e-05	0.0	0.0	0.0	0.004142502071251036	0.0	0.0	8.117322365928893e-05	0.00019557224438707658	0.0	0.0	8.85692522983721e-05	0.0	0.0
Porphyromonas uenonis	0.0	0.0	0.0	0.0	0.0	0.0	0.0	0.0	0.0	0.0	0.0	0.0001676814890116224	0.00012778191885848153	0.0	0.0	0.0	0.0	0.0	0.0003295657056367942	0.0	0.0	0.0	0.0	0.0	0.0	0.0	0.0	0.0	0.0	0.0	0.0001518784104839497	0.0	0.0	0.0	0.0	0.0	5.150391429748661e-05	0.0	0.0	0.0	0.0	0.0	0.0	0.0	0.0004512635379061372	0.0	0.0	0.0	0.0	0.0	0.0	0.0	0.0	0.0	0.0
Ezakiella sp900540185	0.0	0.0	0.0	0.0	0.00022127349403863175	0.0	0.0	0.0	0.0	0.0	0.0	4.19203722529056e-05	0.0	0.0	0.0	0.0	0.0	0.0	0.00023191660767033664	0.0	0.0	0.0	0.0	0.0	0.0	0.0	0.0	0.0	0.0	0.0	0.0	0.0	0.0	0.0	0.00033062014893650517	0.0	0.0	0.0	0.0	0.0	0.0	0.0	0.0	0.0	0.00015926948396687195	0.0	0.0	0.0	4.0586611829644464e-05	0.0	0.00031738195154635537	0.0	0.0	0.0	0.0
Pauljensenia turicensis	0.0	0.0	0.0	0.0	0.0003384182850002603	0.0	0.0	0.0	0.0	0.0	0.0	0.0	0.0	0.0	0.0	0.0	0.0	0.0	0.00018309205868710787	0.0	0.0	0.0	2.392115587025165e-05	0.0	0.0	0.0	0.0	0.0	0.0	0.0	0.0	0.0	0.0	0.0	0.0001416943495442165	0.0	0.0	0.0	0.0	0.0	0.0	0.00027585482154820237	0.0	0.0	7.963474198343597e-05	0.0	0.0	0.0	0.0	0.0	0.0	0.0	0.0	0.0	0.0
Stomatobaculum sp002892395	0.0	0.0	0.0	0.0	3.904826365387619e-05	0.0	0.0	0.0	0.0	0.0	0.0	0.0	0.0	0.0	0.0	0.0	0.0	0.0	0.0005248639015697093	0.0	0.0	0.0	0.0	0.0	0.0	3.892716727003776e-05	0.0	0.0	0.0	0.0	0.0	0.0	0.0	0.0	0.0	0.0	0.0	0.0	0.0	0.0	0.0	0.0	0.0	0.0	0.0	0.0	0.0	0.0	0.0	0.0	0.0	0.0	0.0004605601119515349	0.0	0.0
Dorea A longicatena	0.0	0.00017938024126642452	0.0113314447592068	0.0	0.0	0.0	0.0	0.0	0.0	0.0	0.0	0.0	0.0	0.0	4.951148666490626e-05	0.00019436345966958212	9.389495032957128e-05	0.0	0.0	0.0	0.0	4.424974556396301e-05	0.0	0.0	0.0	7.785433454007552e-05	0.0	0.0	6.441757311394548e-05	0.0	0.0	0.0	0.0	0.0001051690592627649	0.0	0.0	0.00012875978574371653	0.0	0.0	0.0	0.0	0.0	0.0	0.00014282653717060629	0.0	0.0	6.0588434879550194e-05	0.0	0.0	0.0	0.00014105864513171352	0.0	0.0	0.0	0.0
Parabacteroides (genus)	0.0	0.0	0.0	8.580253975517675e-05	0.0	0.00946969696969697	5.994005994005994e-05	0.0	0.0	0.01	9.638089730615392e-05	4.19203722529056e-05	0.00010648493238206793	0.0	0.0	0.00024295432458697764	0.0	0.0	0.0	3.9355101077017936e-05	0.0	0.0	0.0	0.0	0.0	3.892716727003776e-05	7.957348611442667e-05	0.00010893138313148017	2.7607531334548064e-05	0.0	0.00011933303680881762	0.00011277135607555681	0.0	0.0	4.723144984807217e-05	8.04462083020487e-05	0.0	3.290014805066623e-05	0.0	0.00026096033402922753	0.0007955449482895784	0.0	0.0	0.0	7.963474198343597e-05	0.0033140016570008283	0.0	0.0	0.0	0.0	0.0	4.357488343718681e-05	0.0	0.0	0.0
Varibaculum massiliense	0.0	0.0	0.0	0.0	0.0008590618003852762	0.0	0.0	0.0	0.0	0.0	0.0	0.0	0.0	0.0	0.0	0.0	0.0	0.0	0.0	0.0	0.0	0.0	0.0	0.0	0.0	0.0	0.0	9.902853011952743e-05	1.840502088969871e-05	0.0	0.0	0.0	0.0	0.0	0.00026764488247240894	0.0	0.0	0.0	0.0	0.0	0.0	5.254377553299092e-05	0.0	0.0	0.0	0.0	0.0	0.0	0.0	0.0	0.0	0.0	0.0	0.0	0.0
Staphylococcus hominis	0.0	0.0	0.0	0.0	0.0	0.0	0.0	0.0	0.0	0.0	0.0	0.0	0.0	0.0	0.0	0.0	0.0	0.0	9.764909796645754e-05	0.0	0.0	0.0005973715651135006	0.0	0.0	0.0	0.0	0.000143232275005968	0.0	0.0	0.0	0.0	0.0	0.0	0.0	0.0	0.0005094926525796418	0.0	0.0	0.0	0.0	0.0	0.0	0.0	0.0	0.0	0.0	0.0	0.0	0.0	0.0	0.0	0.0	0.0	0.0	0.0
Dialister (genus)	0.0	0.0001345351809498184	0.0	0.0	0.0006377883063466445	0.0	0.00015984015984015984	0.0	0.0	0.0	0.0	7.336065144258481e-05	0.0	0.0	4.951148666490626e-05	0.0	0.0	0.0	7.323682347484315e-05	0.0	0.0	0.0	0.0	0.0	6.23993809981405e-05	0.00020761155877353473	0.0	0.0	0.0	0.0	0.0	0.0	0.0	0.0	0.0	0.0	0.0	0.0	0.00034965034965034965	0.0	0.0	0.0	0.0	0.0	0.0	0.0	0.0	0.0	0.0	0.0	0.0	0.0	0.0	0.0	0.0
Corynebacterium tuscaniense	0.0	0.0	0.0	0.0	0.0	0.0	0.0	0.0	0.0	0.0	0.0	0.0	0.0	0.0	0.0	0.0	0.0	0.0	0.00018309205868710787	0.0	0.0	0.0	3.5881733805377476e-05	0.0	0.0	0.0	0.0	0.0	0.0	0.0	0.0	0.0	0.0	0.0	0.0006769841144890344	0.0	0.0	0.0	0.0	0.0	0.0	0.0	0.0	0.0	0.0	0.0	0.0	0.0	0.0	0.0	0.0	0.0	0.0	0.0	0.0
Urinicoccus massiliensis	0.0	0.0	0.0	0.0	0.0008330296246160255	0.0	0.0	0.0	0.0	0.0	0.0	0.0	0.0	0.0	0.0	0.0	0.0	0.0	9.764909796645754e-05	0.0	0.0	0.0	0.0	0.0	0.0	0.0	0.0	0.0	0.0	0.0	0.0	0.0	0.0	0.0	0.0004723144984807217	0.0	0.0	0.0	0.0	0.0	0.0	0.0	0.0	0.0	0.0	0.0	0.0	0.0	0.0	0.0	0.00024685262898049864	0.0	0.0	0.0	0.0
Granulicatella elegans	0.0	0.0	0.0	0.0	0.0006768365700005206	0.0	0.0	0.0	0.0	0.0	0.0	0.0	0.0	0.0	0.0	0.0	0.0	0.0	0.0	0.0	0.0	0.0	0.0	0.0	0.0	0.0	0.0	0.0	0.0	0.0	0.0	0.0	0.0	0.0	0.0	0.0	0.0	0.0	0.0	0.0	0.0	7.881566329948638e-05	0.0	0.0	0.0	0.0	0.0	0.0	0.0	0.0	0.0	0.0	0.0	0.0	0.0
Enterocloster clostridioformis	0.0	0.0	0.0	0.0	0.0	0.00946969696969697	0.0	0.0	0.0	0.0	0.0001285078630748719	0.0	0.0	0.0	0.0	0.0	0.0	8.353957165084636e-05	0.0	0.0	0.0	0.0	5.980288967562913e-05	0.0	0.0	0.0	0.0	4.9514265059763716e-05	0.0	0.0	5.424228945855347e-05	0.0	0.0	0.0	0.00012595053292819246	0.0	0.0	0.0	0.0	0.0003479471120389701	0.0010607265977194379	0.0	0.0001403607270685662	0.0	0.0	0.0	0.0	0.0	0.0	0.0	0.0	0.0	0.0	0.0	0.0
Romboutsia (genus)	0.0	0.00017938024126642452	0.0084985835694051	0.0	0.0	0.0	0.0	0.0	0.0	0.0	4.819044865307696e-05	0.0	0.0	0.0	0.0	9.718172983479106e-05	0.0	0.0	3.6618411737421576e-05	0.0	0.0	0.0	0.0	0.0	0.0	0.0	0.0	2.9708559035858232e-05	8.282259400364419e-05	0.0	7.593920524197486e-05	0.0	0.0	9.202292685491928e-05	7.871908308012029e-05	0.0	0.0	0.0	0.0002331002331002331	0.0	0.0	0.0	0.0	0.0	0.0	0.0024855012427506215	0.0	0.0	0.0	0.0	0.00014105864513171352	0.0	0.0	0.0	0.0
Mediterraneibacter faecis	0.0	0.0	0.0113314447592068	0.0	0.0	0.0	0.00013986013986013986	0.0	0.0	0.0	0.0	0.0	0.0	0.0	0.0	0.0001457725947521866	0.0	9.398201810720216e-05	9.764909796645754e-05	5.247346810269058e-05	0.0	0.0	0.0	0.0	0.0	0.0	0.0	0.0	0.0	0.0	0.00010848457891710693	0.0	0.0	0.0	0.0	0.0	0.0	0.0	0.0	0.0006958942240779402	0.0	0.0	0.0	0.0	0.0	0.0	0.0	0.0	0.0	0.0	0.0	0.0	0.0	0.0	0.0
Eggerthella lenta	0.0	0.0	0.0	0.0	0.0	0.0	0.0	0.0	0.0	0.0	9.638089730615392e-05	0.0	0.0	0.0	3.300765777660417e-05	0.0	0.0	9.398201810720216e-05	0.0	5.247346810269058e-05	0.0	0.0	0.0	0.0	0.0	6.48786121167296e-05	0.00012731757778308266	0.0	0.0	0.0	6.509074735026415e-05	0.0	0.0	0.0	0.0	0.0	0.00010300782859497322	0.0	0.0	0.0006089074460681977	0.0	5.254377553299092e-05	0.0	0.0	0.0	0.0	3.6353060927730115e-05	0.00014646189898313595	0.0	0.00019557224438707658	0.00021158796769757027	0.0	0.0	0.0	0.0
Saccharimonadales (genus)	0.0	0.0	0.0	0.0	0.0	0.0	0.0	0.0	0.0	0.0	0.0	0.0	0.0007879884996273027	0.0	0.0	0.0	0.0	0.0	0.0	0.0	0.0	0.0	0.0	0.0	0.0	0.0	0.0	0.0	0.0	0.0	0.0	0.0	0.0	0.0	0.000834422280649275	0.0	0.0	0.0	0.0	0.0	0.0	0.0	0.0	0.0	0.0	0.0	0.0	0.0	0.0	0.0	0.0	0.0	0.0	0.0	0.0
Corynebacterium (genus)	0.0	0.0	0.0	0.0	0.0	0.0	0.0	0.0	0.0	0.0	0.0	0.0	0.0	0.0	0.0	0.0	0.0	0.0	0.0001708859214413007	0.0	0.0	0.0	0.0	0.0	0.0	0.0	0.0	0.0	0.0	0.0	0.0	0.0002537355511700028	0.0	0.0	0.0004565706818646976	0.0	0.0	0.0	0.0	0.0	0.0	0.0	0.0	0.0	0.0	0.0	0.0	0.0	0.0	0.0	0.0	0.0	0.0	0.0	0.0
Ureaplasma parvum	0.0	0.0	0.0	0.0	0.0	0.0	0.0	0.0	0.0	0.0	0.00019276179461230784	0.0	0.0	0.0	0.0	0.0	0.00011267394039548553	0.0	0.0	0.0	0.0	0.0006637461834594451	0.0	0.00018099547511312217	0.0	0.0	0.0	0.0	0.0	0.0	0.0	0.0	0.0	0.0	0.0	0.0	0.00015451174289245981	0.00023030103635466359	0.0	0.0	0.0	0.0	0.0	0.0	0.0	0.0	0.0	0.0	0.0	0.0	0.0	0.0	0.0	0.0	0.0
Campylobacter (genus)	0.0	0.0	0.0	0.0	0.00014317696673087936	0.0	0.0	0.0	0.0	0.0	0.0	0.00018864167513807522	4.2593972952827175e-05	0.0	0.0	0.0	0.0	0.0	0.0	0.0	0.0	0.0	0.0	0.0	0.0	0.0	0.0	0.0	0.0	0.0	0.0	0.0	0.0	0.0	0.0004565706818646976	0.0	0.0	0.0	0.0	0.0	0.0	0.0	4.6786909022855404e-05	0.0	0.0	0.0	0.0	0.0	0.0	0.0	0.00021158796769757027	0.0	0.0	0.0	0.0
Porphyromonas (genus)	0.0	0.0	0.0	0.0	0.0002473056698078825	0.0	0.0	0.0	0.0	0.0	0.0	0.00012576111675871682	0.0	0.0	0.0	0.0	0.0	0.0	0.00021971047042452946	0.0	0.0	0.0	0.0	0.0	0.0	0.0	0.0	0.0	0.0	0.0	0.0	0.0	0.0	0.0	7.871908308012029e-05	0.0	0.0	0.0	0.0	0.0	0.0	0.0	0.0	0.0	0.0005574431938840518	0.0	0.0	0.0	0.0	0.0	0.00010579398384878514	0.0	0.0	0.0	0.0
Lawsonella clevelandensis	0.0	0.0	0.0	0.0	7.809652730775239e-05	0.0	0.0	0.0	0.0	0.0	0.0	0.0	6.389095942924077e-05	0.0	0.0	0.0	0.0	0.0	0.0001342675097038791	0.0	0.0	0.0	0.0	0.00018099547511312217	0.0	0.0	0.0	0.0	0.0	0.0	0.0	0.0	0.0	0.0	9.446289969614434e-05	0.0	0.0	0.0	0.0	0.0	0.0	0.0004203502042639274	0.0	7.141326858530314e-05	0.0	0.0	0.0	0.0	0.0	0.0	0.0	0.0	0.0	0.0	0.0
Corynebacterium kefirresidentii	0.0	0.0	0.0	0.0	0.0	0.0	0.00013986013986013986	0.0	0.0	0.0	0.0	0.0	0.0	0.0	0.0	0.0	0.0	0.0	0.00018309205868710787	0.0	0.0	6.637461834594451e-05	0.0	0.0	0.0	0.0	0.0	0.0	0.0	0.0	8.678766313368554e-05	0.0	0.0001314607480116562	0.0	0.0	0.0	0.0	0.0	0.0	0.00026096033402922753	0.0	0.0	0.0	0.0	0.0	0.0	0.0	0.0	0.0	0.0	0.0	6.53623251557802e-05	0.0	0.0	0.0
Berryella sp900604965	0.0	0.0	0.0	0.0	0.0	0.0	0.0	0.0	0.0	0.0	0.0	0.0	0.0	0.0	0.0	0.0	0.0	0.0	0.0	0.0	0.0	0.0	0.0	0.0	0.0	0.0	0.0	0.0	0.0	0.0	0.0	0.0	0.0	0.0	9.446289969614434e-05	0.0	0.0	0.0	0.0	0.0	0.0	0.0004203502042639274	0.0	0.0	0.00010617965597791463	0.0	0.0	0.0	0.0	0.0	0.0	0.0	0.0	0.0	0.0
Klebsiella pneumoniae	0.0	0.0006726759047490919	0.0	0.0	0.0	0.0	0.0	0.0	0.0	0.0	0.0	6.288055837935841e-05	0.0	0.0	0.0	0.0	0.0	0.0	0.0	0.00014430203728239908	0.0	0.0	0.0	0.0	0.0	0.00010380577938676736	0.0	0.0	0.00013803765667274033	0.00018909251351223585	0.00011933303680881762	0.0	0.00010955062334304682	0.00018404585370983856	0.0	0.0	0.0	0.0	0.0	0.0	0.0	0.0	0.0	0.0	0.0	0.0	0.0	0.0	0.0	0.0	0.0	0.0	0.0	0.0	0.0
Collinsella sp900549355	0.00014545454545454546	0.0	0.0	0.0	0.0	0.00946969696969697	0.0	0.0	0.0	0.0	4.819044865307696e-05	0.0	0.0	4.595060310166571e-05	0.0	0.0	0.0	0.0	0.0	0.0	0.0	0.0	5.980288967562913e-05	0.0	4.99195047985124e-05	0.0	4.7744091668656006e-05	0.0	3.681004177939742e-05	0.0	4.339383156684277e-05	0.0	0.0	0.0	0.0	0.0	7.725587144622991e-05	0.0	0.0	0.0	0.0	0.0	0.0	0.0	0.0	0.0	0.0	0.0	5.411548243952595e-05	0.0	0.0	0.0	0.0	0.0	0.0
Blautia A obeum	0.0	0.0	0.0	0.0	0.0	0.0	0.00011988011988011988	0.0	0.0	0.0	0.0	0.0	0.0	0.0	0.0	0.0	0.0	0.0	0.0	0.0	0.0	0.0	0.0	0.0	0.0	0.0	0.0	9.902853011952743e-05	0.0	0.0	8.678766313368554e-05	0.0	0.0	0.0	0.0	0.0	0.0	0.0	0.0	0.0	0.0	0.0	0.0	0.0	0.0	0.009113504556752278	0.0	0.0	0.0	0.00019557224438707658	0.0	0.0	0.0	0.0	0.0
Facklamia hominis	0.0	0.0	0.0	0.0	0.0	0.0	5.994005994005994e-05	0.0	0.0	0.0	0.0	0.0	0.0	0.0	0.0	0.0	0.0	0.0	0.00042721480360325174	0.0	0.0	0.0	0.0	0.0	0.0	0.0	0.0	0.0	0.0	0.0	0.0	0.0	0.0	0.0	0.0	0.0	0.0	0.0	0.0	0.0	0.0	0.0	0.0	0.0	0.0	0.0	0.0	0.0	0.0	0.0	0.0	0.0	0.0	0.0	0.0
W5053 (genus)	0.0	0.0	0.0	0.0	0.0	0.0	0.0	0.0	0.0	0.0	0.0	4.19203722529056e-05	0.0	0.0	0.0	0.0	0.0	0.0	7.323682347484315e-05	0.0	0.0	0.0	0.0	0.0	0.0	0.0	0.0	0.0	0.0	0.0	0.0	0.0	0.0	0.0	6.297526646409623e-05	0.0	0.0	0.0	0.0	0.0	0.0	0.0	0.0	0.0	0.001327245699723933	0.0	0.0	0.0	0.0	0.0	0.0	0.0	0.0	0.0	0.0
Bulleidia (genus)	0.0	0.0	0.0	0.0	0.0	0.0	0.0	0.0	0.0	0.0	0.0	4.19203722529056e-05	6.389095942924077e-05	0.0	0.0	0.0	9.389495032957128e-05	0.0	0.0	0.0	0.0	0.0	7.176346761075495e-05	0.0	0.0	0.0	0.0	0.0	0.0	0.0	0.0	0.0	0.0	0.0	0.0	0.0	0.0	0.0	0.0	0.0	0.0	0.0	0.0	0.0	7.963474198343597e-05	0.0	0.0	0.0	0.0	0.0	0.00017632330641464188	0.0	0.00019485235505641862	0.0	0.0
Fastidiosipila (genus)	0.0	0.0	0.0	0.0	0.0	0.0	0.0	0.0	0.0	0.0	0.0	4.19203722529056e-05	0.0	0.0	0.0	0.0	0.0	0.0	0.0	0.0	0.0	0.0	0.0	0.0	0.0	0.0	0.0	0.0	0.0	0.0	0.0	0.0	0.0	0.0	0.0	0.0	0.0	0.0	0.0	0.0	0.0	0.0	0.0	0.0	0.0013537906137184115	0.0	0.0	0.0	0.0	0.0	0.0	0.0	0.0	0.0	0.0
Furfurilactobacillus (genus)	0.0	0.0	0.0	0.0	0.0	0.0	0.0	0.0	0.0	0.0	0.0	0.0	0.0	0.0	0.0	0.0	0.0	0.0	0.0	0.0	0.0	0.0	0.0	0.0	0.0	0.0	0.0	0.0	0.0	0.0	0.0	0.0	0.0	0.0	0.0	0.0	0.0	0.0	0.0	0.0	0.0	0.0	0.0	0.0	0.0	0.0	0.0004483544181086714	0.0	0.0	0.0	0.0	0.0	0.0	0.0	0.0
Alistipes (genus)	0.00019393939393939395	0.0	0.0	0.0	5.206435153850159e-05	0.0	0.0	0.0001512516070483249	0.0	0.01	0.0	3.1440279189679205e-05	0.00012778191885848153	6.892590465249856e-05	0.0	9.718172983479106e-05	0.0	0.0	6.103068622903596e-05	0.0	0.0	0.0	0.0	0.0	0.0	0.0	0.0	0.0	2.7607531334548064e-05	0.0	4.339383156684277e-05	0.0	0.00010955062334304682	0.0	0.0	0.00013407701383674783	0.00015451174289245981	3.290014805066623e-05	0.0	0.00026096033402922753	0.0005303632988597189	0.0	0.0	0.0	5.308982798895732e-05	0.0033140016570008283	0.0	0.0	9.470209426917041e-05	0.0	0.0	4.357488343718681e-05	0.0	0.0	0.0
Peptoniphilus sp900343085	0.0	0.0	0.0	0.0	0.0	0.0	0.0	0.0	0.0	0.0	0.0	0.0	0.0	0.0	0.0	0.0	0.0	0.0	0.0	0.0	0.0	0.0	0.0	0.0	0.0	0.0	0.0	0.0	0.0	0.0	0.0	0.0	0.0	0.0	0.0	0.0	0.0	0.0	0.0	0.0	0.0	0.0004597580359136706	0.0	0.0	0.0	0.0	0.0	0.0	0.0	0.0	0.0	0.0	0.0	0.0	0.0
Levyella massiliensis	0.0	0.0	0.0	0.0	7.809652730775239e-05	0.0	0.0	0.0	0.0	0.0	0.0	0.0	0.0	0.0	0.0	0.0	0.0	0.0	0.00021971047042452946	0.0	0.0	0.0	0.0	0.0	0.0	0.0	0.0	0.0	0.0	0.0	0.0	0.0	0.0	0.0	0.0	0.0	0.0	0.0	0.0	0.0	0.0	0.0	0.0	0.0	0.00023890422595030793	0.0	0.0	0.0	0.0	0.0	0.0	0.0	0.0	0.0	0.0
Collinsella intestinalis	0.0	0.0	0.0	0.0	0.0	0.00946969696969697	0.0	0.0	0.0	0.0	0.0	0.0	8.518794590565435e-05	0.0	0.0	0.0	0.0	5.2212232281778977e-05	0.0	0.0	0.0	0.0	0.0	0.0	0.0	7.785433454007552e-05	0.0	0.0	1.840502088969871e-05	0.0	0.0	0.0	0.0	0.0	0.0	0.0	0.0	0.0	0.0	0.0004349338900487126	0.0	0.0	0.0	0.0	0.0	0.0016570008285004142	0.0	0.0	4.0586611829644464e-05	0.0	0.0	0.0	0.0	0.0	0.0
Staphylococcus pasteuri	0.0	0.0	0.0	0.0	0.0	0.0	0.0	0.0	0.0	0.0	0.0	0.0	0.0	0.0	0.0	0.0	0.00028168485098871383	0.0	0.0	0.0	0.00039667724472652606	0.0	0.0	0.0	0.0	0.0	0.0	0.0	0.0	0.0	0.0	0.0	0.0	0.0	0.0	0.0	0.0	0.0	0.0	0.0	0.0	0.0	0.0	0.0	0.0	0.0	0.0	0.0	0.0	0.0	0.0	0.0	0.0	0.0	0.0
Blautia A faecis	0.00048484848484848484	0.0	0.0	0.0	0.0	0.0	0.0	0.0	0.0	0.0	0.0	0.0	0.0001916728782877223	0.0	0.0	0.0	0.0	0.0	0.0	0.0	0.0	0.0	0.0	0.0	0.0	0.0	0.0	3.9611412047810976e-05	0.0	0.0	0.0	0.0	0.0	0.0	0.0	0.0	0.0	0.0	0.0	0.0	0.0	0.0	0.0	0.0	0.0	0.004142502071251036	0.0	6.276938527848684e-05	0.0	0.0	0.0	0.0	0.0	0.0	0.0
Salmonella enterica	0.0	0.0	0.0	0.0	0.0	0.0	0.00023976023976023976	0.0	0.0	0.0	0.0	0.0	0.0	0.0	0.0	0.0	0.0	0.0	0.0	0.0	0.0	0.0	0.0	0.0	0.0	0.0	0.0	0.0	0.0	0.0	0.0	0.0	0.0002629214960233124	0.0	0.0	0.0	0.0	0.0	0.0	0.0006089074460681977	0.0	0.0	0.0	0.0	0.0	0.0	0.0	0.0	0.0	0.0	0.0	0.0	0.0	0.0	0.0
Erysipelatoclostridium (genus)	0.0002909090909090909	0.0	0.0	0.0	0.0	0.0	0.0	0.0	0.0	0.0	0.0	0.0	0.0	4.595060310166571e-05	0.0	0.0	0.0	0.0	7.323682347484315e-05	0.0	0.0	0.0	0.0	0.0	0.0	0.0	0.0	3.9611412047810976e-05	2.7607531334548064e-05	0.0	2.1696915783421386e-05	0.0	0.0	0.0	0.0	0.0	7.725587144622991e-05	0.0	0.0	0.0	0.0	5.254377553299092e-05	0.0	0.0	0.0	0.0	0.0	0.0	0.0	0.0	0.0	0.0	0.0	0.0	0.0
[Eubacterium]_coprostanoligenes_group (genus)	0.0	0.0	0.0	5.720169317011784e-05	3.904826365387619e-05	0.003787878787878788	5.994005994005994e-05	0.0	0.0	0.0	0.00014457134595923088	0.0	0.0	0.0	0.0	7.28862973760933e-05	0.0	4.176978582542318e-05	0.0	0.0	0.0	0.0	0.0	0.0	4.99195047985124e-05	5.190288969338368e-05	9.548818333731201e-05	3.9611412047810976e-05	0.0	0.0	0.0	0.0	6.57303740058281e-05	0.0	0.0	0.0	5.150391429748661e-05	0.0	0.0	0.0	0.0005303632988597189	0.0	0.0	0.0	0.0	0.0	0.0	4.184625685232456e-05	0.0	7.822889775483064e-05	0.0	0.0	0.0	0.0	0.0
Ruminococcus gnavus	0.00014545454545454546	0.0	0.0	0.0	0.0	0.0	0.0	0.0	0.0	0.02666666666666667	0.0	0.0	0.0	0.0	0.0	0.0	0.0	5.2212232281778977e-05	0.0	0.0	0.0	0.0	0.0	0.0	0.0	0.0	0.0	8.912567710757469e-05	0.0	0.0	0.0	0.0	0.0	0.0	0.0	0.0	0.0	0.0	0.0	0.0	0.0	0.0	0.0	0.0	0.0	0.0	0.0	0.0	5.411548243952595e-05	0.0	0.0	0.0	0.0	0.0	0.0
Anaerostipes hadrus	0.00024242424242424242	0.0	0.0113314447592068	0.0	0.0	0.0	0.0	0.0	0.0	0.0	0.0	0.0	0.0	0.0	0.0	0.0	0.0	0.0	0.0	5.247346810269058e-05	0.0	8.849949112792601e-05	0.0	0.0	0.0	0.0	3.1829394445770666e-05	0.0	5.521506266909613e-05	0.0	0.0	0.0	0.0	0.0	0.0	0.0	0.00012875978574371653	3.290014805066623e-05	0.00034965034965034965	0.0	0.0	0.0	0.00011696727255713851	0.0	0.0	0.0	0.0	0.0	0.0	0.0	0.00014105864513171352	0.0	0.0	0.0	0.0
Megamonas funiformis	0.0	0.0	0.0	0.00011440338634023568	0.0	0.003787878787878788	0.0	0.0	0.0	0.0	0.0	5.240046531613201e-05	0.0	0.0	0.0	0.0	0.0	0.0	2.4412274491614384e-05	0.0	0.0	0.0	0.0	0.0	0.0	6.48786121167296e-05	0.0	0.0	0.0	0.0	0.0	0.0	0.0	0.0	0.0	0.0	0.0	6.580029610133246e-05	0.0	0.0	0.0	0.0	9.357381804571081e-05	7.141326858530314e-05	0.0	0.0	0.0	0.0	0.0	0.0	0.0	0.0	0.0	0.0	0.0
Hungatella hathewayi	0.0	0.0	0.0	0.0	0.0	0.0	0.0	0.0	0.0	0.0	0.00011244438019051291	0.0	0.0	0.0	0.0	0.0	0.0	8.353957165084636e-05	0.0	0.0	0.0	0.0	5.980288967562913e-05	0.0	0.0	0.0	0.0	0.0	0.0	0.0	0.0	0.0	0.0	0.0	0.0	0.0	0.0	0.0	0.0	0.0	0.0	0.00011822349494922957	0.0	0.0	0.0	0.0	0.0	0.0	0.0	0.0	0.0	0.0	0.0	0.0	0.0
Anaerococcus rubeinfantis	0.0	0.0	0.0	0.0	0.0	0.0	0.0	0.0	0.0	0.0	0.0	0.0	0.0	0.0	0.0	0.0	0.0	0.0	0.0	0.0	0.0	0.0	0.0	0.0	0.0	0.0	0.0	0.0	0.0	0.0	0.0	0.0	0.0006353936153896716	0.0	0.0	0.0	0.0	0.0	0.0	0.0	0.0	0.0	0.0	0.0	0.0	0.0	0.0	0.0	0.0	0.0	0.0	0.0	0.0	0.0	0.0
Clostridia_UCG-014 (genus)	0.0	0.0	0.0	0.0	0.0	0.0	0.0	0.0	0.0	0.0	0.0	7.336065144258481e-05	0.0	0.0	0.0	0.0	0.0	2.088489291271159e-05	0.0003417718428826014	0.0	0.0	0.0	0.0	0.0	2.49597523992562e-05	0.0	0.0	0.0	0.0	0.0	0.0	0.0	0.0	0.0	0.0	0.0	0.0	0.0	0.0	0.0	0.0	2.627188776649546e-05	0.0	0.0	0.00047780845190061586	0.0	3.6353060927730115e-05	0.0	0.0	0.0	0.00014105864513171352	0.0	0.0	0.0	0.00032133676092544985
Falseniella ignava	0.0	0.0	0.0	0.0	0.0	0.0	0.0	0.0	0.0	0.0	0.0	0.0	0.0	0.0	0.0	0.0	0.0	0.0	0.00012206137245807192	0.0	0.0	0.0	0.0	0.0	0.0	0.0	0.0	0.0	0.0	0.0	0.0	0.0	0.0	0.0	0.000283388699088433	0.0	0.0	0.0	0.0	0.0	0.0	0.0	0.0	0.0	0.0	0.0	0.0	0.0	0.0	0.0	0.0	0.0	0.0	0.0	0.0
Klebsiella michiganensis	0.0	0.0	0.0	0.0	0.0	0.0	0.0	0.0	0.0	0.0	0.0	0.0	0.0	0.0	0.0	0.0	0.0	0.0	0.0	0.0	0.0	0.0	0.0	0.0	0.0	0.0	0.0	0.0	0.0	6.303083783741195e-05	7.593920524197486e-05	0.0	0.0	0.0	0.0	0.0	0.0	0.0	0.0009324009324009324	0.0	0.0	0.0001313594388324773	0.0	0.0	0.0	0.0	0.0	0.0	0.0	0.0	0.00035264661282928376	0.0001525120920301538	0.0	0.0	0.0
Bacteroides fragilis	0.0003878787878787879	0.0	0.0	0.0	0.0	0.0	0.0	0.0	0.0	0.0	8.031741442179493e-05	0.0	0.00012778191885848153	0.0	0.0	0.0	0.0	0.0	0.0	0.0	0.0	0.0	0.0	0.0	0.0	0.0	0.00020689106389750936	0.0	0.0	0.0	5.424228945855347e-05	0.0	0.0	0.0	0.0	0.0	0.0	0.0	0.0	0.0	0.0	0.0	0.0	7.141326858530314e-05	0.0	0.0	0.0	0.0001255387705569737	0.0	0.0	0.0	0.0	0.0	0.0	0.0
Prevotella corporis	0.0	0.0	0.0	0.0	0.0002863539334617587	0.0	0.0	0.0	0.0	0.0	0.0	0.0	0.0	0.0	0.0	0.0	0.0	4.176978582542318e-05	0.0	0.0	0.0	0.0	0.0	0.0	0.0	0.0	0.0	0.0	0.0	0.0	0.0	0.0	0.0	0.0	0.0	0.0	0.0	0.0	0.0	0.0	0.0	0.0	0.0	0.0	0.0	0.0	0.0	0.0	0.0	0.0	0.00042317593539514055	0.0	0.0	0.0	0.0
Citrobacter freundii	0.0	0.0	0.0	0.0	0.0	0.02462121212121212	0.0	0.00045375482114497467	0.0	0.03666666666666667	0.00032126965768717973	0.0	0.0006602065807688213	0.0	0.0	0.0	0.00018778990065914256	9.398201810720216e-05	4.882454898322877e-05	0.0	0.0	0.0	0.00010764520141613243	0.0002714932126696833	0.0	0.0	6.365878889154133e-05	0.0	0.0	7.878854729676495e-05	0.0	0.00022554271215111362	0.0	0.0	0.0	0.0	0.0	0.0	0.0	0.0	0.0	0.0	0.0	0.0	0.0	0.0	0.0	0.0	0.0	0.00039114448877415316	0.0	0.0	0.0	0.0	0.0
Proteus (genus)	0.0	0.0	0.0	0.0	0.0	0.0	0.0	0.0	0.0	0.0	0.0	0.0	0.0	0.0	0.0	0.0	0.0	0.00013575180393262534	0.0	0.0	0.0	0.0	0.0	0.0	0.0	0.0	0.0	0.0	0.0	0.0	0.0	0.0	0.0	0.0	0.0	0.0	0.0	0.0	0.0	0.0	0.0	0.0	0.0	0.0	0.0	0.0	0.0	0.0	0.0	0.0	0.0	0.0	0.0	0.0	0.001392459297343616
Mediannikoviicoccus vaginalis	0.0	0.0	0.0	0.0	0.00011714479096162857	0.0	0.0	0.0	0.0	0.0	0.0	0.0	0.0	0.0	0.0	0.0	0.0	0.0	0.0	0.0	0.0	0.0	0.0	0.0	0.0	0.0	0.0	0.0	0.0	0.0	0.0	0.0	0.0	0.0	0.00040933923201662547	0.0	0.0	0.0	0.0	0.0	0.0	0.0	0.0	0.0	0.0	0.0	0.0	0.0	0.0	0.0	0.0	0.0	0.0	0.0	0.0
Corynebacterium sanguinis	0.0	0.0	0.0	0.0	0.0	0.0	0.0	0.0	0.0	0.0	0.0	0.0	0.0	0.0	0.0	0.0	0.0	0.0	0.0	0.0	0.0	0.0	0.0	0.0	0.0	0.0	0.0	0.0	0.0	0.0	0.0	0.0	0.0	0.0	0.0003935954154006014	0.0	0.0	0.0	0.0	0.0	0.0	0.0	0.0	0.0	0.0	0.0	0.0	0.0	0.0	0.0	0.0	0.0	0.0	0.0	0.0
Fusobacterium animalis	0.0	0.0	0.0	0.0	0.00019524131826938095	0.0	0.0	0.0	0.0	0.0	0.0	0.0	0.0	0.0	0.0	0.0	0.0	0.0	0.0	0.0	0.0	0.0	0.0	0.0	0.0	0.0	0.0	0.0	0.0	0.0	0.0	0.0	0.0	0.0	0.0	0.0	0.0	0.0	0.0	0.0	0.0	0.0	0.00021054109060284932	0.0	0.0001858143979613506	0.0	0.0	0.0	0.0	0.0	0.00010579398384878514	0.0	0.0	0.0	0.0
Bacteroidia (class)	0.0	0.0	0.0	0.0	0.0	0.0	0.0	0.0	0.0	0.0	0.0	0.00022008195432775442	0.0	0.0	0.0	0.0	0.0	0.0	3.6618411737421576e-05	0.0	0.0	0.0	0.0	0.0	0.0	0.0	0.0	0.0	0.0	0.0	0.0	0.0	0.0	0.0	0.0	0.0	0.0	0.0	0.0	0.0	0.0	0.0	0.0	0.0	0.0	0.0	0.0	0.0	0.0	0.0	0.0	0.0	0.0	0.0	0.0
Atopobium (genus)	0.0	0.0	0.0	0.0	0.0	0.0	0.0	0.0	0.0	0.0	9.638089730615392e-05	0.0	0.0	0.0	0.0	0.0	0.0	0.0	0.0	0.0	0.0	0.0	0.0	0.0	0.0	0.0	0.0	0.0	0.0	0.0	0.0	0.0	0.0	0.0	0.0	0.0	0.0	0.0	0.0	0.0	0.0	0.0	0.0005614429082742648	0.0	0.0	0.0	0.0	0.0	0.0	0.0	0.0	0.0	0.00015942465413706978	0.0	0.0
Ligilactobacillus (genus)	0.0	0.0001345351809498184	0.0	0.0	0.0	0.0	0.0001998001998001998	0.0	0.0	0.0	0.0	0.0	6.389095942924077e-05	0.0	0.0	0.0	0.0	0.0	0.0	2.623673405134529e-05	0.0	0.0	0.0	0.0	0.0	6.48786121167296e-05	0.0	6.931997108366921e-05	0.0	0.0	0.0	0.0	0.0	0.0	0.0	0.0	0.0	0.0	0.0	0.0	0.0	0.0	9.357381804571081e-05	0.0	0.0	0.0	0.0	0.0	0.0	0.0	0.0	0.0	0.0	0.0	0.0
Corynebacterium amycolatum	0.0	0.0	0.0	0.0	0.00010412870307700318	0.0	0.0	0.0	0.0	0.0	0.0	0.0	0.0	0.0	0.0	0.0	0.0	0.0	0.0	0.0	0.0	0.0	0.0	0.0	0.0	0.0	0.0	0.0	0.0	0.0	0.0	0.0	0.0	0.0	0.00020466961600831273	0.0	0.0	0.0	0.0	0.0	0.0	0.0	0.0	0.0	0.0	0.0	0.0	4.184625685232456e-05	0.0	0.0	0.0	0.0	0.0	0.0	0.0
Anaerobutyricum soehngenii	0.0	0.0	0.014164305949008499	0.0	0.0	0.00946969696969697	0.0	0.0	0.0003620752081932447	0.0	6.425393153743594e-05	0.0	0.0	0.0	0.0	7.28862973760933e-05	0.0	0.0	0.0	0.0	0.0	0.0	0.0	0.0	0.0	0.0	7.957348611442667e-05	0.0	0.0	0.0	0.0	0.0	0.0	0.0	0.0	0.0	0.0	0.0	0.0	0.0	0.0	0.0	0.0	0.0	0.0	0.0	0.0	0.0	0.0	0.00019557224438707658	0.0	0.0	0.0	0.0	0.0
Streptococcus equinus	0.0	0.0	0.0	0.0	0.0	0.0	0.0	0.0	0.0002586251487094605	0.0	0.0	0.0	0.0	6.892590465249856e-05	0.0	0.0	0.0	4.176978582542318e-05	0.0	6.559183512836322e-05	0.0	0.0	0.0	0.0	0.0	0.0	0.0	0.0	0.0	0.0	0.0	0.0	0.0	0.0	0.0	0.0	0.0	0.0	0.0	0.0	0.0	0.0	0.0	0.0	0.0	0.0	0.0	0.0	0.0	0.0	0.0	0.0	0.0	0.019230769230769232	0.0
Staphylococcus warneri	0.0	0.0	0.0	0.0	0.0	0.0	0.0	0.0	0.0	0.0	0.0	0.0	0.0	0.0	0.0	0.0	0.0	0.0	0.0	0.0	0.0	0.0	0.0	0.0	0.0	0.0	0.0	0.0	0.0	0.0	0.0	0.0	0.0	0.0	0.0	0.0	0.0	0.0	0.0	0.0	0.0021214531954388757	0.0	0.0	0.0	0.0	0.0	0.0	0.0	0.00013528870609881487	0.00015645779550966127	0.0	0.0	0.0	0.0	0.0
Brevundimonas (genus)	0.0	0.0	0.0	0.0	0.0	0.0	0.0	0.0	0.0	0.0	0.0	0.0	0.0	0.0	0.0	0.0	0.0	0.0	0.0	0.0	0.0	0.0	0.0	0.0	0.0	0.0	0.0	0.0	0.0	0.0	0.0	0.0	0.0	0.0	0.0	0.0	0.0	0.0	0.0	0.0	0.0	0.0	0.0	0.0	0.0	0.0033140016570008283	0.0	0.0	0.00024351967097786676	0.0	0.0	0.0	0.0	0.0	0.0
Mitochondria (genus)	0.0	0.0	0.0	0.0001716050795103535	3.904826365387619e-05	0.0	9.99000999000999e-05	0.0	0.0001034500594837842	0.0	0.0	0.0	0.0	0.0	3.300765777660417e-05	9.718172983479106e-05	9.389495032957128e-05	0.0	0.0	0.0	0.00039667724472652606	4.424974556396301e-05	0.0	0.00022624434389140272	0.00036191640978921487	6.48786121167296e-05	0.0009230524389273494	0.0	0.00031288535512487807	0.0	0.0004664836893435598	0.0	0.000964045485418812	0.0	0.0	5.363080553469913e-05	0.0	0.0	0.00034965034965034965	0.004784272790535838	0.0	0.0	0.0	0.0	0.0	0.0	0.0009088265231932529	0.0	0.0	0.0	0.0	0.0001307246503115604	0.0	0.0	0.00021422450728363326
Lachnospira eligens A	0.0	0.0	0.014164305949008499	5.720169317011784e-05	0.0	0.0	0.0	0.0	0.0	0.0	0.0	0.0	0.0	0.0	0.0	4.859086491739553e-05	0.0	0.0	0.0	0.0	0.0	0.0	0.0	0.0	0.0	0.0	0.0	0.0	0.0	0.0	0.0	0.0	0.0	0.0	0.0	0.00010726161106939826	0.0	3.290014805066623e-05	0.0	0.0	0.0	2.627188776649546e-05	0.0	0.0	0.0	0.006628003314001657	0.0	0.0	0.0	0.0	0.00024685262898049864	0.0	0.0	0.0	0.0
Corynebacterium sp001767255	0.0	0.0	0.0	0.00020020592609541242	0.00013016087884625398	0.0	0.0	0.0	0.0	0.0	0.0	0.0	0.0	0.0	0.0	0.0	0.0	0.0	0.0001342675097038791	0.0	0.0	0.0	0.0	0.0	0.0	0.0	0.0	0.0	0.0	0.0	0.0	0.0	0.0	0.0	0.0	0.0	0.0	0.0	0.0	0.0	0.0	0.0	0.0	0.0	0.0	0.0	0.0	0.0	0.0	0.0	0.0	0.0	0.0	0.0	0.0
Muribaculaceae (genus)	0.0	0.0	0.0	0.0	0.0	0.0	0.0	0.0	0.0	0.0	0.0	0.0001676814890116224	0.0	0.0	0.0	0.0	0.0	0.0	0.0	0.0	0.0	0.0	0.0	0.0	0.0	2.595144484669184e-05	0.0	0.00011883423614343293	0.00019325271934183646	0.0	0.0	0.0	0.0	0.0	0.0	0.0	0.00012875978574371653	0.0	0.0	0.0	0.0	0.0	0.0	0.0	0.0	0.0	0.0	0.0	0.0	0.0	0.0	0.0	0.0	0.0	0.0
Corynebacterium minutissimum	0.0	0.0	0.0	0.0	0.0	0.0	0.0	0.0	0.0	0.0	0.0	0.0	0.0	0.0	0.0	0.0	0.0	0.0	0.000256328882161951	0.0	0.0	0.0	0.0	0.0	0.0	0.0	0.0	0.0	0.0	0.0	0.0	0.0	0.0	0.0	0.0	0.0	0.0	0.0	0.0	0.0	0.0	0.0	0.0	0.0	0.0	0.0	0.0	0.0	0.0	0.0	0.0	0.0	0.0	0.0	0.0
Lactobacillus (genus)	0.0	0.0	0.0	0.0	0.0	0.0	0.0	0.0	0.0	0.0	0.0	0.0	0.0	0.0	0.0	0.0	0.0	0.0	0.0	0.0	0.0	0.0	0.0	0.0	0.0	0.0	0.0	0.0	0.0	0.0	0.0	0.0	0.0	0.0	0.00033062014893650517	0.0	0.0	0.0	0.0	0.0	0.0	0.0	0.0	0.0	0.0	0.0	0.0	0.0	0.0	0.0	0.0	0.0	0.0	0.007692307692307693	0.0
Corynebacterium aurimucosum	0.0	0.0	0.0	0.0005720169317011784	7.809652730775239e-05	0.0	0.0	0.0	0.0	0.0	0.0	0.0	0.0	0.0	0.0	0.0	0.0	0.0	0.0	0.0	0.0	0.0	0.0	0.0	0.0	0.0	0.0	0.0	0.0	0.0	0.0	0.0	0.0	0.0	0.0	0.0	0.0	0.0	0.0	0.0	0.0	0.0	0.0	0.0	0.0	0.0	0.0	0.0	0.0	0.0	0.0	0.0	0.0	0.0	0.0
Ruthenibacterium lactatiformans	0.0	0.0	0.0	0.0	0.0	0.0	0.0	0.0	0.0	0.0	6.425393153743594e-05	0.0	8.518794590565435e-05	0.0	0.0	0.0	0.0	4.176978582542318e-05	0.0	0.0	0.0	0.0	0.0	0.0	0.0	0.0	0.0	0.0	1.840502088969871e-05	0.0	3.254537367513208e-05	0.0	0.0	3.9438397223536837e-05	0.0	0.0	0.0	0.0	0.0	0.0	0.0	0.0	0.0	0.0	0.0	0.0	0.0	0.0	0.0	0.0	0.0	0.0	0.0	0.0	0.0
Streptococcus mitis	0.0	0.00022422530158303062	0.0	0.0	0.0	0.0	9.99000999000999e-05	0.0	0.0	0.0	0.0	0.0	0.0	0.0	0.0	0.0	0.0	0.0	0.0	0.0	0.0	0.0	0.0	0.0	0.0	0.0	0.0	0.0	0.0	0.0	9.763612102539625e-05	0.0	0.0	0.0	0.0	0.0	0.0	0.0	0.0	0.0	0.0	0.0	0.0	0.0	0.0	0.0	0.0	0.0	0.0	0.0	0.0	0.0	0.0	0.0	0.0
Corynebacterium urealyticum	0.0	0.0	0.0	0.0	0.0	0.0	0.0	0.0	0.0	0.0	0.0	0.0	0.0	0.0	0.0	0.0	0.0	0.0	0.0	0.0	0.0	0.0	0.0	0.0	0.0	0.0	0.0	0.0	0.0	0.0	0.0	0.0	0.0	0.0	0.0002991325157044571	0.0	0.0	0.0	0.0	0.0	0.0	0.0	0.0	0.0	0.0	0.0	0.0	0.0	0.0	0.0	0.0	0.0	0.0	0.0	0.0
Olegusella massiliensis	0.0	0.0	0.0	0.0	0.00023428958192325713	0.0	0.0	0.0	0.0	0.0	0.0	0.0	0.0	0.0	0.0	0.0	0.0	0.0	0.0	0.0	0.0	0.0	0.0	0.0	0.0	0.0	0.0	0.0	0.0	0.0	0.0	0.0	0.0	0.0	0.0	0.0	0.0	0.0	0.0	0.0	0.0	0.0	0.0	0.0	0.0	0.0	0.0	0.0	0.0	0.0	0.0	0.0	0.0	0.0	0.0
Prevotella copri	0.0	0.0002690703618996368	0.0	0.0	0.0	0.015151515151515152	0.0	0.0	0.0	0.0	0.0	0.0	0.0001490789053348951	0.0	0.0	0.0	0.0	0.0	0.0	0.0	0.0	0.0	0.0	0.0	0.0	0.0	0.0	0.0	0.0	0.0	0.0	0.0001973498731322244	0.0	7.887679444707367e-05	0.0	0.0	0.00038627935723114956	0.0	0.0	0.0	0.0010607265977194379	0.0	0.0	0.0	0.0	0.007456503728251864	0.0	0.0	5.411548243952595e-05	0.0	0.00028211729026342703	6.53623251557802e-05	0.0	0.0	0.0
[Ruminococcus]_torques_group (genus)	0.0	0.0	0.0	0.0	0.0	0.00946969696969697	0.0	0.0	0.0	0.0	0.0	0.0	0.0	0.0	0.0	0.0	0.0001690109105932283	0.0	0.0	0.0	0.0	0.0	0.0	0.0	0.0	0.0	0.0	0.0	0.0	0.0	0.0	0.0	0.0	0.0	0.0	0.00010726161106939826	0.0	0.0	0.0	0.0	0.0	0.0	0.0	0.0	0.0	0.0	0.0	0.0	0.0	0.0	0.0	0.0	0.0	0.0	0.0
Acetatifactor sp900066565	0.0	0.0	0.0	0.0	0.0	0.0	0.0	0.0	0.0	0.0	0.0	0.0	0.0001916728782877223	0.0	4.951148666490626e-05	0.0	5.6336970197742766e-05	0.0	0.0	0.0	0.0	0.0	0.0	0.0	0.0	0.0	0.0	0.0	0.0	0.0	0.0	0.0	0.0	0.0	0.0	8.04462083020487e-05	0.0	0.0	0.0	0.0	0.0	0.0	0.0	0.0	0.0	0.0	0.0	0.0001255387705569737	0.0	0.0	0.0	0.0	0.0	0.0	0.0
UCG-002 (genus)	0.0	0.0	0.0	0.0	0.0	0.005681818181818182	0.0	0.0	0.0	0.0	6.425393153743594e-05	0.0	0.0	0.0	0.0	0.00012147716229348882	0.0	0.0	0.0	0.0	0.0	0.0	4.78423117405033e-05	0.0	0.0	0.0	9.548818333731201e-05	5.9417118071716464e-05	0.0	0.0	2.1696915783421386e-05	0.0	0.0	0.0	0.0	0.0	0.0	0.0	0.0	0.0	0.0	3.940783164974319e-05	0.0	4.7608845723535436e-05	0.0	0.0	0.0	0.0	0.0	7.822889775483064e-05	0.00017632330641464188	0.0	5.314155137902326e-05	0.0	0.0
Anaerococcus sp900258475	0.0	0.0	0.0	0.0	0.0	0.0	0.0	0.0	0.0	0.0	0.0	0.0	0.0	0.0	0.0	0.0	0.0	0.0	0.0	0.0	0.0	0.0	0.0	0.0	0.0	0.0	0.0	0.0	0.0	0.0	0.0	0.0	0.0	0.0	0.000283388699088433	0.0	0.0	0.0	0.0	0.0	0.0	0.0	0.0	0.0	0.0	0.0	0.0	0.0	0.0	0.0	0.0	0.0	0.0	0.0	0.0
Barnesiella intestinihominis	0.0	0.0	0.0	0.0	0.0	0.0	0.0	0.0	0.0	0.0	0.0	3.1440279189679205e-05	0.0	0.0	0.0	0.00012147716229348882	0.0	0.0	0.0	0.0	0.0	0.0	0.0	9.049773755656108e-05	0.0	0.0	0.0	4.9514265059763716e-05	0.0	0.0	0.0	0.0	0.0	5.258452963138245e-05	0.0	0.0	0.0	0.0	0.0	0.0	0.0	0.0	0.0	0.0	0.0	0.0	0.0	0.0	6.764435304940744e-05	0.0	0.0	0.0	0.0	0.0	0.0
Corynebacterium sp001831515	0.0	0.0	0.0	0.0	0.0	0.0	0.0	0.0	0.0	0.0	0.0	0.0	0.0	0.0	0.0	0.0	0.0	0.0	0.0	0.0	0.0	0.0	0.0	0.0	0.0	0.0	0.0	0.0	0.0	0.0	0.0	0.0	0.0	0.0	0.00026764488247240894	0.0	0.0	0.0	0.0	0.0003479471120389701	0.0	0.0	0.0	0.0	0.0	0.0	0.0	0.0	0.0	0.0	0.0	0.0	0.0	0.0	0.0
Bacteria (domain)	0.0	0.0	0.0	0.0	0.0	0.0	7.992007992007992e-05	0.0001512516070483249	0.0	0.0	0.0	0.0	0.0	0.0	0.0	4.859086491739553e-05	7.511596026365702e-05	0.0	0.0	0.0	0.00021000560014933732	0.0	0.0	9.049773755656108e-05	9.98390095970248e-05	0.0	0.0005888437972467574	0.0	2.7607531334548064e-05	0.0	0.00021696915783421387	5.6385678037778406e-05	0.0002848316206919217	0.0	0.0	0.0	0.0	0.0	0.0002331002331002331	0.006437021572720946	0.0	0.0	0.0	0.0	0.0	0.0	0.00010905918278319034	0.0	0.0	0.0	0.00014105864513171352	0.0	0.0	0.0	0.00032133676092544985
Corynebacterium striatum	0.0	0.0	0.0	0.0	0.0	0.0	0.0	0.0	0.0	0.0	0.0	0.0	0.0	0.0	0.0	0.0	0.0	0.0	0.0	0.0	0.0	0.0	0.0	0.0	0.0	0.0	0.0	0.0	0.0	0.0	0.0	0.0	0.0	0.0	0.0	0.0	0.0	0.0	0.0	0.0	0.0	0.00011822349494922957	0.0	0.0	0.00021235931195582927	0.0	0.0	0.0	0.0	0.0	0.0	0.0	0.0	0.0	0.0
Pauljensenia radingae A	0.0	0.0	0.0	0.0	0.00016920914250013016	0.0	0.0	0.0	0.0	0.0	0.0	0.0	0.0	0.0	0.0	0.0	0.0	0.0	0.0	0.0	0.0	0.0	0.0	0.0	0.0	3.892716727003776e-05	0.0	0.0	0.0	0.0	0.0	0.0	0.0	0.0	0.0	0.0	0.0	0.0	0.0	0.0	0.0	0.0	0.0	0.0	0.0	0.0	0.0	0.0	0.0	0.0	0.0	0.0	0.0	0.0	0.0
Bifidobacterium dentium	0.0	0.0	0.0	0.0	0.0	0.0	0.00015984015984015984	0.0	0.0	0.0	0.0	0.0	0.0	0.0	0.0	0.0	0.0	0.0	0.0	0.0	0.0	0.0	0.0	0.0	0.0	0.0	0.0	7.922282409562195e-05	0.0	0.0	0.0	0.0	0.0	0.0	0.0	0.0	0.0	0.0	0.0	0.0	0.0	0.0	0.0	0.0	0.0	0.0	0.0	0.0	0.0	0.0	0.0	0.0	0.0	0.0	0.0
Ezakiella peruensis	0.0	0.0	0.0	0.0	0.0	0.0	0.0	0.0	0.0	0.0	0.0	0.0	0.0	0.0	0.0	0.0	0.0	0.0	0.0	0.0	0.0	0.0	0.0	0.0	0.0	0.0	0.0	0.0	0.0	0.0	0.0	0.0	0.0	0.0	0.0	0.0	0.0	0.0	0.0	0.0	0.0	0.0	0.0	0.0	0.00042471862391165854	0.0	0.0	0.0	0.0	0.0	0.0	0.0	0.0	0.0	0.0
Streptococcus macedonicus	0.0	0.0	0.0	0.0	0.0	0.022727272727272728	0.0	0.0	0.0	0.01	0.0	0.0	0.0	0.0	0.0	0.0	0.0	0.0	0.0	0.0	0.0	0.0	0.0	0.0	0.0	0.0	0.0	0.0	0.0	0.0	0.0	0.0	0.0	0.0	0.0	0.0	0.0	0.0	0.0	0.0	0.0	0.0	0.0	0.0	0.0	0.0	0.0	0.0	0.0	0.0	0.0	0.0	0.0	0.0	0.0
Corynebacterium accolens	0.0	0.0	0.0	0.0	0.0	0.0	0.0	0.0	0.0004138002379351368	0.0	0.0	0.0	0.0	0.0	0.0	0.0	0.0	0.0	0.0	0.0	0.0	0.0	0.0	0.0	0.0	0.0	0.0	0.0	6.441757311394548e-05	0.0	0.0	0.0	0.0	0.0	0.0	0.0	0.0	0.0	0.0	0.0	0.0	0.0	0.0	0.0	0.0	0.0	0.0	0.0	0.0	0.0	0.0	0.0	0.0	0.0	0.0
Corynebacterium phoceense	0.0	0.0	0.0084985835694051	0.0	0.0	0.0	0.0	0.0	0.0	0.0	0.0	0.0	0.0	0.0	0.0	0.0002672497570456754	0.0	0.0	0.0	0.0	0.0	0.0	0.0	0.0	0.0	0.0	0.0	0.0	0.0	0.0	0.0	0.0	0.0	0.0	0.0	0.0	0.0	0.0	0.0	0.0	0.0	0.0	0.0	0.0	0.0	0.0	0.0	0.0	0.0	0.0	0.0	0.0	0.0	0.0	0.0
Monoglobus (genus)	0.0	0.0	0.0	0.0	0.0	0.005681818181818182	3.996003996003996e-05	0.0	0.0	0.0	0.0	0.0	0.0	0.0	0.0	0.0	0.0	3.132733936906739e-05	0.0	0.0	0.0	0.0	0.0	0.0	0.0	0.0	0.0	0.0	0.0	0.0	2.1696915783421386e-05	0.0	4.382024933721873e-05	0.0	0.0	0.0	0.0	0.0	0.0	0.0	0.0	0.0	0.0	0.0	0.0	0.0	0.0	0.0	0.0	0.0	7.052932256585676e-05	0.0	0.0	0.011538461538461539	0.0
Streptococcus thermophilus	0.0	0.0	0.0	0.0	0.0	0.0	0.0	0.0	0.0	0.0	0.0	0.0	0.0	0.0	0.0	0.00021865889212827988	0.0	0.0	0.0	0.0	0.0	0.0	0.0	0.0	6.23993809981405e-05	0.0	0.0	0.0	0.0	0.0	0.0	0.0	0.0	0.0	0.0	0.0	0.0	0.0	0.0	0.0	0.0	0.0	0.0	0.0	0.0	0.0	0.0	0.0	0.0	0.0	0.0	0.0	0.0	0.0	0.0
Enterobacterales (order)	0.0	0.0	0.0	0.0	0.0	0.0	0.0	0.0	0.0	0.0	0.0	0.0	0.0	0.0	0.0	0.0	0.0	0.00013575180393262534	0.0	0.0	0.0	0.0	0.0	0.0	0.0	0.0	0.0	0.0	0.0	0.0	0.0	0.0	0.0	0.0	0.0	0.0	0.0	0.0	0.0	0.0	0.0	0.0	0.0	0.0	0.0	0.0	0.0	0.0	0.0	0.0	0.0	0.0	0.0	0.0	0.0
Blautia A sp900541345	0.0	0.0	0.0	0.0	0.0	0.0	0.0	0.0	0.0	0.0	0.0	0.0	0.0	0.0	0.0	0.0	0.0	0.0	0.0	0.0	0.0	0.00013274923669188903	0.0	0.0	0.0	0.0	0.0	0.0	0.0	0.0	0.0	0.0	0.0	0.0	0.0	0.0	0.0	0.0	0.0	0.0	0.0	0.0	0.0	0.0	0.0001858143979613506	0.0	0.0	0.0	0.0	0.0	0.0	0.0	0.0	0.0	0.0
Peptostreptococcus sp000758885	0.0	0.0	0.0	0.0	0.0	0.0	0.0	0.0	0.0	0.0	0.0	0.0	0.0	0.0	0.0	0.0	0.0	0.0	0.0	0.0	0.0	0.0	0.0	0.0	0.0	0.0	0.0	0.0	0.0	0.0	0.0	0.0	0.0	0.0	0.0	0.0	0.0	0.0	0.0	0.0	0.0	0.0	0.0	0.0	0.00034508388192822255	0.0	0.0	0.0	0.0	0.0	0.0	0.0	0.0	0.0	0.0
[Eubacterium]_siraeum_group (genus)	0.0	0.0	0.0	0.0	0.0	0.0	0.0	0.0	0.0	0.0	0.0	0.0	0.0	0.0	0.0	9.718172983479106e-05	3.755798013182851e-05	0.0	0.0	0.0	0.0	0.0	0.0	0.0	0.0	0.0	6.365878889154133e-05	0.0	0.0	0.0	0.0	0.0	0.0	0.0	0.0	0.0	0.0	0.0	0.00034965034965034965	0.0	0.0	0.0	0.0	0.0	0.0	0.0016570008285004142	0.0	0.0	0.0	0.0	0.0	0.0	0.0	0.0	0.0
Arcanobacterium A urinimassiliense	0.0	0.0	0.0	0.0	0.0	0.0	0.0	0.0	0.0	0.0	0.0	0.0	0.0	0.0	0.0	0.0	0.0	0.0	0.0	0.0	0.0	0.0	0.0	0.0	0.0	0.0	0.0	0.0	0.0	0.0	0.0	0.0	0.0	0.0	7.871908308012029e-05	0.0	0.0	0.0	0.0	0.0	0.0	0.0	0.0	0.0	0.0001858143979613506	0.0	0.0	0.0	0.0	0.0	0.0	0.0	0.0	0.0	0.0
Corynebacterium pyruviciproducens	0.0	0.0	0.0	0.0	0.0	0.0	0.0	0.0	0.0	0.0	0.0	0.0	0.0	0.0	0.0	0.0	0.0	0.0	9.764909796645754e-05	0.0	0.0	0.0	0.0	0.0	0.0	0.0	0.0	0.0	0.0	0.0	0.0	0.0	0.0	0.0	0.0	0.0	0.0	0.0	0.0	0.0	0.0	3.940783164974319e-05	0.0	0.0	0.0	0.0	0.0	0.0	0.0	0.0	0.0	0.0	0.0	0.0	0.0
Corynebacterium sp001807485	0.0	0.0	0.0	0.0	0.0	0.0	0.0	0.0	0.0	0.0	0.0	0.0	0.0	0.0	0.0	0.0	0.0	0.0	0.0	0.0	0.0	0.0	0.0	9.049773755656108e-05	0.0	0.0	0.0	0.0	0.0	0.0	0.0	0.0	0.0	0.0	0.0001102067163121684	0.0	0.0	0.0	0.0	0.0	0.0	0.0	0.0	0.0	0.0	0.0	0.0	0.0	0.0	0.0	0.0	0.0	0.0	0.0	0.0
Bariatricus comes	0.0	0.0	0.0	0.0	0.0	0.0	0.0	0.0	0.0	0.0	0.0	0.0	0.0	0.0	0.0	0.0	0.0	0.0	0.0	0.0	0.0	0.0	0.0	0.0	0.0	0.0	0.0	0.0	0.0	0.0	0.0	0.0	0.0	9.202292685491928e-05	0.0	0.0	0.0	0.0	0.0004662004662004662	0.0	0.0	0.0	0.0	0.0	0.0	0.0	0.0	0.0	0.0	0.0	0.0	0.0	0.0	0.0	0.0
Peptoniphilus sp000478985	0.0	0.0	0.0	0.0	0.0	0.0	0.0	0.0	0.0	0.0	0.0	0.0	0.0	0.0	0.0	0.0	0.0	0.0	0.0	0.0	0.0	0.0	0.0	0.0	0.0	0.0	0.0	0.0	0.0	0.0	0.0	0.0	0.0	0.0	0.0	0.0	0.0	0.0	0.0	0.0	0.0	0.0	0.0	0.0	0.00029199405393926523	0.0	0.0	0.0	0.0	0.0	0.0	0.0	0.0	0.0	0.0
Lactobacillus delbrueckii	0.0	0.0	0.0	0.0	0.0	0.0	0.0	0.0	0.0	0.0	0.0	0.0	0.0	0.0	0.0	0.0	0.0	0.0	0.0	0.0	0.0	0.0	0.0	0.0	0.0	0.0	0.0	0.0	0.0	0.0	0.0	0.0	0.0	0.0	0.0	0.0	0.0	0.0	0.0	0.0	0.0	0.0	0.0	0.0	0.0	0.0	0.0	0.0	0.0	0.0	0.0	0.00023966185890452742	0.0	0.0	0.0
Acinetobacter (genus)	0.0	8.969012063321226e-05	0.0	0.0	0.0	0.0	0.0001998001998001998	0.0	0.0	0.0	0.0	0.0	0.0	0.0	0.0	0.0	0.0	4.176978582542318e-05	0.0	0.0	0.0	0.0	8.372404554588077e-05	0.0	0.0	0.0	0.0	0.0	0.0	0.0	0.0	0.0	0.0	0.0	4.723144984807217e-05	0.0	0.0	0.0	0.0	0.0	0.0	0.0	0.0	0.0	0.0	0.0	0.0	0.0	0.0	0.0	0.0	0.0	0.0	0.0	0.0
Lacticaseibacillus rhamnosus	0.0	0.0	0.0	0.0	0.0	0.0	0.0	0.0	0.0	0.0	0.0	0.0	0.0	0.0	0.0	0.0	0.0	0.0	0.0	0.0	0.0	0.0	0.0	0.0	0.0	0.0	0.0	0.0	4.601255222424677e-05	0.0	0.0	0.0	0.0	0.0	0.0	0.0	0.0	0.0	0.0	0.0	0.0	0.0	0.0	0.0	0.0	0.0	0.0	0.0	0.0	0.0	0.00017632330641464188	0.0	0.0	0.0	0.0
CAG-352 (genus)	0.0	0.0	0.0	0.0	0.0	0.0	0.0	0.0	0.0	0.0	0.0	0.0	0.0	0.0	0.0	0.0	0.0	0.0	0.0	0.0	0.0	0.0	0.0	0.0	0.0	0.0	0.0	0.0	0.0	0.0	0.00010848457891710693	0.0	0.0	0.0	0.0	0.0	0.0	0.0	0.0	0.0	0.0	0.0	0.0	0.0	0.0	0.0	0.0	0.0	0.0	0.0	0.0	0.0	0.0	0.0	0.0
Lachnospiraceae_ND3007_group (genus)	0.0	8.969012063321226e-05	0.0113314447592068	0.0	0.0	0.0	0.0	0.0	0.0	0.0	0.0	0.0	0.0	0.0	0.0	0.0	0.0	0.0	0.0	0.0	0.0	0.0	0.0	0.0	0.0	0.0	0.0	0.0	0.0	0.0	0.0	0.0	0.0	0.0	0.0	0.0	0.0	0.0	0.0	0.0	0.0	0.0	0.0	0.0	0.0	0.0024855012427506215	0.0	0.0	0.0	0.0	0.0	0.0	0.0	0.0	0.0
Prevotellaceae_NK3B31_group (genus)	0.0	0.0	0.0	0.0	0.0	0.0	0.0	0.0	0.0	0.0	8.031741442179493e-05	0.0	0.0	0.0	0.0	0.0	0.0	0.0	0.0	0.0	0.0	0.0	0.0	0.0	0.0	0.0	0.0	0.0	3.681004177939742e-05	0.0	0.0	0.0	0.0	0.0	0.0	0.0	0.0	0.0	0.0	0.0	0.0	0.0	0.0	0.0	0.0	0.0	0.0	0.0	0.0	0.0	0.0	0.0	0.0	0.0	0.0
Odoribacter (genus)	0.0	0.0	0.0	0.0	0.0	0.0	0.0	0.0	0.0	0.0	6.425393153743594e-05	0.0	0.0	0.0	0.0	0.0	0.0	0.0	0.0	0.0	0.0	0.0	0.0	0.0	0.0	2.595144484669184e-05	0.0	0.0	0.0	0.0	2.1696915783421386e-05	0.0	0.0	0.0	3.1487633232048115e-05	0.0	0.0	0.0	0.0	0.0	0.0	0.0	0.0	0.0	0.0	0.0	0.0	0.0	4.0586611829644464e-05	0.0	0.0	0.0	0.0	0.0	0.0
Prevotella_9 (genus)	0.0	0.0	0.0	0.0	0.0	0.0	0.0	0.0	0.0	0.0	0.0	0.0	0.0	0.0	3.300765777660417e-05	0.0	0.0	0.0	0.0	0.0	0.0	0.0	0.0	0.0	0.0	0.0	0.0	0.0	6.441757311394548e-05	0.0	0.0	0.0	0.0	0.0	0.0	0.0	0.0	0.0	0.0	0.0	0.0	0.0	0.0	0.0	0.0	0.0	0.0	0.0	0.0	0.0	0.0	0.0	0.0	0.0	0.0
Porphyromonas sp001552775	0.0	0.0	0.0	0.0	0.0	0.0	0.0	0.0	0.0	0.0	0.0	0.0	0.0	0.0	0.0	0.0	0.0	0.0	7.323682347484315e-05	0.0	0.0	0.0	0.0	0.0	0.0	0.0	0.0	2.9708559035858232e-05	0.0	0.0	0.0	0.0	0.0	0.0	0.0	0.0	0.0	0.0	0.0	0.0	0.0	0.0	0.0	0.0	0.00021235931195582927	0.0	0.0	0.0	0.0	0.0	0.0	0.0	0.0	0.0	0.0
Dorea B phocaeensis	0.0	0.0	0.0	0.0	0.0	0.0	0.0	0.0	0.0	0.0	0.0001285078630748719	0.0	0.0	0.0	0.0	0.0	0.0	0.0	0.0	0.0	0.0	0.0	0.0	0.0	0.0	0.0	0.0	0.0	0.0	0.0	0.0	0.0	0.0	0.0	0.0	0.0	0.0	0.0	0.0	0.0	0.0	0.0	0.0	0.0	0.0	0.0	0.0	0.0	0.0	0.0	0.0	0.0	0.0	0.0	0.0
Parasutterella (genus)	0.0	0.0	0.0	0.0	0.0	0.005681818181818182	0.0	0.0	0.0	0.0	6.425393153743594e-05	0.0	0.0	0.0	0.0	0.0	0.0	0.0	0.0	0.0	0.0	0.0	0.0	0.0	0.0	0.0	0.0	0.0	3.681004177939742e-05	0.0	0.0	0.0	0.0	0.0	0.0	0.0	0.0	0.0	0.0	0.0	0.0	0.0	0.0	0.0	0.0	0.0	0.0	0.0	0.0	0.0	0.0	0.0	0.0	0.0	0.0
Lachnospira rogosae	0.0	0.0	0.0	0.0	0.0	0.0	0.0	0.0	0.0	0.0	0.0	0.0	0.0	0.0	0.0	0.0	0.0	0.0	0.0	5.247346810269058e-05	0.0	0.0	0.0	0.0	0.0	0.0	0.0	0.0	0.0	0.0	0.0	0.0	0.0	0.0	0.0	0.0	0.0	0.0	0.0	0.0	0.0	0.0	0.0	0.0	0.0	0.0	0.0	0.0	5.411548243952595e-05	0.0	0.0	0.0	0.0	0.0	0.0
Gleimia europaea A	0.0	0.0	0.0	0.0	0.0	0.0	0.0	0.0	0.0	0.0	0.0	0.0	0.0	0.0	0.0	0.0	0.0	0.0	0.0	0.0	0.0	0.0	0.0	0.0	0.0	0.0	0.0	0.0	0.0	0.0	0.0	0.0	0.0	0.0	0.00012595053292819246	0.0	0.0	0.0	0.0	0.0	0.0	0.0	0.0	0.0	0.0	0.0	0.0	0.0	0.0	0.0	0.0	0.0	0.0	0.0	0.0
Streptococcus xiaochunlingii	0.00024242424242424242	0.0	0.0	0.0	0.0	0.0	0.0	0.0	0.0	0.0	0.0	0.0	0.0	0.0	0.0	0.0	0.0	0.0	0.0	0.0	0.0	0.0	0.0	0.0	0.0	0.0	0.0	0.0	0.0	0.0	0.0	0.0	0.0	0.0	0.0	0.00021452322213879653	0.0	0.0	0.0	0.0	0.0	0.0	0.0	0.0	0.0	0.0	0.0	0.0	0.0	0.0	0.0	0.0	0.0	0.0	0.0
Fusobacterium (genus)	0.00024242424242424242	0.0	0.0	0.0	0.0	0.0	0.0	0.0	0.0	0.0	0.0	0.0	0.0	0.0	0.0	0.0	0.0	0.0	0.0	0.0	0.0	0.0	0.0	0.0	0.0	5.190288969338368e-05	0.0	0.0	0.0	0.0	0.0	0.0	0.0	0.0	0.0	0.0	0.0	0.0	0.0	0.0	0.0	0.00010508755106598185	0.0	0.0	0.0	0.0	0.0	0.0	0.0	0.0	0.0	0.0	0.0	0.0	0.0
Leuconostoc (genus)	0.0	0.0	0.0	0.0	0.0	0.0	7.992007992007992e-05	0.0	0.0	0.0	0.0	0.0	0.0	0.0	0.0	0.0	0.0	0.0	0.0	0.0	0.0	0.0	0.0	0.0	0.0	0.0	0.0	0.0	0.0	0.0	0.0	0.0	0.0	0.0	0.0	0.0	0.0	0.0	0.0	0.0	0.0	0.0	0.0	0.0	0.0	0.0	0.0	0.0	0.0	0.0	0.0	0.0	5.314155137902326e-05	0.0	0.0
Dolosigranulum pigrum	0.0	0.0	0.0	0.0	0.0	0.0	0.0	0.0	0.0002069001189675684	0.0	0.0	0.0	0.0	0.0	0.0	0.0	0.0	0.0	0.0	0.0	0.0	0.0	3.5881733805377476e-05	0.0	0.0	0.0	0.0	0.0	0.0	0.0	0.0	0.0	0.0	0.0	0.0	0.0	0.0	0.0	0.0	0.0	0.0	0.0	0.0	0.0	0.0	0.0	0.0	0.0	0.0	0.0	0.0	0.0	0.0	0.0	0.0
Dorea formicigenerans	0.0	0.0	0.0	0.0	0.0	0.0	0.0	0.0	0.0	0.0	0.0	0.0	0.0	0.0	0.0	9.718172983479106e-05	0.0	0.0	0.0	0.0	0.0	0.0	0.0	0.0	0.0	0.0	0.0	0.0	0.0	0.0	0.0	8.457851705666761e-05	0.0	0.0	0.0	0.0	0.0	0.0	0.0	0.0	0.0	0.0	0.0	0.0	0.0	0.0	0.0	0.0	0.0	0.0	0.0	0.0	0.0	0.0	0.0
Pseudomonas (genus)	0.0	0.0	0.0	0.0	0.0	0.0	0.0	0.0	0.0	0.0	3.212696576871797e-05	0.0	0.0	0.0	0.0	0.0	0.0	0.0	8.544296072065034e-05	0.0	0.0	0.0	0.0	0.0	0.0	0.0	0.0	0.0	0.0	0.0	0.0	0.0	0.0	0.0	0.0	0.0	0.0	6.580029610133246e-05	0.0	0.0	0.0	0.0	0.0	0.0	7.963474198343597e-05	0.0	0.0	0.0	0.0	0.0	0.0	0.0	0.0	0.0	0.0
Sutterella (genus)	0.0	0.0	0.0	0.0	0.0	0.0	0.0	0.0	0.0	0.0	0.0	0.0	0.0	0.0	0.0	0.0	0.0	0.0	0.0	3.9355101077017936e-05	0.0	0.0	0.0	0.0	0.0	0.0	0.0	0.0	0.0	0.0	0.0	0.0	0.0	0.0	0.0	0.0	0.0	0.0	0.0	0.0	0.0	0.0	0.0	0.0	0.0	0.0	0.0	0.0	0.0	0.0	0.00014105864513171352	0.0	0.0	0.0	0.0
Coprococcus eutactus A	0.0	0.0	0.0	0.0	0.0	0.0	0.0	0.0	0.0	0.0	0.0	0.0	0.0	0.0	0.0	0.0	0.0	0.0	0.0	0.0	0.0	0.0	3.5881733805377476e-05	0.0	0.0	0.0	0.0	0.0	0.0	0.0	0.0	0.0	0.0	0.0	0.0	0.0	0.0	0.0	0.0	0.0	0.0	0.0	0.0	0.0	0.0	0.0	0.0	8.369251370464912e-05	0.0	0.0	0.0	0.0	0.0	0.0	0.0
Roseburia inulinivorans	0.0	0.0	0.0	0.0	0.0	0.0	0.0	0.0	0.0	0.0	0.0	0.0	0.0	0.0	0.0	0.0	0.0	0.0	0.0	0.0	0.0	0.0	0.0	0.0	0.0	0.0	0.0	0.0	0.0	0.00011030396621547092	0.0	0.0	0.0	0.0	0.0	0.0	0.0	0.0	0.0	0.0	0.0	0.0	0.0	0.0	0.0	0.0	0.0	0.0	0.0	0.0	0.0	0.0	0.0	0.0	0.0
KA00134 sp001574395	0.0	0.0	0.0	0.0	0.0	0.0	0.0	0.0	0.0	0.0	0.0	0.0	0.0	0.0	0.0	0.0	0.0	0.0	0.0	0.0	0.0	0.0	0.0	0.0	0.0	0.0	0.0	0.0	0.0	0.0	7.593920524197486e-05	0.0	0.0	0.0	4.723144984807217e-05	0.0	0.0	0.0	0.0	0.0	0.0	0.0	0.0	0.0	0.0	0.0	0.0	0.0	0.0	0.0	0.0	0.0	0.0	0.0	0.0
Incertae_Sedis (genus)	0.0	0.0	0.0	0.0	0.0	0.0	0.0	0.0	0.0	0.0	0.0	0.0	0.0	0.0	0.0	0.0	0.0	0.0	0.0	0.0	0.0	0.0	0.0	0.0	0.0	0.0	0.0	0.0	0.0	0.0	4.339383156684277e-05	0.0	0.0	0.0	0.0	0.0	7.725587144622991e-05	0.0	0.0	0.0	0.0	0.0	0.0	0.0	0.0	0.0	0.0	0.0	0.0	0.0	0.0	0.0	0.0	0.0	0.0
Haemophilus (genus)	0.0	0.0	0.0	0.0	0.0	0.0	0.0	0.0	0.0	0.0	0.0	0.0	0.0	0.0	0.0	0.0	0.0	0.0	0.0	0.0	0.0	0.0	0.0	0.0	0.0	0.0	0.0	0.0	0.0	0.0	0.0	0.0	0.0	0.0	0.0	0.00018770781937144695	0.0	0.0	0.0	0.0	0.0	0.0	0.0	0.0	0.0	0.0	0.0	0.0	0.0	0.0	0.0	0.0	0.0	0.0	0.0
Rothia mucilaginosa	0.0	0.0	0.0	0.0	0.0	0.0	0.0	0.0	0.0	0.0	0.0	0.0	0.0	0.0	0.0	0.0	0.0	0.0	0.0	0.0	0.0	0.0	0.0	0.0	0.0	0.0	0.0	0.0	0.0	0.0	0.0	0.0	0.0	0.0	0.0	0.00018770781937144695	0.0	0.0	0.0	0.0	0.0	0.0	0.0	0.0	0.0	0.0	0.0	0.0	0.0	0.0	0.0	0.0	0.0	0.0	0.0
Cutibacterium acnes	0.0	0.0	0.0	0.0	0.0	0.0	0.0	0.0	0.0	0.0	0.0	0.0	0.0	0.0	0.0	0.0	0.0	0.0	0.0	0.0	0.0	0.0	0.0	0.0	0.0	0.0	0.0	0.0	0.0	0.0	0.0	0.0	0.0	0.0	0.0	0.0	0.0	0.0	0.0	0.0	0.0	0.0	0.0	0.00016663096003237401	0.0	0.0	0.0	0.0	0.0	0.0	0.0	0.0	0.0	0.0	0.0
Methylobacterium-Methylorubrum (genus)	0.0	0.0	0.0	0.0	0.0	0.0	0.0	0.0	0.0	0.0	0.0	0.0	0.0	0.0	0.0	0.0	0.0	0.0	0.0	0.0	0.0	0.0	0.0	0.0	0.0	0.0	0.0	0.0	0.0	0.0	0.0	0.0	0.0	0.0	0.0	0.0	0.0	0.0	0.0	0.0	0.0	0.0	0.0	0.0	0.0	0.0033140016570008283	0.0	0.0	9.470209426917041e-05	0.0	0.0	0.0	0.0	0.0	0.0
Lachnospiraceae (family)	0.0	0.0	0.0	0.0	0.0	0.0	0.0	0.0	0.0	0.0	0.0	0.0	0.0	0.0	0.0	0.0	0.0	0.0	0.0	0.0	0.0	0.0	0.0	0.0	0.0	3.892716727003776e-05	0.0	0.0	0.0	0.0	0.0	0.0	0.0	0.0	0.0	0.0	0.0	0.0	0.0	0.0	0.0	0.0	0.0	0.0	0.0	0.0	0.0	0.0	0.0	0.0	0.0	0.0	0.0	0.0	0.0007497857754927164
Weissella (genus)	0.0	0.0	0.0	0.00011440338634023568	0.0	0.0	0.0	0.0	0.0	0.0	0.0	0.0	0.0	0.0	0.0	0.0	0.0	0.0	0.0	0.0	0.0	0.0	0.0	0.0	0.0	0.0	0.0	0.0	0.0	0.0	0.0	0.0	0.0	0.0	0.0	0.0	0.0	0.0	0.0002331002331002331	0.0	0.0	0.0	0.0	0.0	0.0	0.0	0.0	0.0	0.0	0.0	0.0	0.0	0.0	0.0	0.0
Pseudochrobactrum (genus)	0.0	0.0	0.0	0.0	0.0	0.0	0.0	0.0	0.0	0.0	0.0	0.0	8.518794590565435e-05	0.0	0.0	0.0	0.0	0.0	0.0	0.0	0.0	0.0	0.0	4.524886877828054e-05	0.0	0.0	0.0	0.0	0.0	0.0	0.0	0.0	0.0	0.0	0.0	0.0	0.0	0.0	0.0	0.0	0.0	0.0	0.0	0.0	0.0	0.0	0.0	0.0	0.0	0.0	0.0	0.0	0.0	0.0	0.0
Cloacibacillus (genus)	0.0	0.0	0.0	0.0	0.0	0.0	0.0	0.0	0.0	0.0	0.0	0.0	0.0	0.0	0.0	4.859086491739553e-05	0.0	0.0	0.0	0.0	9.333582228859437e-05	0.0	0.0	0.0	0.0	0.0	0.0	0.0	0.0	0.0	0.0	0.0	0.0	0.0	0.0	0.0	0.0	0.0	0.0	0.0	0.0	0.0	0.0	0.0	0.0	0.0	0.0	0.0	0.0	0.0	0.0	0.0	0.0	0.0	0.0
Anaerococcus sp900232825	0.0	0.0	0.0	0.0	0.0	0.0	0.0	0.0	0.0	0.0	0.0	0.0	0.0	0.0	0.0	0.0	0.0	0.0	7.323682347484315e-05	0.0	0.0	0.0	0.0	0.0	0.0	0.0	0.0	0.0	0.0	0.0	0.0	0.0	0.0	0.0	0.0	0.0	0.0	0.0	0.0	0.0	0.0	0.0	0.0	0.0	0.0	0.0	0.0	0.0	0.0	0.0	0.0	0.0	0.0	0.0	0.0
Anaerococcus senegalensis	0.0	0.0	0.0	0.0	0.0	0.0	0.0	0.0	0.0	0.0	0.0	0.0	0.0	0.0	0.0	0.0	0.0	0.0	0.0	0.0	0.0	0.0	0.0	0.0	0.0	0.0	9.548818333731201e-05	0.0	0.0	0.0	0.0	0.0	0.0	0.0	0.0	0.0	0.0	0.0	0.0	0.0	0.0	0.0	0.0	0.0	0.0	0.0	0.0	0.0	0.0	0.0	0.0	0.0	0.0	0.0	0.0
Prevotella bergensis	0.0	0.0	0.0	0.0	0.0	0.0	0.0	0.0	0.0	0.0	0.0	0.0	0.0	0.0	0.0	0.0	0.0	0.0	0.0	0.0	0.0	0.0	0.0	0.0	0.0	0.0	0.0	0.0	0.0	0.0	6.509074735026415e-05	0.0	0.0	0.0	0.0	0.0	0.0	0.0	0.0	0.0	0.0	0.0	0.0	0.0	0.0	0.0	0.0	0.0	0.0	0.0	0.0	0.0	0.0	0.0	0.0
Anaerococcus (genus)	0.0	0.0	0.0	0.0	0.0	0.0	0.0	0.0	0.0	0.0	0.0	0.0	0.0	0.0	0.0	0.0	0.0	0.0	0.0	0.0	0.0	0.0	0.0	0.0	0.0	0.0	0.0	0.0	0.0	0.0	0.0	0.0	0.0	0.0	0.0	0.0	0.0	0.0	0.0	0.0	0.0	0.0	0.0	0.0	0.00015926948396687195	0.0	0.0	0.0	0.0	0.0	0.0	0.0	0.0	0.0	0.0
Enterobacteriaceae (family)	0.0	0.0	0.0	0.0	0.0	0.0	0.0	0.0	0.0	0.0	0.0	0.0	0.0	0.0	0.0	0.0	0.0	0.0	0.0	0.0	0.0	0.0	0.0	0.0	0.0	0.0	0.0	0.0	0.0	0.0	0.0	0.0	0.0	0.0	0.0	0.0	0.0	0.0	0.0	0.0	0.0	0.0	0.0	0.0	0.0	0.0	0.0	0.0	0.0	0.0002346866932644919	0.0	0.0	0.0	0.0	0.0
Bifidobacterium angulatum	0.0	0.0	0.0	0.0	0.0	0.0	0.0	0.0	0.0	0.0	0.0	0.0	0.0	0.0	0.0	0.0	0.0	0.0	0.0	0.0	0.0	0.0	0.0	0.0	0.0	0.0	0.0	0.0	0.0	0.0	0.0	0.0	0.0	0.0	0.0	0.0	0.0	0.0	0.0	0.0	0.0	0.0	0.0	0.0	0.0	0.0	0.0	0.0	0.0	0.0	0.0	0.0001307246503115604	0.0	0.0	0.0
UCG-005 (genus)	0.0	8.969012063321226e-05	0.0	0.0	0.0	0.003787878787878788	0.0	0.0	0.0001034500594837842	0.0	0.0	0.0	0.0	0.0	0.0	0.0	0.0	0.0	0.0	0.0	7.000186671644577e-05	0.0	0.0	0.0	0.0	0.0	0.0	0.0	0.0	0.0	0.0	0.0	0.0	0.0	0.0	0.0	0.0	0.0	0.0	0.0	0.0	0.0	0.0	0.0	0.0	0.0	0.0	0.0	0.0	0.0	0.0	0.0	0.0	0.0	0.0
Providencia (genus)	0.0	0.0	0.0	0.0	0.0	0.0	0.0	0.0	0.0	0.0	0.0	0.0	0.00010648493238206793	0.0	0.0	0.0	0.0	0.0	0.0	0.0	0.0	0.0	0.0	0.0	0.0	0.0	0.0	0.0	0.0	0.0	0.0	0.0	0.0	0.0	0.0	0.0	0.0	0.0	0.0	0.0	0.0	0.0	0.0	0.0	0.0	0.0	0.0	0.0	0.0	0.0	0.0	0.0	0.0	0.0	0.0
Ventricola sp900542395	0.0	0.0	0.0	0.0	0.0	0.0	0.0	0.0	0.0	0.0	0.0	0.0	0.0	0.0	0.0	0.0	0.0	0.0	3.6618411737421576e-05	0.0	4.666791114429718e-05	0.0	0.0	0.0	0.0	0.0	0.0	0.0	0.0	0.0	0.0	0.0	0.0	0.0	0.0	0.0	0.0	0.0	0.0	0.0	0.0	0.0	0.0	0.0	0.0	0.0	0.0	0.0	0.0	0.0	0.0	0.0	0.0	0.0	0.0
Prevotella copri B	0.0	0.0	0.0	0.0	0.0	0.0	0.0	0.0	0.0	0.0	0.0	0.0	0.0	0.0	0.0	0.0	0.0	0.0	0.0	6.559183512836322e-05	0.0	0.0	0.0	0.0	0.0	0.0	0.0	0.0	0.0	0.0	5.424228945855347e-05	0.0	0.0	0.0	0.0	0.0	0.0	0.0	0.0	0.0	0.0	0.0	0.0	0.0	0.0	0.0	0.0	0.0	0.0	0.0	0.0	0.0	0.0	0.0	0.0
Blautia coccoides	0.0	0.0	0.0	0.0	0.0	0.0	0.0	0.0	0.0	0.0	0.0	0.0	0.0	0.0	0.0	0.0	0.0	0.0	0.0	0.0	0.0	0.0	0.0	0.00011312217194570136	0.0	0.0	0.0	0.0	0.0	0.0	0.0	0.0	0.0	0.0	0.0	0.0	0.0	0.0	0.0	0.0	0.0	0.0	0.0	0.0	0.0	0.0	0.0	0.0	0.0	0.0	0.0	0.0	0.0	0.0	0.0
Eisenbergiella sp900066775	0.0	0.0	0.0	0.0	0.0	0.0	0.0	0.0	0.0	0.0	0.0	0.0	0.0	0.0	0.0	0.0	0.0	0.0	0.0	0.0	0.0	0.0	0.0	0.0	0.0	0.0	7.957348611442667e-05	0.0	0.0	0.0	0.0	0.0	0.0	0.0	0.0	0.0	0.0	0.0	0.0	0.0	0.0	0.0	0.0	0.0	0.0	0.0	0.0	0.0	0.0	0.0	0.0	0.0	0.0	0.0	0.0
Intestinimonas (genus)	0.0	0.0	0.0	0.0	0.0	0.0	0.0	0.0	0.0	0.0	0.0	0.0	0.0	0.0	0.0	0.0	0.0	0.0	0.0	0.0	0.0	0.0	0.0	0.0	0.0	0.0	0.0	4.9514265059763716e-05	0.0	0.0	0.0	0.0	0.0	0.0	0.0	0.0	0.0	0.0	0.0	0.0	0.0	0.0	0.0	0.0	0.0	0.0	0.0	0.0	0.0	0.0	0.0	0.0	0.0	0.0	0.0
Intestinibacter (genus)	0.0	0.0	0.0	0.0	0.0	0.0	0.0	0.0	0.0	0.0	0.0	0.0	0.0	0.0	0.0	0.0	0.0	0.0	0.0	0.0	0.0	0.0	0.0	0.0	0.0	0.0	0.0	0.0	0.0	7.878854729676495e-05	0.0	0.0	0.0	0.0	0.0	0.0	0.0	0.0	0.0	0.0	0.0	0.0	0.0	0.0	0.0	0.0	0.0	0.0	0.0	0.0	0.0	0.0	0.0	0.0	0.0
Arachnia timonensis	0.0	0.0	0.0	0.0	0.0	0.0	0.0	0.0	0.0	0.0	0.0	0.0	0.0	0.0	0.0	0.0	0.0	0.0	0.0	0.0	0.0	0.0	0.0	0.0	0.0	0.0	0.0	0.0	0.0	0.0	0.0	0.0	0.0	0.0	7.871908308012029e-05	0.0	0.0	0.0	0.0	0.0	0.0	0.0	0.0	0.0	0.0	0.0	0.0	0.0	0.0	0.0	0.0	0.0	0.0	0.0	0.0
Neofamilia massiliensis	0.0	0.0	0.0	0.0	0.0	0.0	0.0	0.0	0.0	0.0	0.0	0.0	0.0	0.0	0.0	0.0	0.0	0.0	0.0	0.0	0.0	0.0	0.0	0.0	0.0	0.0	0.0	0.0	0.0	0.0	0.0	0.0	0.0	0.0	7.871908308012029e-05	0.0	0.0	0.0	0.0	0.0	0.0	0.0	0.0	0.0	0.0	0.0	0.0	0.0	0.0	0.0	0.0	0.0	0.0	0.0	0.0
Hungatella effluvii	0.0	0.0	0.0	0.0	0.0	0.0	0.0	0.0	0.0	0.0	0.0	0.0	0.0	0.0	0.0	0.0	0.0	0.0	0.0	0.0	0.0	0.0	0.0	0.0	0.0	0.0	0.0	0.0	0.0	0.0	0.0	0.0	0.0	0.0	0.0	0.0	0.0	0.0	0.0	0.0	0.0	0.0	0.0	0.0	0.00013272456997239328	0.0	0.0	0.0	0.0	0.0	0.0	0.0	0.0	0.0	0.0
Megasphaera (genus)	0.0	0.0	0.0	0.0	0.0	0.007575757575757576	0.0	0.0	0.0	0.0	0.0	0.0	0.0	0.0	0.0	0.0	0.0	0.0	0.0	0.0	0.0	0.0	0.0	0.0	0.0	0.0	0.0	0.0	0.0	0.0	0.0	0.0	0.0	0.0	0.0	0.0	0.0	0.0	0.0	0.0	0.0	0.0	0.0	0.0	0.0	0.0	0.0	0.0	0.0	0.0	0.0	0.0	0.0	0.0	0.0
Anaerococcus vaginimassiliensis	0.0	0.0	0.0	0.0	0.0	0.0	7.992007992007992e-05	0.0	0.0	0.0	0.0	0.0	0.0	0.0	0.0	0.0	0.0	0.0	0.0	0.0	0.0	0.0	0.0	0.0	0.0	0.0	0.0	0.0	0.0	0.0	0.0	0.0	0.0	0.0	0.0	0.0	0.0	0.0	0.0	0.0	0.0	0.0	0.0	0.0	0.0	0.0	0.0	0.0	0.0	0.0	0.0	0.0	0.0	0.0	0.0
Muricomes fissicatena A	0.0	0.0	0.0	0.0	0.0	0.0	0.0	0.0001512516070483249	0.0	0.0	0.0	0.0	0.0	0.0	0.0	0.0	0.0	0.0	0.0	0.0	0.0	0.0	0.0	0.0	0.0	0.0	0.0	0.0	0.0	0.0	0.0	0.0	0.0	0.0	0.0	0.0	0.0	0.0	0.0	0.0	0.0	2.627188776649546e-05	0.0	0.0	0.0	0.0	0.0	0.0	0.0	0.0	0.0	0.0	0.0	0.0	0.0
Delftia (genus)	0.0	0.0	0.0	0.0	0.0	0.0	0.0	0.0	0.0	0.0	6.425393153743594e-05	0.0	0.0	0.0	0.0	0.0	0.0	0.0	0.0	0.0	0.0	0.0	0.0	0.0	0.0	0.0	0.0	0.0	0.0	0.0	0.0	0.0	0.0	0.0	0.0	0.0	0.0	0.0	0.0	0.0	0.0	0.0	0.0	0.0	0.0	0.0	0.0	0.0	0.0	0.0	0.0	0.0	0.0	0.0	0.0
Enterocloster citroniae	0.0	0.0	0.0	0.0	0.0	0.0	0.0	0.0	0.0	0.0	0.0	0.0	0.0	0.0	0.0	9.718172983479106e-05	0.0	0.0	0.0	0.0	0.0	0.0	0.0	0.0	0.0	0.0	0.0	0.0	0.0	0.0	0.0	0.0	0.0	0.0	0.0	0.0	0.0	0.0	0.0	0.0	0.0	0.0	0.0	0.0	0.0	0.0	0.0	0.0	0.0	0.0	0.0	0.0	0.0	0.0	0.0
Anaerococcus vaginalis	0.0	0.0	0.0	0.0	0.0	0.0	0.0	0.0	0.0	0.0	0.0	0.0	0.0	0.0	0.0	0.0	0.0	4.176978582542318e-05	0.0	0.0	0.0	0.0	0.0	0.0	0.0	0.0	0.0	0.0	0.0	0.0	0.0	0.0	0.0	0.0	0.0	0.0	0.0	0.0	0.0	0.0	0.0	0.0	0.0	0.0	0.0	0.0	0.0	0.0	0.0	0.0	0.0	0.0	0.0	0.0	0.0
Acetatifactor intestinalis	0.0	0.0	0.0	0.0	0.0	0.0	0.0	0.0	0.0	0.0	0.0	0.0	0.0	0.0	0.0	0.0	0.0	0.0	0.0	0.0	0.0	0.0	0.0	9.049773755656108e-05	0.0	0.0	0.0	0.0	0.0	0.0	0.0	0.0	0.0	0.0	0.0	0.0	0.0	0.0	0.0	0.0	0.0	0.0	0.0	0.0	0.0	0.0	0.0	0.0	0.0	0.0	0.0	0.0	0.0	0.0	0.0
Eggerthellaceae (family)	0.0	0.0	0.0	0.0	0.0	0.0	0.0	0.0	0.0	0.0	0.0	0.0	0.0	0.0	0.0	0.0	0.0	0.0	0.0	0.0	0.0	0.0	0.0	0.0	0.0	0.0	0.0	0.0	3.681004177939742e-05	0.0	0.0	0.0	0.0	0.0	0.0	0.0	0.0	0.0	0.0	0.0	0.0	0.0	0.0	0.0	0.0	0.0	0.0	0.0	0.0	0.0	0.0	0.0	0.0	0.0	0.0
Blautia pseudococcoides	0.0	0.0	0.0	0.0	0.0	0.0	0.0	0.0	0.0	0.0	0.0	0.0	0.0	0.0	0.0	0.0	0.0	0.0	0.0	0.0	0.0	0.0	0.0	0.0	0.0	0.0	0.0	0.0	0.0	0.0	4.339383156684277e-05	0.0	0.0	0.0	0.0	0.0	0.0	0.0	0.0	0.0	0.0	0.0	0.0	0.0	0.0	0.0	0.0	0.0	0.0	0.0	0.0	0.0	0.0	0.0	0.0
Trueperella bernardiae	0.0	0.0	0.0	0.0	0.0	0.0	0.0	0.0	0.0	0.0	0.0	0.0	0.0	0.0	0.0	0.0	0.0	0.0	0.0	0.0	0.0	0.0	0.0	0.0	0.0	0.0	0.0	0.0	0.0	0.0	0.0	0.0	0.0	0.0	6.297526646409623e-05	0.0	0.0	0.0	0.0	0.0	0.0	0.0	0.0	0.0	0.0	0.0	0.0	0.0	0.0	0.0	0.0	0.0	0.0	0.0	0.0
Bacillaceae (family)	0.0	0.0	0.0	0.0	0.0	0.0	0.0	0.0	0.0	0.0	0.0	0.0	0.0	0.0	0.0	0.0	0.0	0.0	0.0	0.0	0.0	0.0	0.0	0.0	0.0	0.0	0.0	0.0	0.0	0.0	0.0	0.0	0.0	0.0	0.0	0.0	0.0	0.0	0.0	0.0	0.0	0.0	0.0	0.0	0.0	0.0033140016570008283	0.0	0.0	0.0	0.0	0.0	0.0	0.0	0.0	0.0
Lactococcus lactis	0.0	0.0	0.0	0.0	0.0	0.0	0.0	0.0	0.0	0.0	0.0	0.0	0.0	0.0	0.0	0.0	0.0	0.0	0.0	0.0	0.0	0.0	0.0	0.0	0.0	0.0	0.0	0.0	0.0	0.0	0.0	0.0	0.0	0.0	0.0	0.0	0.0	0.0	0.0	0.0	0.0	0.0	0.0	0.0	0.0	0.0	0.0	8.369251370464912e-05	0.0	0.0	0.0	0.0	0.0	0.0	0.0
Peptoniphilus sp902363535	0.0	0.0001345351809498184	0.0	0.0	0.0	0.0	0.0	0.0	0.0	0.0	0.0	0.0	0.0	0.0	0.0	0.0	0.0	0.0	0.0	0.0	0.0	0.0	0.0	0.0	0.0	0.0	0.0	0.0	0.0	0.0	0.0	0.0	0.0	0.0	0.0	0.0	0.0	0.0	0.0	0.0	0.0	0.0	0.0	0.0	0.0	0.0	0.0	0.0	0.0	0.0	0.0	0.0	0.0	0.0	0.0
Prevotella sp900548585	0.0	0.0	0.0	0.0	3.904826365387619e-05	0.0	0.0	0.0	0.0	0.0	0.0	0.0	0.0	0.0	0.0	0.0	0.0	0.0	0.0	0.0	0.0	0.0	0.0	0.0	0.0	0.0	0.0	0.0	0.0	0.0	0.0	0.0	0.0	0.0	0.0	0.0	0.0	0.0	0.0	0.0	0.0	0.0	0.0	0.0	0.0	0.0	0.0	0.0	0.0	0.0	0.0	0.0	0.0	0.0	0.0
Tannerellaceae (genus)	0.0	0.0	0.0	0.0	0.0	0.0	0.0	0.0	0.00015517508922567632	0.0	0.0	0.0	0.0	0.0	0.0	0.0	0.0	0.0	0.0	0.0	0.0	0.0	0.0	0.0	0.0	0.0	0.0	0.0	0.0	0.0	0.0	0.0	0.0	0.0	0.0	0.0	0.0	0.0	0.0	0.0	0.0	0.0	0.0	0.0	0.0	0.0	0.0	0.0	0.0	0.0	0.0	0.0	0.0	0.0	0.0
Stenotrophomonas (genus)	0.0	0.0	0.0	0.0	0.0	0.0	0.0	0.0	0.0	0.0	4.819044865307696e-05	0.0	0.0	0.0	0.0	0.0	0.0	0.0	0.0	0.0	0.0	0.0	0.0	0.0	0.0	0.0	0.0	0.0	0.0	0.0	0.0	0.0	0.0	0.0	0.0	0.0	0.0	0.0	0.0	0.0	0.0	0.0	0.0	0.0	0.0	0.0	0.0	0.0	0.0	0.0	7.052932256585676e-05	0.0	0.0	0.0	0.0
Lachnospira sp000437735	0.0	0.0	0.0	0.0	0.0	0.0	0.0	0.0	0.0	0.0	4.819044865307696e-05	0.0	0.0	0.0	0.0	0.0	0.0	0.0	0.0	0.0	0.0	0.0	0.0	0.0	0.0	0.0	0.0	0.0	0.0	0.0	0.0	0.0	0.0	0.0	0.0	0.0	0.0	0.0	0.0	0.0	0.0	0.0	0.0	0.0	0.0	0.0	0.0	0.0	0.0	0.0	0.0	0.0	0.0	0.0	0.0
Wujia sp022174665	0.0	0.0	0.0	0.0	0.0	0.0	0.0	0.0	0.0	0.0	0.0	3.1440279189679205e-05	0.0	0.0	0.0	0.0	0.0	0.0	0.0	0.0	0.0	0.0	0.0	0.0	0.0	0.0	0.0	0.0	0.0	0.0	0.0	0.0	0.0	0.0	0.0	0.0	0.0	0.0	0.0	0.0	0.0	0.0	0.0	0.0	0.0	0.0	0.0	0.0	0.0	0.0	0.0	0.0	0.0	0.0	0.0
Christensenellaceae (family)	0.0	0.0	0.0	0.0	0.0	0.0	0.0	0.0	0.0	0.0	0.0	0.0	6.389095942924077e-05	0.0	0.0	0.0	0.0	0.0	0.0	0.0	0.0	0.0	0.0	0.0	0.0	0.0	0.0	0.0	0.0	0.0	0.0	0.0	0.0	0.0	0.0	0.0	0.0	0.0	0.0	0.0	0.0	0.0	0.0	0.0	0.0	0.0	0.0	0.0	0.0	0.0	0.0	0.0	0.0	0.0	0.00032133676092544985
NK4A214_group (genus)	0.0	0.0	0.0	0.0	0.0	0.0	0.0	0.0	0.0	0.0	0.0	0.0	0.0	0.0	0.0	7.28862973760933e-05	0.0	0.0	0.0	0.0	0.0	0.0	0.0	0.0	0.0	0.0	0.0	0.0	0.0	0.0	0.0	0.0	0.0	0.0	0.0	0.0	0.0	0.0	0.0	0.0	0.0	0.0	0.0	0.0	0.0	0.0	0.0	0.0	0.0	0.0	0.0	0.0	0.0	0.0	0.0
Kocuria (genus)	0.0	0.0	0.0	0.0	0.0	0.0	0.0	0.0	0.0	0.0	0.0	0.0	0.0	0.0	0.0	0.0	0.0	3.132733936906739e-05	0.0	0.0	0.0	0.0	0.0	0.0	0.0	0.0	0.0	0.0	0.0	0.0	0.0	0.0	0.0	0.0	0.0	0.0	0.0	0.0	0.0	0.0	0.0	0.0	0.0	0.0	0.0	0.0	0.0	0.0	0.0	0.0	0.0	0.0	0.0	0.0	0.0
Atopobiaceae (family)	0.0	0.0	0.0	0.0	0.0	0.0	0.0	0.0	0.0	0.0	0.0	0.0	0.0	0.0	0.0	0.0	0.0	0.0	3.6618411737421576e-05	0.0	0.0	0.0	0.0	0.0	0.0	0.0	0.0	2.9708559035858232e-05	0.0	0.0	0.0	0.0	0.0	0.0	0.0	0.0	0.0	0.0	0.0	0.0	0.0	0.0	0.0	0.0	0.0	0.0	0.0	0.0	0.0	0.0	0.0	0.0	0.0	0.0	0.0
Khoudiadiopia massiliensis	0.0	0.0	0.0	0.0	0.0	0.0	0.0	0.0	0.0	0.0	0.0	0.0	0.0	0.0	0.0	0.0	0.0	0.0	3.6618411737421576e-05	0.0	0.0	0.0	0.0	0.0	0.0	0.0	0.0	0.0	0.0	0.0	0.0	0.0	0.0	0.0	0.0	0.0	0.0	0.0	0.0	0.0	0.0	0.0	0.0	0.0	0.0	0.0	0.0	0.0	0.0	0.0	0.0	0.0	0.0	0.0	0.0
Gemella sanguinis	0.0	0.0	0.0	0.0	0.0	0.0	0.0	0.0	0.0	0.0	0.0	0.0	0.0	0.0	0.0	0.0	0.0	0.0	0.0	0.0	0.0	6.637461834594451e-05	0.0	0.0	0.0	0.0	0.0	0.0	0.0	0.0	0.0	0.0	0.0	0.0	0.0	0.0	0.0	0.0	0.0	0.0	0.0	0.0	0.0	0.0	0.0	0.0	0.0	0.0	0.0	0.0	0.0	0.0	0.0	0.0	0.0
Blautia sp900541955	0.0	0.0	0.0	0.0	0.0	0.0	0.0	0.0	0.0	0.0	0.0	0.0	0.0	0.0	0.0	0.0	0.0	0.0	0.0	0.0	0.0	0.0	0.0	0.0	0.0	3.892716727003776e-05	0.0	0.0	0.0	0.0	0.0	0.0	0.0	0.0	0.0	0.0	0.0	0.0	0.0	0.0	0.0	0.0	0.0	0.0	0.0	0.0	0.0	0.0	0.0	0.0	0.0	0.0	0.0	0.0	0.0
Clostridium beijerinckii	0.0	0.0	0.0	0.0	0.0	0.0	0.0	0.0	0.0	0.0	0.0	0.0	0.0	0.0	0.0	0.0	0.0	0.0	0.0	0.0	0.0	0.0	0.0	0.0	0.0	0.0	0.0	2.9708559035858232e-05	0.0	0.0	0.0	0.0	0.0	0.0	0.0	0.0	0.0	0.0	0.0	0.0	0.0	0.0	0.0	0.0	0.0	0.0	0.0	0.0	0.0	0.0	0.0	0.0	0.0	0.0	0.0
Helcobacillus massiliensis	0.0	0.0	0.0	0.0	0.0	0.0	0.0	0.0	0.0	0.0	0.0	0.0	0.0	0.0	0.0	0.0	0.0	0.0	0.0	0.0	0.0	0.0	0.0	0.0	0.0	0.0	0.0	0.0	0.0	0.0	0.0	0.0	0.0	0.0	4.723144984807217e-05	0.0	0.0	0.0	0.0	0.0	0.0	0.0	0.0	0.0	0.0	0.0	0.0	0.0	0.0	0.0	0.0	0.0	0.0	0.0	0.0
Peptoniphilus obesi	0.0	0.0	0.0	0.0	0.0	0.0	0.0	0.0	0.0	0.0	0.0	0.0	0.0	0.0	0.0	0.0	0.0	0.0	0.0	0.0	0.0	0.0	0.0	0.0	0.0	0.0	0.0	0.0	0.0	0.0	0.0	0.0	0.0	0.0	4.723144984807217e-05	0.0	0.0	0.0	0.0	0.0	0.0	0.0	0.0	0.0	0.0	0.0	0.0	0.0	0.0	0.0	0.0	0.0	0.0	0.0	0.0
Streptococcus cristatus	0.0	0.0	0.0	0.0	0.0	0.0	0.0	0.0	0.0	0.0	0.0	0.0	0.0	0.0	0.0	0.0	0.0	0.0	0.0	0.0	0.0	0.0	0.0	0.0	0.0	0.0	0.0	0.0	0.0	0.0	0.0	0.0	0.0	0.0	0.0	8.04462083020487e-05	0.0	0.0	0.0	0.0	0.0	0.0	0.0	0.0	0.0	0.0	0.0	0.0	0.0	0.0	0.0	0.0	0.0	0.0	0.0
Succiniclasticum (genus)	0.0	0.0	0.0	0.0	0.0	0.0	0.0	0.0	0.0	0.0	0.0	0.0	0.0	0.0	0.0	0.0	0.0	0.0	0.0	0.0	0.0	0.0	0.0	0.0	0.0	0.0	0.0	0.0	0.0	0.0	0.0	0.0	0.0	0.0	0.0	0.0	7.725587144622991e-05	0.0	0.0	0.0	0.0	0.0	0.0	0.0	0.0	0.0	0.0	0.0	0.0	0.0	0.0	4.357488343718681e-05	0.0	0.0	0.0
Acidaminococcus intestini	0.0	0.0	0.0	0.0	0.0	0.0	0.0	0.0	0.0	0.0	0.0	0.0	0.0	0.0	0.0	0.0	0.0	0.0	0.0	0.0	0.0	0.0	0.0	0.0	0.0	0.0	0.0	0.0	0.0	0.0	0.0	0.0	0.0	0.0	0.0	0.0	0.0	0.0	0.0	0.0	0.0	0.0	0.0	0.0	0.0	0.0	0.0	0.0	4.0586611829644464e-05	0.0	0.0	0.0	0.0	0.0	0.0
Anaerostipes caccae	0.0	0.0	0.0	0.0	0.0	0.0	0.0	0.0	0.0	0.0	0.0	0.0	0.0	0.0	0.0	0.0	0.0	0.0	0.0	0.0	0.0	0.0	0.0	0.0	0.0	0.0	0.0	0.0	0.0	0.0	0.0	0.0	0.0	0.0	0.0	0.0	0.0	0.0	0.0	0.0	0.0	0.0	0.0	0.0	0.0	0.0	0.0	0.0	0.0	0.00011734334663224596	0.0	0.0	0.0	0.0	0.0
Sellimonas (genus)	9.696969696969698e-05	0.0	0.0	0.0	0.0	0.0	0.0	0.0	0.0	0.0	0.0	0.0	0.0	0.0	0.0	0.0	0.0	0.0	0.0	0.0	0.0	0.0	0.0	0.0	0.0	0.0	0.0	0.0	0.0	0.0	0.0	0.0	0.0	0.0	0.0	0.0	0.0	0.0	0.0	0.0	0.0	0.0	0.0	0.0	0.0	0.0	0.0	0.0	0.0	0.0	0.0	0.0	0.0	0.0	0.0
Nosocomiicoccus ampullae A	0.0	0.0	0.0	0.0	2.6032175769250796e-05	0.0	0.0	0.0	0.0	0.0	0.0	0.0	0.0	0.0	0.0	0.0	0.0	0.0	0.0	0.0	0.0	0.0	0.0	0.0	0.0	0.0	0.0	0.0	0.0	0.0	0.0	0.0	0.0	0.0	0.0	0.0	0.0	0.0	0.0	0.0	0.0	0.0	0.0	0.0	0.0	0.0	0.0	0.0	0.0	0.0	0.0	0.0	0.0	0.0	0.0
Corynebacterium imitans	0.0	0.0	0.0	0.0	2.6032175769250796e-05	0.0	0.0	0.0	0.0	0.0	0.0	0.0	0.0	0.0	0.0	0.0	0.0	0.0	0.0	0.0	0.0	0.0	0.0	0.0	0.0	0.0	0.0	0.0	0.0	0.0	0.0	0.0	0.0	0.0	0.0	0.0	0.0	0.0	0.0	0.0	0.0	0.0	0.0	0.0	0.0	0.0	0.0	0.0	0.0	0.0	0.0	0.0	0.0	0.0	0.0
Erysipelotrichaceae_UCG-003 (genus)	0.0	0.0	0.0	0.0	0.0	0.003787878787878788	0.0	0.0	0.0	0.0	0.0	0.0	0.0	0.0	0.0	0.0	0.0	0.0	0.0	0.0	0.0	0.0	0.0	0.0	0.0	0.0	0.0	0.0	0.0	0.0	0.0	0.0	0.0	0.0	0.0	0.0	0.0	0.0	0.0	0.0	0.0	0.0	0.0	0.0	0.0	0.0	0.0	0.0	0.0	0.0	0.0	0.0	0.0	0.0	0.0
Enterococcaceae (family)	0.0	0.0	0.0	0.0	0.0	0.0	0.0	0.0	0.0	0.0	0.0	0.0	4.2593972952827175e-05	0.0	0.0	0.0	0.0	0.0	0.0	0.0	0.0	0.0	0.0	0.0	0.0	0.0	0.0	0.0	0.0	0.0	0.0	0.0	0.0	0.0	0.0	0.0	0.0	0.0	0.0	0.0	0.0	0.0	0.0	0.0	0.0	0.0	0.0	0.0	0.0	0.0	0.0	0.0	0.0	0.0	0.0
Sutterella wadsworthensis	0.0	0.0	0.0	0.0	0.0	0.0	0.0	0.0	0.0	0.0	0.0	0.0	0.0	4.595060310166571e-05	0.0	0.0	0.0	0.0	0.0	0.0	0.0	0.0	0.0	0.0	0.0	0.0	0.0	0.0	0.0	0.0	0.0	0.0	0.0	0.0	0.0	0.0	0.0	0.0	0.0	0.0	0.0	0.0	0.0	0.0	0.0	0.0	0.0	0.0	0.0	0.0	0.0	0.0	0.0	0.0	0.0
Varibaculum vaginae	0.0	0.0	0.0	0.0	0.0	0.0	0.0	0.0	0.0	0.0	0.0	0.0	0.0	0.0	3.300765777660417e-05	0.0	0.0	0.0	0.0	0.0	0.0	0.0	0.0	0.0	0.0	0.0	0.0	0.0	0.0	0.0	0.0	0.0	0.0	0.0	0.0	0.0	0.0	0.0	0.0	0.0	0.0	0.0	0.0	0.0	0.0	0.0	0.0	0.0	0.0	0.0	0.0	0.0	0.0	0.0	0.0
Jonquetella anthropi	0.0	0.0	0.0	0.0	0.0	0.0	0.0	0.0	0.0	0.0	0.0	0.0	0.0	0.0	3.300765777660417e-05	0.0	0.0	0.0	0.0	0.0	0.0	0.0	0.0	0.0	0.0	0.0	0.0	0.0	0.0	0.0	0.0	0.0	0.0	0.0	0.0	0.0	0.0	0.0	0.0	0.0	0.0	0.0	0.0	0.0	0.0	0.0	0.0	0.0	0.0	0.0	0.0	0.0	0.0	0.0	0.0
Pseudoclavibacter (genus)	0.0	0.0	0.0	0.0	0.0	0.0	0.0	0.0	0.0	0.0	0.0	0.0	0.0	0.0	0.0	4.859086491739553e-05	0.0	0.0	0.0	0.0	0.0	0.0	0.0	0.0	0.0	0.0	0.0	0.0	0.0	0.0	0.0	0.0	0.0	0.0	0.0	0.0	0.0	0.0	0.0	0.0	0.0	0.0	0.0	0.0	0.0	0.0	0.0	0.0	0.0	0.0	0.0	0.0	0.0	0.0	0.0
Prevotella ihumii	0.0	0.0	0.0	0.0	0.0	0.0	0.0	0.0	0.0	0.0	0.0	0.0	0.0	0.0	0.0	0.0	3.755798013182851e-05	0.0	0.0	0.0	0.0	0.0	0.0	0.0	0.0	0.0	0.0	0.0	0.0	0.0	0.0	0.0	0.0	0.0	0.0	0.0	0.0	0.0	0.0	0.0	0.0	0.0	0.0	0.0	0.0	0.0	0.0	0.0	0.0	0.0	0.0	0.0	0.0	0.0	0.0
S5-A14a sp000758905	0.0	0.0	0.0	0.0	0.0	0.0	0.0	0.0	0.0	0.0	0.0	0.0	0.0	0.0	0.0	0.0	0.0	0.0	2.4412274491614384e-05	0.0	0.0	0.0	0.0	0.0	0.0	0.0	0.0	0.0	0.0	0.0	0.0	0.0	0.0	0.0	0.0	0.0	0.0	0.0	0.0	0.0	0.0	0.0	0.0	0.0	0.0	0.0	0.0	0.0	0.0	0.0	0.0	0.0	0.0	0.0	0.0
Blautia A sp018919065	0.0	0.0	0.0	0.0	0.0	0.0	0.0	0.0	0.0	0.0	0.0	0.0	0.0	0.0	0.0	0.0	0.0	0.0	0.0	0.0	0.0	4.424974556396301e-05	0.0	0.0	0.0	0.0	0.0	0.0	0.0	0.0	0.0	0.0	0.0	0.0	0.0	0.0	0.0	0.0	0.0	0.0	0.0	0.0	0.0	0.0	0.0	0.0	0.0	0.0	0.0	0.0	0.0	0.0	0.0	0.0	0.0
Limosilactobacillus mucosae	0.0	0.0	0.0	0.0	0.0	0.0	0.0	0.0	0.0	0.0	0.0	0.0	0.0	0.0	0.0	0.0	0.0	0.0	0.0	0.0	0.0	0.0	0.0	4.524886877828054e-05	0.0	0.0	0.0	0.0	0.0	0.0	0.0	0.0	0.0	0.0	0.0	0.0	0.0	0.0	0.0	0.0	0.0	0.0	0.0	0.0	0.0	0.0	0.0	0.0	0.0	0.0	0.0	0.0	0.0	0.0	0.0
Phacus (genus)	0.0	0.0	0.0	0.0	0.0	0.0	0.0	0.0	0.0	0.0	0.0	0.0	0.0	0.0	0.0	0.0	0.0	0.0	0.0	0.0	0.0	0.0	0.0	0.0	2.49597523992562e-05	0.0	0.0	0.0	0.0	0.0	0.0	0.0	0.0	0.0	0.0	0.0	0.0	0.0	0.0	0.0	0.0	0.0	0.0	0.0	0.0	0.0	0.0	0.0	0.0	0.0	0.0	0.0	0.0	0.0	0.0
Christensenellaceae_R-7_group (genus)	0.0	0.0	0.0	0.0	0.0	0.0	0.0	0.0	0.0	0.0	0.0	0.0	0.0	0.0	0.0	0.0	0.0	0.0	0.0	0.0	0.0	0.0	0.0	0.0	0.0	0.0	3.1829394445770666e-05	0.0	0.0	0.0	0.0	0.0	0.0	0.0	0.0	0.0	0.0	0.0	0.0	0.0	0.0	0.0	0.0	0.0	0.0	0.0	0.0	0.0	0.0	0.0	0.0	0.0	0.0	0.0	0.0
Turicibacter (genus)	0.0	0.0	0.0	0.0	0.0	0.0	0.0	0.0	0.0	0.0	0.0	0.0	0.0	0.0	0.0	0.0	0.0	0.0	0.0	0.0	0.0	0.0	0.0	0.0	0.0	0.0	3.1829394445770666e-05	0.0	0.0	0.0	0.0	0.0	0.0	0.0	0.0	0.0	0.0	0.0	0.0	0.0	0.0	2.627188776649546e-05	0.0	0.0	0.0	0.0	0.0	0.0	0.0	0.0	0.0	0.0	0.0	0.0	0.0
Olsenella (genus)	0.0	0.0	0.0	0.0	0.0	0.0	0.0	0.0	0.0	0.0	0.0	0.0	0.0	0.0	0.0	0.0	0.0	0.0	0.0	0.0	0.0	0.0	0.0	0.0	0.0	0.0	0.0	0.0	0.0	0.0	0.0	0.0	4.382024933721873e-05	0.0	0.0	0.0	0.0	0.0	0.0	0.0	0.0	0.0	0.0	0.0	0.0	0.0	0.0	0.0	0.0	0.0	0.0	0.0	0.0	0.0	0.0
Bulleidia moorei	0.0	0.0	0.0	0.0	0.0	0.0	0.0	0.0	0.0	0.0	0.0	0.0	0.0	0.0	0.0	0.0	0.0	0.0	0.0	0.0	0.0	0.0	0.0	0.0	0.0	0.0	0.0	0.0	0.0	0.0	0.0	0.0	0.0	0.0	3.1487633232048115e-05	0.0	0.0	0.0	0.0	0.0	0.0	0.0	0.0	0.0	0.0	0.0	0.0	0.0	0.0	0.0	0.0	0.0	0.0	0.0	0.0
Senegalimassilia (genus)	0.0	0.0	0.0	0.0	0.0	0.0	0.0	0.0	0.0	0.0	0.0	0.0	0.0	0.0	0.0	0.0	0.0	0.0	0.0	0.0	0.0	0.0	0.0	0.0	0.0	0.0	0.0	0.0	0.0	0.0	0.0	0.0	0.0	0.0	0.0	0.0	0.0	3.290014805066623e-05	0.0	0.0	0.0	0.0	0.0	0.0	0.0	0.0	0.0	0.0	0.0	0.0	0.0	0.0	0.0	0.0	0.0
Sphingomonas (genus)	0.0	0.0	0.0	0.0	0.0	0.0	0.0	0.0	0.0	0.0	0.0	0.0	0.0	0.0	0.0	0.0	0.0	0.0	0.0	0.0	0.0	0.0	0.0	0.0	0.0	0.0	0.0	0.0	0.0	0.0	0.0	0.0	0.0	0.0	0.0	0.0	0.0	0.0	0.0002331002331002331	0.0	0.0	0.0	0.0	0.0	0.0	0.0	0.0	0.0	0.0	0.0	0.0	0.0	0.0	0.0	0.0
Blautia sp000432195	0.0	0.0	0.0	0.0	0.0	0.0	0.0	0.0	0.0	0.0	0.0	0.0	0.0	0.0	0.0	0.0	0.0	0.0	0.0	0.0	0.0	0.0	0.0	0.0	0.0	0.0	0.0	0.0	0.0	0.0	0.0	0.0	0.0	0.0	0.0	0.0	0.0	0.0	0.0	0.00017397355601948505	0.0	0.0	0.0	0.0	0.0	0.0	0.0	0.0	0.0	0.0	0.0	0.0	0.0	0.0	0.0
Lysinibacillus (genus)	0.0	0.0	0.0	0.0	0.0	0.0	0.0	0.0	0.0	0.0	0.0	0.0	0.0	0.0	0.0	0.0	0.0	0.0	0.0	0.0	0.0	0.0	0.0	0.0	0.0	0.0	0.0	0.0	0.0	0.0	0.0	0.0	0.0	0.0	0.0	0.0	0.0	0.0	0.0	0.00017397355601948505	0.0	0.0	0.0	0.0	0.0	0.0	0.0	0.0	0.0	0.0	0.0	0.0	0.0	0.0	0.0
Eubacterium G ventriosum	0.0	0.0	0.0	0.0	0.0	0.0	0.0	0.0	0.0	0.0	0.0	0.0	0.0	0.0	0.0	0.0	0.0	0.0	0.0	0.0	0.0	0.0	0.0	0.0	0.0	0.0	0.0	0.0	0.0	0.0	0.0	0.0	0.0	0.0	0.0	0.0	0.0	0.0	0.0	0.0	0.0005303632988597189	0.0	0.0	0.0	0.0	0.0	0.0	0.0	0.0	0.0	0.0	0.0	0.0	0.0	0.0
Clostridia (class)	0.0	0.0	0.0	0.0	0.0	0.0	0.0	0.0	0.0	0.0	0.0	0.0	0.0	0.0	0.0	0.0	0.0	0.0	0.0	0.0	0.0	0.0	0.0	0.0	0.0	0.0	0.0	0.0	0.0	0.0	0.0	0.0	0.0	0.0	0.0	0.0	0.0	0.0	0.0	0.0	0.0	0.0	0.0	0.0	5.308982798895732e-05	0.0	0.0	0.0	0.0	0.0	0.0	0.0	0.0	0.0	0.0
Mogibacterium (genus)	0.0	0.0	0.0	0.0	0.0	0.0	0.0	0.0	0.0	0.0	0.0	0.0	0.0	0.0	0.0	0.0	0.0	0.0	0.0	0.0	0.0	0.0	0.0	0.0	0.0	0.0	0.0	0.0	0.0	0.0	0.0	0.0	0.0	0.0	0.0	0.0	0.0	0.0	0.0	0.0	0.0	0.0	0.0	0.0	5.308982798895732e-05	0.0	0.0	0.0	0.0	0.0	0.0	0.0	0.0	0.0	0.0
Ndongobacter massiliensis	0.0	0.0	0.0	0.0	0.0	0.0	0.0	0.0	0.0	0.0	0.0	0.0	0.0	0.0	0.0	0.0	0.0	0.0	0.0	0.0	0.0	0.0	0.0	0.0	0.0	0.0	0.0	0.0	0.0	0.0	0.0	0.0	0.0	0.0	0.0	0.0	0.0	0.0	0.0	0.0	0.0	0.0	0.0	0.0	5.308982798895732e-05	0.0	0.0	0.0	0.0	0.0	0.0	0.0	0.0	0.0	0.0
Veillonella parvula	0.0	0.0	0.0	0.0	0.0	0.0	0.0	0.0	0.0	0.0	0.0	0.0	0.0	0.0	0.0	0.0	0.0	0.0	0.0	0.0	0.0	0.0	0.0	0.0	0.0	0.0	0.0	0.0	0.0	0.0	0.0	0.0	0.0	0.0	0.0	0.0	0.0	0.0	0.0	0.0	0.0	0.0	0.0	0.0	0.0	0.0	0.0	0.0	2.7057741219762975e-05	0.0	0.0	0.0	0.0	0.0	0.0
