display_taxon	CGV001	CGV002	CGV003	CGV004	CGV005	CGV006	CGV007	CGV008	CGV009	CGV010	CGV011	CGV012	CGV013	CGV014	CGV015	CGV016	CGV017	CGV018	CGV019	CGV020	CGV021	CGV022	CGV023	CGV024	CGV025	CGV026	CGV027	CGV028	CGV029	CGV030	CGV031	CGV032	CGV033	CGV034	CGV035	CGV037	CGV038	CGV040	CGV043	CGV045	CGV046	CGV047	CGV062	CGV066	CGV069	CGV081	CGV083	CGV088	CGV089	CGV095	CGV097	CGV102	CGV105	CGV50	CGV60
Lactobacillus iners	1.5127272727272727	0.2645858558679761	10.198300283286118	88.81134881592494	72.86015515176759	8.143939393939394	5.682317682317682	0.4537548211449746	97.44478353075053	26.333333333333332	53.073747449922095	11.396053196952389	4.964327547652007	0.6915565766800689	8.808093477686823	42.68950437317785	9.055229009783854	44.021177281413486	3.891316553963333	0.5745844757244618	90.91609109576255	76.22903668303907	2.923165247344752	9.180995475113123	80.91577331552871	0.1115912128407749	0.15278109333969922	11.983442429764015	18.62864189350855	1.1455854776949623	31.37916445177318	0.17761488581900198	22.32203501237922	99.4373455329442	21.18487963852197	0.15552933605062746	0.4300576843840132	36.12107254482645	96.20046620046621	94.41544885177453	3.6329885971890747	8.605356837915588	25.86614265328561	0.5808279178271323	0.7644935230409854	64.54018227009114	87.35640540933547	0.13600033477005483	0.8807294767032849	10.271454275209262	8.31188066438622	98.16113991895071	0.46587426708943724	13.846153846153847	12.607112253641816
Lactobacillus crispatus	92.70787878787878	97.68151038163147	8.498583569405099	0.05720169317011784	0.04685791638465143	18.181818181818183	0.10589410589410589	98.44967102775468	0.10862256245797342	3.6666666666666665	0.06425393153743594	0.06288055837935841	58.10456820359919	95.93796668581275	0.03465804066543438	48.32604470359572	0.18215620363936827	4.7962156574042165	0.17943021751336571	98.61994778889924	0.056001493373156616	12.206292313819196	0.13156635728638408	0.0248868778280543	0.04867151717854959	0.10380577938676737	0.095488183337312	0.2653964607203335	36.78243424806287	0.10400088243172972	0.08461797155534341	93.78629828023682	1.1042702832979119	0.0578429825945207	0.9178645087142026	95.17590904215382	6.0156571899464355	0.032900148050666225	0.1864801864801865	0.46102992345163535	0.8485812781755503	0.12085068372587912	0.05614429082742648	0.02380442286176772	0.042471862391165856	2.1541010770505387	0.0	0.05440013390802193	0.14070025434276748	0.09778612219353829	0.05642345805268541	0.1459758595145758	0.024799390643544184	0.0	0.5784061696658097
Gardnerella vaginalis	0.49939393939393945	0.1838647472980851	12.181303116147308	0.36895092094726006	3.4883115530796065	12.5	54.15184815184815	0.18906450881040612	0.7551854342316247	20.333333333333332	18.172618187075322	61.964598245632416	12.330955169843467	0.5445146467547387	63.643715341959336	0.4518950437317784	55.95200090139152	37.55834716957489	58.08290408417353	0.14561387398496636	8.3698898637297	0.5132970485419709	70.70974069467036	58.217194570135746	0.13977461343583472	68.99321369717259	28.83424842842365	33.53799229558035	16.66022490935527	63.74781361781251	34.120569761008475	0.2368198477586693	49.091825332486145	0.08413524741021192	0.2849630807500354	0.15552933605062746	84.97115780799341	38.68892910018095	0.5594405594405595	0.5480167014613779	4.322460885706709	19.882564661683766	49.46078087351159	54.9905972529696	14.25461881503504	8.616404308202155	6.278173622218991	80.73607565803239	76.24600898317009	25.741218806227018	31.110484183799414	0.5904396705738812	75.22718013214532	21.153846153846153	52.00299914310197
Fannyhessea vaginae	0.11636363636363636	0.04484506031660612	1.41643059490085	0.05434160851161195	0.33971989378872286	1.893939393939394	18.085914085914087	0.07562580352416244	0.09827755650959501	2.666666666666667	5.276854127511927	6.9315335520179415	1.8443190288574167	0.09649626651349799	1.1338130446263532	0.03401360544217687	12.426057726615463	0.022973382203982748	17.22652149500769	0.014430203728239908	0.06533507560201605	0.013274923669188903	10.618601090804708	8.875565610859729	0.02745572763918182	5.706722721787536	0.044561152224078936	7.651934522335885	0.4914140577549556	18.494823592442604	4.892654509161522	0.022554271215111363	2.4407878880830833	0.013146132407845611	0.03148763323204812	0.026815402767349564	0.17768850432632882	10.28787629544333	0.06993006993006994	0.2435629784272791	0.503845133916733	4.609402708631629	5.693966828081503	2.301887690732938	24.208961562964536	1.0770505385252693	0.04725897920604915	6.11792275180985	15.753016938146002	5.706798091214895	4.2740769474909195	0.045753627609046145	11.783253325775425	2.6923076923076925	16.55955441302485
Lactobacillus jensenii	3.272727272727273	0.16144221713978205	0.0	8.420089234641345	0.015619305461550477	0.0	0.0	0.0	0.0	2.3333333333333335	5.594911088622235	0.014672130288516962	0.7560430199126823	1.4910970706490523	0.0	2.142857142857143	0.35116711423259656	9.485918360953605	0.0	0.19415183197995514	0.0	8.378689322536395	0.0	0.0	14.988331315753348	0.012975722423345921	0.014323227500596801	2.7648765609372057	16.76421327738207	0.015757709459352988	0.0	3.555117000281929	0.017528099734887493	0.0	0.5431616732528299	1.7537273409846617	2.392356819118253	0.0	0.0	0.0	0.31821797931583135	2.8951620318678	0.0	0.0	0.0	1.9055509527754766	5.306335126751006	0.0	0.024351967097786677	0.0	0.03879112741122122	0.019608697546734062	0.0	0.0	0.3213367609254499
Lactobacillus gasseri	0.03878787878787879	0.01345351809498184	3.39943342776204	0.0	0.019524131826938095	0.5681818181818182	0.33966033966033965	0.0	0.08276004758702736	0.0	0.009638089730615392	0.014672130288516962	0.04259397295282717	0.03446295232624928	0.0	0.026724975704567538	0.02065688907250568	0.007309712519449056	0.012206137245807193	0.00918285691797085	0.0	0.0663746183459445	0.01913692469620132	0.0	0.01372786381959091	0.012975722423345921	69.71751412429379	0.031689129638248784	1.8754716286602986	0.014181938513417688	0.031460527885961015	0.016915703411333523	4.011743826822375	0.007887679444707368	0.0	0.0	3.5048413679439636	0.0	0.0	0.0	82.81622911694511	0.1760216480355196	0.0	0.0	0.0	0.579950289975145	0.0036353060927730115	0.046030882537557015	0.02029330591482223	0.0	0.0	0.03050241840603076	0.0	0.0	0.13924592973436162
Candidatus Lachnocurva vaginae	0.009696969696969697	0.04484506031660612	0.0	0.0686420318041414	0.027333784557713334	0.0	0.0	0.0	0.10862256245797342	5.333333333333334	11.173758694360112	0.01362412098219432	5.200724097540197	0.0	0.008251914444151043	0.0	0.0	0.010442446456355794	0.0036618411737421577	0.0	0.039667724472652606	0.017699898225585202	0.010764520141613243	0.009049773755656108	0.00374396285988843	0.0	0.0031829394445770666	0.009902853011952744	0.011963263578304162	0.004727312837805897	0.010848457891710694	0.03383140682266705	0.019719112201748427	0.0	0.017318198277626463	0.026815402767349564	0.0	1.4015463069583813	0.0	0.0	0.5833996287456908	0.0052543775532990925	0.037429527218284325	38.23704444285748	7.427266935655129	0.33140016570008285	0.0	0.025107754111394737	0.00947020942691704	30.25111476179301	14.60309623726064	0.0	0.033656315873381394	6.923076923076923	0.0
Bacillus (genus)	0.0	0.0	0.0	0.02860084658505892	0.013016087884625398	0.0	0.0	0.0	0.0517250297418921	3.6666666666666665	0.04337140378776926	0.0	0.0	0.02527283170591614	0.0049511486664906255	0.0	0.0	0.0	0.0	0.0	0.023333955572148592	0.015487410947387053	0.0	0.006787330316742082	0.0	0.0	0.0	0.0	0.0	0.0	0.0	0.016915703411333523	0.0	0.0	72.19641985610151	0.010726161106939826	0.0	0.0	0.0	0.0	0.3977724741447892	0.0	0.0	0.019043538289414175	2.654491399447866	0.4971002485501243	0.0	0.01046156421308114	0.02164619297581038	0.011734334663224596	0.0	0.0	0.015942465413706978	0.0	0.0
Berryella sp001552935	0.0	0.02690703618996368	0.0	0.01430042329252946	0.0	0.0	0.0	0.0	0.04655252676770289	1.3333333333333335	2.1605384479462835	0.5292446996929333	0.6431689915876904	0.02527283170591614	2.9871930287826776	0.012147716229348881	4.692869617471972	0.0062654678738134776	1.3097185264751117	0.0	0.030334142243793168	0.008849949112792601	2.461486939048895	1.5135746606334841	0.006239938099814051	0.9238714365422295	0.007957348611442667	1.7894455392598607	0.010122761489334291	3.009722506736421	3.472591371136593	0.008457851705666762	0.2169102342192327	0.0	0.012595053292819246	0.00804462083020487	0.03862793572311496	1.1745352854087843	0.03496503496503497	0.0	0.15910898965791567	0.0	2.8773949049056076	0.4975124378109453	0.28933956253981735	0.0	0.0	1.598527011758798	0.017587531792845935	6.700305092701243	7.352681877490566	0.004357488343718681	0.6447841567321488	0.0	7.2193658954584405
Amygdalobacter nucleatus	0.02909090909090909	0.0	0.0	0.011440338634023568	0.011714479096162857	0.0	0.005994005994005994	0.0	0.02586251487094605	0.0	0.42246959985864135	4.348190611932634	0.15120860398253647	0.011487650775416428	2.0382228677053074	0.0	2.2647462019492592	0.008353957165084636	4.836071576788809	0.0	0.007000186671644577	0.0	2.026121902210315	0.08144796380090498	0.006239938099814051	3.737008057923625	0.011140288056019734	0.010893138313148018	0.011963263578304162	0.8934621263453145	3.5854153332103844	0.0	0.013146074801165619	0.003943839722353684	0.004723144984807217	0.013407701383674782	0.03605274000824062	0.17601579207106433	0.0	0.043493389004871263	0.07955449482895784	0.01313594388324773	1.5346106159496573	0.0071413268585303145	0.950307921002336	0.0	0.0	2.468929154287149	3.187401915688078	1.4628803880153327	1.3118453997249357	0.026144930062312083	1.1106584238215862	2.6923076923076925	0.08568980291345331
Peptoniphilus harei	0.009696969696969697	0.0	0.0	0.0	0.5076274275003905	0.5681818181818182	0.0	0.0	0.031035017845135262	0.0	0.012850786307487188	0.033536297802324484	0.46640400383345754	0.009190120620333142	0.0	0.0	0.009389495032957128	0.007309712519449056	0.1952981959329151	0.0	0.011666977786074296	0.0	0.4939718687206966	4.51131221719457	0.0	0.002595144484669184	0.007957348611442667	4.677117477545281	0.48037104522113633	0.014181938513417688	0.18225409258073966	0.0	0.17089897241515303	0.0	0.12752491458979487	0.0	0.030902348578491962	0.003290014805066623	0.0	0.0	0.05303632988597189	17.56407056629054	0.09357381804571081	0.0	2.8535782544064556	0.0	0.0	0.0	0.012175983548893338	0.0	0.21158796769757027	0.006536232515578021	0.593413990399093	1.5384615384615385	0.1178234790059983
Aerococcus christensenii	0.033939393939393936	0.01793802412664245	0.0	0.0	0.006508043942312699	0.5681818181818182	0.005994005994005994	0.0	0.0	0.0	0.30199347822594896	0.5166685880170616	0.9924395698008731	0.022975301550832855	0.6287958806443095	0.021865889212827987	4.659067435353326	2.731743992982676	0.18797451358543077	0.0026236734051345288	0.0	0.0	0.8216917041431442	0.0	0.012479876199628101	0.01167815018101133	0.020689106389750935	6.822075439934245	1.512892717133234	2.2628070783630894	0.11607849944130441	0.008457851705666762	8.928375802458316	0.0	0.0	0.005363080553469913	0.04635352286773795	0.4721171245270604	0.0	0.0	0.10607265977194379	3.867221879228132	3.932439703370997	1.0807207979242544	0.07432575918454025	0.16570008285004142	0.0	0.119261832029125	0.6331511445424536	0.4419932723147931	0.5607081143985613	0.0108937208592967	0.2107948204701256	0.0	4.787917737789203
Megasphaera lornae	0.024242424242424242	0.0	0.56657223796034	0.0343210159020707	0.010412870307700318	0.0	0.0	0.0	0.056897532716081306	1.3333333333333335	1.1003485775785906	3.1775642167702447	0.7347460334362688	0.02067777139574957	7.923488249273832	0.024295432458697763	0.02441268708568853	0.0	1.0631545541098064	0.006559183512836323	0.016333768900504014	0.0	2.1014735432016076	0.0	0.01497585143955372	7.83863391594327	0.012731757778308267	0.010893138313148018	0.023926527156608323	2.0752903357967885	1.8409833042233048	0.0	0.019719112201748427	0.0	0.009446289969614434	0.0	0.033477544293366295	9.494982727422272	0.0	0.0	0.18562715460090162	0.0052543775532990925	5.668234028118933	1.2235473350948605	0.16988744956466342	0.16570008285004142	0.0	0.26153910532702845	0.4762162454678283	4.03661112414926	2.4685262898049865	0.013072465031156041	0.6660407772837581	2.307692307692308	0.032133676092544985
Anaerococcus prevotii	0.02909090909090909	0.02242253015830306	0.0	0.031460931243564805	1.9784453584630606	0.3787878787878788	0.0	0.0	0.0	0.0	0.03373331405715387	0.0	0.2576935363646044	0.018380241240666284	0.0	0.0	2.5220183658522846	0.0	0.27707931547982323	0.0	0.0	0.0	0.00478423117405033	0.4638009049773756	0.0	0.0	0.011140288056019734	2.949069626959527	0.24478677783299285	0.16072863648540048	0.3449809609564	0.0	0.0482022742709406	0.009202292685491928	1.1162365980761055	0.0	0.0	0.026320118440532985	0.03496503496503497	0.10438413361169101	0.0	10.349810185610888	0.009357381804571081	0.0	0.8414737736249736	0.0	0.0	0.0	0.17858109205043562	0.0	0.05642345805268541	0.0108937208592967	0.6518696969160186	0.0	0.16066838046272494
Mobiluncus mulieris	0.0	0.02242253015830306	0.84985835694051	0.037181100560576594	0.007809652730775238	0.0	0.0	0.0	0.06724253866445973	1.0	0.05140314522994875	0.0	2.9581514215738474	0.0	10.836414048059149	0.0315840621963071	0.0	0.0	0.0	0.0	0.018667164457718873	0.008849949112792601	0.0	0.0	0.0	0.0	0.0	0.0	0.0	0.0	0.0	0.016915703411333523	0.0	0.0	0.012595053292819246	0.021452322213879653	0.0	0.0	0.0	0.0	0.23866348448687352	0.0	0.01637541815799939	0.016663096003237402	37.91410065831386	0.0	0.0	0.018830815583546053	0.0	0.011734334663224596	0.12342631449024932	0.0	0.01771385045967442	0.0	0.0
Parvimonas sp001552895	0.0	0.0	0.0	0.01430042329252946	0.006508043942312699	0.0	0.003996003996003996	0.0	0.02069001189675684	0.0	0.31484426453343617	0.7828629518230122	2.185070812480034	0.0068925904652498565	0.0	0.017006802721088433	2.339862162212916	0.0	2.475404633449698	0.0052473468102690575	0.011666977786074296	0.0	1.08841259209645	0.006787330316742082	0.0	0.0	0.0031829394445770666	0.0	0.010122761489334291	0.6350356912119254	2.439818179845735	0.0	0.0	0.0	0.0	0.0	0.0	0.22865602895213027	0.0	0.0	0.10607265977194379	0.7605711508400436	0.6760708353802606	0.385631650360637	0.7379486090465067	0.16570008285004142	0.0	1.027325605724568	0.004058661182964446	1.4550574982398499	1.8408153189688612	0.006536232515578021	1.2559119975909163	0.0	0.0
Sneathia sanguinegens	0.0	0.0	0.0	0.0	0.0	0.0	0.0	0.0	0.031035017845135262	0.0	0.16706022199733347	0.6623418815959086	0.26834202960281117	0.0	0.0	0.0	0.007511596026365702	0.008353957165084636	0.0	0.0	0.0	0.0	0.8492010333939336	0.0	0.0	10.040614011185072	0.0	0.0	0.014724016711758969	0.015757709459352988	1.346293624361297	0.0	0.019719112201748427	0.0	0.0	0.0	0.0	0.026320118440532985	0.0	0.0	0.0	0.03152626531979455	0.37663461763398604	0.0	0.06636228498619665	0.0	0.0	2.3078210654056996	0.008117322365928893	0.25033247281545806	1.59043622386007	0.0	1.7784705861513115	0.0	0.053556126820908316
Nanoperiomorbus sp004136275	0.0	0.02690703618996368	1.9830028328611897	0.0	0.005206435153850159	0.0	0.0	0.0	0.04138002379351368	0.0	0.006425393153743594	0.0	1.9188584815248642	0.0068925904652498565	0.0	0.017006802721088433	0.0	0.0	0.0	0.0	0.007000186671644577	0.008849949112792601	0.0	0.0	0.0	0.0	0.0	0.002970855903585823	0.0036810041779397422	0.0	0.0	0.011277135607555682	0.0	0.0	0.0	0.00804462083020487	0.0	0.0	0.0	0.0	0.18562715460090162	0.007881566329948637	0.0	0.0	0.4167551497133149	0.0	0.0	0.0	0.0	8.710787765000392	19.585992876538423	0.0	0.0	1.9230769230769231	0.09640102827763496
Prevotella timonensis	0.0	0.0	0.0	0.0	0.4230228562503254	0.0	0.0	0.0	0.02069001189675684	0.0	0.017669831172794886	3.3504857523134803	0.010648493238206793	0.0	0.0	0.0	0.03755798013182851	0.010442446456355794	3.0185777408881185	0.0	0.0	0.0	0.4712467706439575	3.233031674208145	0.0	1.5324328181971532	0.0	4.118596567671147	0.03957079491285223	0.031515418918705976	5.106369129628224	0.011277135607555682	0.021910124668609365	0.0	0.23930601256356565	0.0	0.01802637000412031	0.0	0.023310023310023312	0.0	0.15910898965791567	0.24564215061673259	0.02105410906028493	0.0	0.021235931195582928	0.4971002485501243	0.0	1.5378499393229277	0.11093673900102818	0.0	0.5183905208590471	0.004357488343718681	0.0	1.153846153846154	0.0
Peptostreptococcus anaerobius	0.0	0.0	0.0	0.0	0.018222523038475557	0.0	0.04395604395604395	0.0	0.0	0.0	0.003212696576871797	0.05659250254142256	0.0	0.0	0.0	0.0	0.0	0.0	0.1464736469496863	0.0	0.0	0.0	0.0035881733805377476	0.027149321266968326	0.0	0.0	0.0031829394445770666	3.457085986472703	0.005521506266909613	0.0	0.003254537367513208	0.0	2.024495519379505	0.003943839722353684	0.05195459483287939	0.0	0.03605274000824062	0.0	0.0	0.017397355601948505	0.0	3.4757707515073495	0.0	0.0	0.355701847526014	0.0	0.0	0.0	0.0	0.0	0.007052932256585676	0.0	0.0	0.0	0.032133676092544985
Sneathia vaginalis	0.0	0.0	0.0	0.0	0.018222523038475557	0.0	0.011988011988011988	0.0	0.0	0.0	0.09798724559458981	1.9734015238055316	0.647428388882973	0.018380241240666284	0.016503828888302086	0.0	0.0	0.0	1.5282083831750604	0.0052473468102690575	0.011666977786074296	0.0	1.309683283896278	1.402714932126697	0.00998390095970248	0.010380577938676736	0.006365878889154133	0.013863994216733842	0.0	0.5830352499960606	5.026090541229564	0.0	0.0	0.0	0.006297526646409623	0.018770781937144695	0.0	0.026320118440532985	0.046620046620046623	0.0	0.21214531954388757	0.009195160718273412	0.2924181813928463	0.033326192006474804	0.04778084519006159	0.0	0.0	0.7197556178599824	0.014881757670869635	0.15645779550966127	0.26801142575025566	0.008714976687437362	0.8874639080296884	1.9230769230769231	0.0
Finegoldia magna H	0.0	0.05829857841158796	0.0	0.0	1.541104805539647	0.0	0.5954045954045954	0.0	0.0	0.6666666666666667	0.012850786307487188	0.0052400465316132004	0.012778191885848153	0.018380241240666284	0.003300765777660417	0.0	0.01314529304613998	0.007309712519449056	0.32224202328930984	0.014430203728239908	0.0	0.013274923669188903	0.0035881733805377476	4.622171945701357	0.00374396285988843	0.005190288969338368	0.019097636667462402	1.5973301908279776	0.9368155632856643	0.0031515418918705977	0.004339383156684277	0.0	0.6310115904559497	0.009202292685491928	0.33219453059810755	0.00804462083020487	0.015451174289245981	0.0	0.05827505827505827	0.03479471120389701	0.0	7.3902820287151725	0.009357381804571081	0.0071413268585303145	0.09025270758122744	0.24855012427506215	0.0	0.008369251370464912	0.0	0.011734334663224596	0.0	0.017429953374874723	0.0	0.0	0.032133676092544985
Peptoniphilus lacrimalis	0.0	0.0	0.0	0.008580253975517675	0.04295309001926381	0.0	0.0	0.0	0.01034500594837842	0.0	0.014457134595923087	0.35737117345602026	0.46427430518581625	0.0	0.0	0.0	0.0	0.0	0.46017137416693116	0.0	0.0	0.0044249745563963005	0.08850827671993111	0.0	0.0	0.10510335162910195	0.0031829394445770666	2.364801299254315	0.004601255222424677	0.4963678479696192	1.6012323848164984	0.0	0.0	0.0	0.014169434954421651	0.0	0.007725587144622991	0.0	0.0	0.017397355601948505	0.0	0.0	0.0	0.0	0.25748566574644294	0.0	0.0	0.008369251370464912	0.09064343308620597	0.0	0.0	0.0	0.3241634634120419	0.0	0.0
Prevotella bivia	0.0	0.0	0.0	0.0	0.5883271723850679	0.0	0.9430569430569431	0.0	0.0	0.0	0.0	0.24418616837317514	0.0	0.013785180930499713	0.0	0.0	1.8985558956639312	0.0	0.012206137245807193	0.0	0.0	0.006637461834594452	0.0	2.6085972850678734	0.0	0.05709317866272205	0.0	4.291896495380319	0.6515377394953343	0.007878854729676494	0.04664836893435598	0.0	1.4701693652636885	0.0	0.0031487633232048116	0.0	0.030902348578491962	0.0	0.0	0.0	0.0	5.3213708671036555	0.0	0.0	0.0	0.0	0.0	0.07950788801941666	0.03246928946371557	0.01955722443870766	0.0	0.008714976687437362	0.0	0.0	0.26778063410454156
Lactobacillus mulieris	0.1890909090909091	0.0	0.0	0.22594668802196544	0.0	0.0	2.7012987012987013	0.0	0.0	0.0	0.04337140378776926	0.0	0.08731764455329571	0.23434807581849512	0.0	4.470359572400389	0.0	0.235999289913641	0.0	0.0	0.0	1.0929687154298862	0.0	0.0	0.8636074330142645	0.0	0.0	0.0	0.6855870281412769	0.0	0.041224139988500635	0.2650126867775585	0.0	0.0	0.0	0.13407701383674783	0.0	0.0	0.0	0.0	0.0	0.0	0.0	0.0	0.0	0.0	0.1987300664049246	0.0	0.0	0.0	0.0	0.0	0.0	0.0	0.0
Veillonella montpellierensis	0.0	0.0	0.0	0.025740761926553026	13.544541052741188	0.0	0.0	0.0	0.01034500594837842	0.0	0.019276179461230784	0.0	0.0	0.0	0.0	0.0	0.007511596026365702	0.0	0.0	0.0	0.0	0.0	0.0	1.4864253393665159	0.0	0.0	0.01750616694517387	0.0	0.010122761489334291	0.0	0.0	0.0	0.1446068228128218	0.0	0.012595053292819246	0.0	0.028327152863617637	0.006580029610133246	0.3962703962703963	0.0	0.0	0.8012925768781116	0.0	0.009521769144707088	0.010617965597791464	0.0	0.0	0.0	0.0	0.0	0.0	0.0	0.00885692522983721	0.0	0.1178234790059983
Prevotella sp000758925	0.0	0.0	0.0	0.0	0.0	0.0	0.0	0.0	0.0	0.0	0.006425393153743594	0.0	0.06389095942924077	0.0	0.0	0.0	0.0	0.0	0.4455240094719625	0.0	0.0	0.0	1.2534685676011865	0.0	0.0	0.0	0.0	0.0	0.0	4.51143221821276	0.0	0.0	0.0	0.0	0.0	0.0	0.005150391429748661	0.0	0.0	0.0	0.0	0.006567971941623865	0.037429527218284325	0.0	0.005308982798895732	0.0	0.0	0.0	0.0	0.0	0.03879112741122122	0.008714976687437362	0.16828157936690696	0.0	0.0
Dialister micraerophilus	0.0	0.0	0.0	0.0	0.14187535794241682	0.0	1.3566433566433567	0.0	0.0	0.0	0.027307920903410277	0.4265397876733145	0.28112022148865934	0.0	0.09737259044098232	0.0	0.353045013239188	0.45842339943401944	0.28318238410272684	0.0	0.0	0.0	0.11242943259018275	0.6063348416289592	0.0	0.08953248472108685	0.0	0.3198621522860736	0.36902066883845913	0.1638801783772711	0.38403540936655856	0.0	0.7975285379373809	0.0	0.0	0.0	0.20601565718994644	0.0888303997367988	0.0	0.0	0.0	0.27585482154820234	0.15907549067770838	0.0928372491608941	0.03185389679337439	0.0	0.04483544181086714	0.04393856969494079	0.15017046376968451	0.10560901196902137	0.12342631449024932	0.0	0.12399695321772093	0.0	0.7176520994001714
Gemella asaccharolytica	0.0	0.0	0.0	0.0	0.04295309001926381	0.0	0.0	0.0	0.0	0.0	0.09316820072928213	0.12052107022710362	0.4919603876051538	0.0	0.0	0.0	0.8525661489925072	0.0031327339369067388	0.5944388838708102	0.0	0.0	0.0	0.11242943259018275	0.0	0.0	0.014273294665680513	0.0	1.5507867816717997	0.1352769035392855	0.41442775878098354	0.09655127523622517	0.0	0.0	0.0	0.0	0.0	0.0	0.0	0.0	0.0	0.0	3.785779027151996	0.011696727255713852	0.0	0.4247186239116585	0.33140016570008285	0.0	0.3075699878645855	0.09470209426917041	0.03911444887741532	0.1974821031843989	0.0	0.1930809700104512	0.0	0.8461868037703513
Winkia neuii	0.0	0.0	0.0	0.0	0.0	0.0	0.0	0.0	0.0	0.0	0.0	0.0	0.0	0.0	0.0	0.0	0.15774351655367974	0.0	0.0	0.0	0.0	0.0	0.0	0.0	0.0	0.010380577938676736	0.0	1.0714886958932868	0.41871422524064567	0.0	0.0	0.0	0.0	0.0	0.0	0.0	0.007725587144622991	0.0	0.0	0.0	0.0	2.435403995954129	0.0	0.0	0.0	0.0	0.0	0.0	0.02976351534173927	0.0	0.0	0.0	0.0	0.0	0.0
Metamycoplasma hominis	0.0	0.0	0.0	0.0	0.0	0.0	0.0	0.0	0.0	0.0	0.0	1.242939037298651	0.5409434565009051	0.0	0.0	0.004859086491739553	1.2826050215019436	0.0	0.0	0.0	0.0	0.0	0.02392115587025165	0.0	0.0	0.0	0.0	0.0	0.18681096203044192	0.0	0.0	0.0	1.6542144124800071	0.0	0.0	0.0	0.005150391429748661	0.0	0.0	0.0	0.0	0.0	0.01403607270685662	0.0	0.0	0.0	0.0	0.34313930618906135	0.0500568212565615	0.0	0.0	0.0	0.0	0.0	1.6923736075407025
Mobiluncus curtisii	0.0	0.0	0.0	0.0	0.0	0.0	0.0	0.0	0.0	0.0	0.0	0.42025173183537873	0.0063890959429240765	0.0	0.0	0.0	0.0	0.0	0.6164099309132632	0.0	0.0	0.0	0.15907568653717347	0.0	0.0	0.0	0.0	0.6001128925243362	0.06349732206946056	0.3167299601329951	0.027121144729276733	0.0	0.004382024933721873	0.0	0.04723144984807217	0.0	0.0	0.0	0.0	0.0	0.10607265977194379	0.2587780944999803	0.01403607270685662	0.0	0.021235931195582928	0.0	0.0	0.08369251370464913	0.0	0.0	0.049370525796099726	0.0108937208592967	1.590703771278763	0.0	0.0
Prevotella_7 (genus)	0.014545454545454545	0.0	0.0	0.0	0.0	0.5681818181818182	0.0	0.0	0.0	0.0	0.0	0.0	0.0063890959429240765	0.0	0.0	0.0	0.0	0.0	0.0	0.0	0.0	0.0	0.0035881733805377476	0.0248868778280543	0.0	0.0	0.0	2.2588407720264208	0.09018460235952368	0.0	0.007593920524197485	0.005638567803777841	0.0	0.0	0.0	0.0	0.007725587144622991	0.0	0.0	0.0	0.0	0.2587780944999803	0.0	0.0	0.0	0.0	0.0	0.0	0.0	0.0	0.0	0.0	0.0	0.0	0.042844901456726654
Escherichia coli	0.3490909090909091	0.22870980761469126	18.980169971671387	0.1086832170232239	0.022127349403863177	8.901515151515152	0.08591408591408592	0.2268774105724873	0.28966016655459575	9.0	0.12368881820956419	0.033536297802324484	0.11926312426791608	0.07811602527283171	0.07096646421969897	0.19922254616132168	0.06948226324388275	0.07831834842266847	0.09398725679271538	0.06952734523606502	0.09333582228859437	0.10177441479711491	0.049038369534015885	0.06334841628959276	0.049919504798512405	0.0804494790247447	0.07957348611442668	0.0772422534932314	0.09202510444849354	0.05515198310773546	0.08895735471202769	0.11840992387933465	0.07668543634013278	0.07887679444707367	0.03463639655525293	0.09653544996245844	0.11330861145447055	0.09541042934693206	0.4195804195804196	0.5132219902574808	1.458499071864227	0.0630525306395891	0.08421643624113972	0.06903282629912638	0.09025270758122744	3.645401822700911	0.0315059861373661	0.06067707243587061	0.07846744953731263	0.10560901196902137	0.10579398384878513	0.06754106932763955	0.05314155137902326	14.23076923076923	0.3856041131105398
Prevotella (genus)	0.0	0.0	0.0	0.008580253975517675	0.0	0.0	0.0	0.0	0.031035017845135262	0.0	0.5879234735675389	0.0	1.2480034075178363	0.0	1.5051491946131503	0.0	0.0	0.0	0.0	0.0	0.0	0.0	0.0	0.0	0.00499195047985124	0.0	0.0	0.0	0.3239283676586973	0.0	0.0	0.0	0.0	0.0	0.0	0.0	0.0	1.2452706037177166	0.0	0.0	0.05303632988597189	0.0	2.3065946148267713	0.08093503773001023	0.11679762157570608	0.0	0.0	0.0	1.3840034633908762	3.571149182508018	1.1637338223366365	0.0	0.7315820239845535	0.0	0.0
Limosilactobacillus reuteri	0.15515151515151515	0.3677294945961702	0.0	1.2069557258894863	0.11844639975009111	0.0	0.0	0.0	0.0	0.0	0.2120379740735386	0.0	0.07028005537216483	0.0	0.0	0.9548104956268221	0.0	0.18900828086003987	0.0	0.06821550853349775	0.0	0.12832426213549272	0.0	0.0	2.5109510913651736	0.0	0.0	0.039611412047810976	0.0	0.0	0.007593920524197485	0.8034959120383424	0.1971911220174843	0.0	0.07242155643371066	1.3273624369838035	0.13391017717346518	0.0	0.08158508158508158	0.0	0.0	0.05648455869796524	0.0	0.0	0.0	0.0	0.0	0.008369251370464912	0.0027057741219762973	0.0	0.0	0.0	0.0	0.0	0.0
Mageeibacillus indolicus	0.0	0.0	0.0	0.005720169317011784	0.0026032175769250794	0.0	0.0	0.0	0.0	0.0	0.01124443801905129	0.0	0.05111276754339261	0.0	0.0	0.0	0.0	0.0	0.0	0.0	0.0	0.0	0.4867955219596211	0.0	0.0	0.0	0.0	0.0	0.0	0.11030396621547092	0.0	0.0	0.0	0.0	0.0	0.0	0.0	0.006580029610133246	0.0	0.0	0.0	0.0	0.011696727255713852	0.0	2.4978764068804415	0.0	0.0	0.0	0.0	0.0	0.10226751772049228	0.008714976687437362	0.6536410819619861	0.7692307692307693	0.0
Porphyromonas asaccharolytica	0.0	0.0	0.0	0.0	0.02473056698078825	0.0	0.0	0.0	0.0	0.0	0.0	0.041920372252905604	0.0	0.0	0.0	0.0	0.0	0.004176978582542318	0.019529819593291507	0.0	0.0	0.0	0.0	0.0	0.0	0.009083005696342144	0.0	0.003961141204781098	0.0	0.0	1.8073530847590016	0.0	0.0	0.0	0.0	0.0	0.0	0.0	0.0	0.0	0.0	0.0	0.0	0.0	0.0	0.0	0.0	0.0	0.0	0.0	0.0	0.0	0.0	0.0	0.0
Cryptobacterium curtum	0.0	0.0	0.0	0.0	0.0	0.0	3.2567432567432566	0.0	0.0	0.0	0.0	0.0	0.0	0.0	0.0	0.0	0.0	0.0	0.0	0.0	0.0	0.0	0.0	0.0	0.0	0.0	0.0	0.002970855903585823	0.0018405020889698711	0.0	0.0	0.0	0.0	0.0	0.0	0.0	0.007725587144622991	0.0	0.0	0.0	0.0	0.0	0.0	0.0	0.0	0.0	0.0	0.0	0.005411548243952595	0.0	0.0	0.0	0.0	0.0	0.0
Dialister sp001553355	0.0	0.0	0.0	0.0	0.17181236007705525	0.0	0.0	0.0	0.02069001189675684	0.0	0.09959359388302572	0.10794495855123193	0.044723671600468536	0.0	0.02310536044362292	0.0	0.1915456986723254	0.0	0.19896003710665722	0.006559183512836323	0.0	0.0	0.37915032054348863	0.08597285067873303	0.0	0.0	0.0	0.3238232934908547	0.11227062742716212	0.16072863648540048	0.12584211154384406	0.0	0.23005630902039834	0.0	0.012595053292819246	0.0	0.0	0.027965125843066294	0.0	0.0	0.0	0.8630315131293759	0.173111563384565	0.016663096003237402	0.018581439796135062	0.0	0.0	0.4017240657823158	0.02164619297581038	0.16819213017288587	1.6433332157844625	0.0	0.03011354578144651	0.0	0.053556126820908316
Winkia sp002849225	0.0	0.0	0.0	0.0	0.0	0.0	2.7992007992007992	0.0	0.0	0.0	0.0	0.0	0.0	0.0	0.0	0.004859086491739553	0.0	0.0	0.0	0.0	0.0	0.0	0.0	0.0	0.0	0.0	0.0	0.0	0.0	0.0	0.0	0.0	0.0	0.0	0.0	0.0	0.0	0.0	0.0	0.0	0.0	0.0	0.0	0.0	0.0	0.0	0.0	0.0	0.0	0.0	0.0	0.0	0.0	0.0	0.0
Bifidobacterium (genus)	0.0	0.02242253015830306	0.0	0.0	0.0	0.5681818181818182	0.0	0.0	0.0	0.0	0.0	0.0	0.0	0.0	0.009902297332981251	0.0	0.08262755629002272	0.024017626849618327	0.0024412274491614383	0.007871020215403587	0.0	0.0	0.008372404554588077	0.038461538461538464	0.0	0.0	0.0	0.1435913686733148	0.20337548083117074	0.0	0.0	0.0	0.45792160557393574	0.0	0.00787190830801203	0.0	0.0	0.0	0.023310023310023312	0.0	0.0	0.9641782810303834	0.0	0.0	0.0	0.0	0.0	0.0	0.0	0.0	0.0	0.0	0.0	0.0	0.0
Anaerococcus vaginalis B	0.0	0.0	0.0	0.0	0.48289686051960223	0.0	0.0	0.0	0.0	0.0	0.0	0.0	0.0	0.0	0.0	0.0	0.0	0.0	0.054927617606132365	0.0	0.0	0.0	0.0	0.19457013574660634	0.0	0.0	0.0	0.007922282409562196	0.48037104522113633	0.0	0.0	0.0	0.0	0.0	0.07084717477210825	0.0	0.007725587144622991	0.0	0.0	0.0	0.0	0.283736387878151	0.0	0.0	0.0	0.0	0.0	0.006276938527848684	0.0	0.0	0.0	0.0	0.0	0.0	0.0
Atopobium deltae	0.0	0.0	0.0	0.0	0.17571718644244286	0.0	0.0	0.0	0.0	0.0	0.0	0.1697775076242677	0.0	0.0068925904652498565	0.0	0.0	0.0	0.0	0.0768986646485853	0.0	0.0	0.0	0.0	0.0	0.0	0.0	0.0	0.0	0.0	0.0	0.0	0.0	0.0	0.0	0.10076042634255397	0.0	0.0	0.0	0.0	0.0	0.0	1.082401775979613	0.0	0.0	0.026544913994478656	0.0	0.0	0.0	0.0	0.0	0.0	0.0	0.0	0.0	0.0
Prevotella denticola	0.0	0.0	0.0	0.0	0.0	0.5681818181818182	8.195804195804197	0.0	0.0	0.0	0.0	0.0	0.0	0.0	0.0	0.0	0.005633697019774277	0.0	0.0	0.0	0.0	0.0	0.0	0.0	0.0	0.0	0.0	0.003961141204781098	0.0	0.0	0.0	0.0	0.18185403474945772	0.0	0.0	0.0	0.0	0.0	0.0	0.0	0.0	0.07618847452283684	0.0	0.0	0.0	0.0	0.0	0.0	0.0	0.0	0.0	0.0	0.0	0.0	0.0
Atopobium minutum	0.0	0.0	0.0	0.0	0.0	0.0	0.0	0.0	0.0	0.0	0.0	0.0	0.0	0.0	0.0	0.0	0.0	0.0	0.0	0.0	0.0	0.0	0.0	0.0	0.0	0.0	0.0	1.039799566255038	0.033129037601457675	0.0	0.0	0.0	0.0	0.0	0.0	0.0	0.0	0.0	0.0	0.0	0.0	0.0	0.0	0.0	0.0	0.0	0.0	0.0	0.0	0.0	0.0	0.0	0.0	0.0	0.0
Prevotella disiens	0.0	0.0	0.0	0.0	0.04034987244233873	0.0	0.0	0.0	0.0	0.0	0.0	0.0806967165868433	0.0	0.0	0.0	0.0	0.0	0.0	0.11107584893684545	0.0	0.0	0.0	0.0	0.07918552036199095	0.0	0.0	0.014323227500596801	0.5951614660183598	0.055215062669096135	0.004727312837805897	0.0	0.0	0.0	0.0	0.018892579939228868	0.0	0.0	0.0	0.0	0.0	0.0	0.19441196947206643	0.0	0.0	0.0	0.0	0.0	0.0	0.0	0.01564577955096613	0.010579398384878513	0.0	0.0	0.0	0.0
Prevotella colorans	0.0	0.0	0.0	0.0	0.026032175769250796	0.0	0.0	0.0	0.0	0.0	0.0	0.016768148901162242	0.0	0.0	0.0	0.0	0.0	0.0	0.2673144056831775	0.0	0.0	0.0	0.0	0.6380090497737556	0.0	0.13364994096046298	0.0	0.6773551460175676	0.18036920471904735	0.0	0.3080962041245837	0.0	0.0	0.0	0.0	0.0	0.0	0.0	0.0	0.0	0.0	0.0	0.0	0.0	0.0	0.0	0.0	0.0	0.005411548243952595	0.0	0.0	0.0	0.0	0.0	0.0
Prevotella amnii	0.0	0.0	0.84985835694051	0.0	0.0	0.0	0.0	0.0	0.0	0.0	0.126901514786436	0.0	0.2747311255457353	0.0	0.0	0.0	0.0	0.0	0.0	0.0	0.0	0.0	0.8384365132523204	0.0	0.00748792571977686	0.0	0.0	0.0	0.0	0.0	0.0	0.0	0.0	0.0	0.0	0.013407701383674782	0.0	0.0	0.0	0.026096033402922752	0.0	0.0	0.08421643624113972	0.13330476802589922	0.026544913994478656	0.0	0.0	0.0	0.0	0.0	0.7335049546849102	0.0	0.441074876445893	0.0	0.0
Peptoniphilus coxii	0.0	0.0	0.0	0.0	0.24860727859634507	0.0	0.0	0.0	0.0	0.0	0.0	0.0	0.0	0.0	0.0	0.0	0.0	0.0	0.015867978419549348	0.0	0.0	0.0	0.0	0.4208144796380091	0.0	0.0	0.0	0.007922282409562196	0.15092117129552943	0.0	0.0	0.0	0.0	0.0	0.08029346474172269	0.0	0.0	0.0	0.0	0.0	0.0	1.35957019191614	0.0	0.0	0.0	0.0	0.0	0.0	0.0	0.0	0.0	0.0	0.0	0.0	0.0
Prevotella sp000479005	0.0	0.0	0.0	0.0	0.0	0.0	0.0	0.0	0.0	0.0	0.0	0.6151814628113897	0.0362048770099031	0.0	0.0	0.0	0.0	0.0	0.5956594975953909	0.0	0.0	0.0	0.1973495359295761	0.47737556561085975	0.0	0.10640092387143654	0.0	1.0239550014359138	0.0	0.3435180662138952	0.5923258008874038	0.0	0.0	0.0	0.03621077821685533	0.0	0.0	0.0	0.0	0.0	0.0	0.0	0.0	0.0	0.0	0.0	0.0	0.5147089592835921	0.0	0.0	0.0	0.0	0.019485235505641862	0.0	0.0
Bifidobacterium breve	0.0	0.0	0.0	0.0	0.0	0.0	0.0	0.0	0.0	0.0	0.0	0.0	0.0	0.0	0.0	0.0	0.0	0.0	0.0	0.0	0.0	0.0	0.0	0.0	0.0	0.0	0.0	0.027727988433467684	0.0	0.0	0.0	0.0	1.9653381827742602	0.0	0.0	0.0	0.023176761433868976	0.0	0.0	0.0	0.0	0.0	0.0	0.0	0.0	0.0	0.0	0.0	0.0	0.0	0.0	0.0	0.0	0.0	0.0
Bacteroides (genus)	0.26666666666666666	0.1435041930131396	8.78186968838527	0.04862143919460016	0.009111261519237778	10.416666666666668	0.07392607392607392	0.11343870528624365	0.10862256245797342	5.666666666666666	0.09638089730615393	0.02829625127071128	0.08731764455329571	0.04135554279149914	0.04621072088724584	0.09475218658892129	0.0657264652306999	0.061610434092499194	0.04760393525864805	0.0629681617232287	0.06533507560201605	0.07522456745873711	0.05501865850157879	0.056561085972850686	0.04742352955858678	0.063581039874395	0.044561152224078936	0.057436547469325916	0.03865054386836729	0.034666960810576575	0.0672604389286063	0.13250634338877926	0.039438224403496855	0.039438397223536835	0.03935954154006014	0.09653544996245844	0.13133498145859085	0.027965125843066294	0.38461538461538464	0.3740431454418929	1.0342084327764518	0.06042534186293956	0.07953774533885419	0.04046751886500512	0.08759821618177957	3.645401822700911	0.026658911347002084	0.11298489350127632	0.060879917744466695	0.06649456309160603	0.10932044997707796	0.07843479018693625	0.033656315873381394	9.230769230769232	0.3856041131105398
Streptococcus agalactiae	0.0	0.0	0.0	0.0	0.0	0.0	0.0	0.0	0.0	0.0	0.0	0.0	0.0	0.0	0.0	0.0	0.0	0.0	0.0	0.0	0.0	0.0	0.0	0.0	0.0	0.0	0.0	0.0	0.0	0.0	0.005424228945855347	0.0	0.008764049867443746	0.0	0.0	0.0	0.0	0.0	0.0	0.0	0.05303632988597189	1.0850289647562625	0.0	0.0	0.0	0.0	0.0	0.0	0.0	0.0	0.0	0.0	0.0	0.0	0.0
Anaerococcus murdochii	0.0	0.0	0.0	0.0	0.426927682615713	0.0	0.0	0.0	0.0	0.0	0.0	0.0	0.0	0.0	0.0	0.0	0.0	0.0	0.03905963918658301	0.0	0.0	0.0	0.0	0.0	0.0	0.0	0.0	0.0	0.2650323008116614	0.0	0.0	0.0	0.0	0.0	0.15743816616024056	0.013407701383674782	0.0	0.0	0.0	0.0	0.0	0.0	0.0	0.0	0.0	0.0	0.0	0.0	0.0	0.0	0.0	0.0	0.0	0.0	0.0
Limosilactobacillus coleohominis	0.0	0.0	0.0	0.0	0.0	0.0	0.0	0.0	0.0	0.0	0.0	0.0	0.0	0.0	0.03465804066543438	0.0	0.0	0.0	0.0	0.0	0.0	0.0	0.0	0.0	0.0	0.0	0.0	0.0	0.3487751458597906	0.0	0.0	0.0	0.0	0.0	0.0	0.0	0.0	0.0	0.0	0.0	0.0	0.11822349494922958	0.0	0.0	0.0	0.0	0.0	0.0	0.0	0.0	0.0	0.45317878774674275	0.0	0.0	0.1178234790059983
Anaerococcus lactolyticus	0.0	0.0	0.0	0.0	0.037746654865413655	0.0	0.0	0.0	0.0	0.0	0.0	0.0	0.0	0.0	0.0	0.0	0.0	0.0	0.054927617606132365	0.007871020215403587	0.0	0.0	0.0	0.14027149321266968	0.0	0.0	0.0	0.263415890117943	0.0	0.0	0.19527224205079247	0.0	0.0	0.0	0.18262827274587906	0.0	0.0	0.0	0.0	0.0	0.0	0.032839859708119326	0.0	0.0	0.061053302187300915	0.0	0.0	0.0	0.0	0.0	0.0	0.0	0.0	0.0	0.0
Collinsella aerofaciens H	0.05818181818181818	0.05381407237992736	1.13314447592068	0.01716050795103535	0.013016087884625398	3.0303030303030303	0.053946053946053944	0.06050064281932996	0.02069001189675684	2.0	0.030520617480282074	0.020960186126452802	0.040464274305185816	0.02527283170591614	0.028056509110113547	0.03401360544217687	0.030046384105462808	0.010442446456355794	0.012206137245807193	0.02623673405134529	0.014000373343289154	0.026549847338377806	0.02272509807673907	0.006787330316742082	0.01123188857966529	0.015570866908015105	0.03501233389034774	0.028718273734662958	0.023926527156608323	0.014181938513417688	0.01735753262673711	0.031012122920778123	0.0241011371354703	0.02892149129726035	0.00787190830801203	0.013407701383674782	0.028327152863617637	0.009870044415199869	0.2680652680652681	0.07828810020876827	0.42429063908777515	0.007881566329948637	0.01637541815799939	0.014282653717060629	0.021235931195582928	0.579950289975145	0.00969414958072803	0.027200066954010966	0.02029330591482223	0.035203003989673784	0.08110872095073526	0.023966185890452744	0.03011354578144651	1.9230769230769231	0.06426735218508997
Fenollaria massiliensis	0.0	0.0	0.0	0.0	0.29025875982714633	0.0	0.0	0.0	0.0	0.0	0.0	0.006288055837935841	0.0	0.0	0.0	0.0	0.0	0.0	0.21360740180162585	0.0	0.0	0.0	0.0	0.0	0.0	0.0	0.0	0.0	0.0	0.007878854729676494	0.0	0.0	0.004382024933721873	0.0	0.22041343262433677	0.0	0.015451174289245981	0.0	0.0	0.017397355601948505	0.0	0.0	0.00701803635342831	0.0	0.24686770014865153	0.0	0.0	0.0	0.0	0.0	0.1410586451317135	0.0	0.0	0.0	0.0
Anaerococcus hydrogenalis	0.0	0.0	0.0	0.0	0.015619305461550477	0.0	0.0	0.0	0.0	0.0	0.0	0.0	0.0	0.0	0.0	0.0	0.0	0.0	0.0	0.0	0.0	0.0	0.0	0.0	0.0	0.0	0.0	0.5099969301155663	0.047853054313216646	0.0	0.0	0.0	0.017528099734887493	0.0	0.0	0.0	0.0	0.0	0.0	0.0	0.0	0.0	0.0	0.0	0.0	0.0	0.0	0.0	0.0	0.0	0.0	0.006536232515578021	0.0	0.0	0.0
Streptococcus anginosus	0.0	0.0	0.0	0.0	0.5219451241734784	0.0	0.0	0.0	0.0	0.0	0.0	0.0	0.0	0.0	0.0	0.0	0.0	0.0	0.0	0.0	0.0	0.0	0.0	0.18099547511312217	0.0	0.0064878612116729606	0.022280576112039468	0.0	0.0	0.0	0.0	0.0	0.0	0.0	0.10548357132736119	0.018770781937144695	0.0	0.0	0.0	0.0	0.0	0.04203502042639274	0.0	0.0	0.0	0.0	0.0	0.0	0.0	0.0	0.0	0.0	0.0	0.0	0.0
Peptococcus (genus)	0.0	0.0	0.0	0.0	0.0	0.0	0.0	0.0	0.0	0.0	0.0	0.0	0.0	0.0	0.0	0.0	0.0	0.0	0.009764909796645753	0.0	0.0	0.0	0.0	0.0	0.0	0.0	0.0	0.35848327903268934	0.0	0.0	0.0	0.0	0.0	0.0	0.0	0.0	0.0	0.0	0.0	0.0	0.0	0.0	0.0	0.0	0.4034826927160756	0.0	0.0	0.0	0.0	0.0	0.0	0.0	0.0	0.0	0.0
Agathobacter sp900543445	0.10666666666666667	0.0717520965065698	2.8328611898017	0.0343210159020707	0.010412870307700318	2.6515151515151514	0.015984015984015984	0.03025032140966498	0.031035017845135262	3.3333333333333335	0.02248887603810258	0.011528102369549043	0.027686082419337666	0.02986789201608271	0.013203063110641669	0.0413022351797862	0.01690109105932283	0.015663669684533692	0.0	0.014430203728239908	0.014000373343289154	0.0	0.0	0.009049773755656108	0.01372786381959091	0.02076115587735347	0.03660380361263627	0.009902853011952744	0.015644267756243904	0.0	0.022781761572592457	0.05074711023400056	0.0	0.019719198611768417	0.009446289969614434	0.0	0.033477544293366295	0.018095081427866425	0.16317016317016317	0.09568545581071677	0.0	0.01313594388324773	0.01403607270685662	0.014282653717060629	0.0	0.6628003314001657	0.0	0.02092312842616228	0.01894041885383408	0.04693733865289838	0.05289699192439257	0.013072465031156041	0.0	1.9230769230769231	0.0
Howardella (genus)	0.0	0.0	0.0	0.0	0.08460457125006508	0.0	0.2757242757242757	0.0	0.0	0.0	0.0	0.018864167513807522	0.01703758918113087	0.0	0.0	0.0	0.04694747516478564	0.0	0.06469252740277812	0.0	0.0	0.0	0.0	0.06787330316742081	0.0	0.0	0.0	0.057436547469325916	0.005521506266909613	0.0	0.022781761572592457	0.0	0.019719112201748427	0.0	0.045657068186469765	0.0	0.0	0.0	0.0	0.0	0.0	0.01313594388324773	0.0	0.0	0.02919940539392652	0.0	0.0	0.0	0.0	0.0	0.0	0.0	0.0	0.0	0.0
Lancefieldella rimae	0.0	0.0	0.0	0.0	0.0	0.0	0.7932067932067932	0.0	0.0	0.0	0.0	0.0	0.0	0.0	0.0	0.0	0.0	0.0	0.0	0.0	0.0	0.0	0.0	0.0	0.0	0.0	0.0	0.0	0.0	0.0	0.0	0.0	0.0	0.0	0.0	0.0	0.0	0.0	0.0	0.0	0.0	0.0	0.0	0.0	0.0	0.0	0.04120013571809413	0.0	0.0	0.0	0.0	0.0	0.0	0.0	0.0
Phascolarctobacterium (genus)	0.033939393939393936	0.04932956634826674	1.41643059490085	0.022880677268047135	0.007809652730775238	0.7575757575757576	0.021978021978021976	0.0	0.01034500594837842	0.0	0.024095224326538482	0.009432083756903761	0.01703758918113087	0.013785180930499713	0.009902297332981251	0.019436345966958212	0.009389495032957128	0.02088489291271159	0.0036618411737421577	0.010494693620538115	0.014000373343289154	0.006637461834594452	0.00956846234810066	0.009049773755656108	0.01123188857966529	0.0038927167270037762	0.012731757778308267	0.006931997108366921	0.011043012533819226	0.014181938513417688	0.021696915783421387	0.016915703411333523	0.0065730374005828094	0.017089972130199294	0.0	0.0	0.0	0.019740088830399738	0.09324009324009325	0.12178148921363954	0.21214531954388757	0.01707672704822205	0.0	0.01190221143088386	0.021235931195582928	0.579950289975145	0.004847074790364015	0.023015441268778507	0.006764435304940744	0.04302589376515684	0.05289699192439257	0.026144930062312083	0.010628310275804652	2.307692307692308	0.0
Actinobacteria (class)	0.0	0.0	0.0	0.0	0.0	0.0	0.0	0.0	0.0	0.0	0.0	0.0	0.07666915131508892	0.0	0.0	0.0	0.15210981953390545	0.0	0.0	0.0	0.0	0.0	0.027509329250789395	0.0	0.0	0.0	0.0	0.0	0.0	0.0	0.0	0.0	0.0	0.0	0.0	0.0	0.0	0.0	0.0	0.0	0.0	0.0	0.0701803635342831	0.0	0.297303036738161	0.0	0.0	0.11089258065866009	0.0	0.05867167331612298	0.2785908241351342	0.0	0.0	0.0	0.0
Arcanobacterium A sp000758825	0.0	0.0	0.0	0.0	0.0	0.0	0.0	0.0	0.0	0.0	0.0	0.0	0.11926312426791608	0.0	0.0	0.0	0.0	0.0	0.0	0.0	0.0	0.0	0.0	0.0	0.0	0.0	0.0	0.0	0.011963263578304162	0.0	0.0	0.0	0.0	0.0	0.0	0.0	0.0	0.0	0.0	0.0	0.0	0.0	0.011696727255713852	0.0	0.0	0.0	0.0	0.5147089592835921	0.0	0.12516623640772903	0.08110872095073526	0.0	0.0	0.0	0.0
Peptoniphilus duerdenii	0.0	0.0	0.0	0.0	0.13666892278856665	0.0	0.0	0.0	0.0	0.0	0.0	0.0	0.0	0.0068925904652498565	0.0	0.0	0.0	0.0	0.07201620975026243	0.0026236734051345288	0.0	0.0	0.0	0.0	0.0	0.0	0.0	0.10497024192669907	0.0	0.0	0.0	0.0	0.0	0.0	0.11020671631216838	0.0	0.0	0.0	0.0	0.0	0.0	0.003940783164974319	0.0	0.0	0.09556169038012317	0.0	0.0	0.0	0.0	0.0	0.01763233064146419	0.0	0.0	0.0	0.0
Staphylococcus haemolyticus	0.0	0.0	0.0	0.0	0.0	0.0	0.0	0.0	0.0	0.0	0.0	0.0	0.025556383771696306	0.0	0.0	0.0	0.0	0.0	0.0	0.0	0.0	0.5818841541661135	0.0	0.03167420814479638	0.0	0.0	0.0	0.0	0.0	0.0	0.0	0.0	0.6156745031879232	0.0026292264815691224	0.0	0.0	0.0	0.0	0.0	0.0	0.0	0.0	0.0	0.0	0.0	0.0	0.0	0.0	0.0	0.0	0.0	0.0	0.0	0.0	0.0
Streptococcus pyogenes	0.0	0.0	0.0	0.0	0.0	0.0	0.0	0.0	0.0	0.0	0.0	0.0	0.0	0.0	0.0	0.0	0.0	0.0	0.0	0.0	0.0	0.0	0.0	0.0	0.0	0.0	0.0	0.0	0.0	0.0	0.0	0.0	0.0	0.0	0.0	0.0	1.0172023073753604	0.0	0.0	0.0	0.0	0.0	0.0	0.0	0.0	0.0	0.0	0.0	0.0	0.0	0.0	0.0	0.0	0.0	0.0
Clostridium_sensu_stricto_1 (genus)	0.0	0.0	0.0	0.0	0.16139948976935492	0.0	0.007992007992007992	0.18150192845798988	0.1551750892256763	0.0	0.0	0.0	0.0	0.4549109707064905	0.0	0.0	0.0	0.0	0.0	0.0	0.0	0.0	0.0	0.0	0.0	0.0	0.0	0.0	0.0	0.0	0.0	0.35804905553989286	0.013146074801165619	0.0	0.017318198277626463	0.0	0.0	0.0	0.0	0.0	0.0	0.0	0.0	0.0	0.0	0.0	0.26295380737724783	0.0	0.0	0.0	0.01763233064146419	0.0	0.0	0.0	0.0
Bacteroides uniformis	0.07272727272727272	0.04932956634826674	4.2492917847025495	0.037181100560576594	0.006508043942312699	2.272727272727273	0.017982017982017984	0.05293806246691372	0.03620752081932447	2.0	0.028914269191846174	0.011528102369549043	0.040464274305185816	0.013785180930499713	0.0	0.05102040816326531	0.02065688907250568	0.012530935747626955	0.008544296072065034	0.010494693620538115	0.0	0.030974821894774105	0.017940866902688736	0.018099547511312215	0.021215789539367768	0.022058728119688065	0.01750616694517387	0.020795991325100762	0.028527782379033	0.015757709459352988	0.03471506525347422	0.022554271215111363	0.028483162069192172	0.02103381185255298	0.01102067163121684	0.0	0.05407911001236094	0.016450074025333113	0.17482517482517482	0.052192066805845504	0.26518164942985945	0.010508755106598185	0.03509018176714155	0.028565307434121258	0.010617965597791464	0.7456503728251864	0.010905918278319035	0.018830815583546053	0.025704854158774822	0.027380114214190725	0.06347639030927107	0.017429953374874723	0.014171080367739536	4.230769230769231	0.0
Blautia A luti	0.0	0.02690703618996368	1.41643059490085	0.01430042329252946	0.010412870307700318	0.7575757575757576	0.017982017982017984	0.03025032140966498	0.0	0.0	0.008031741442179493	0.009432083756903761	0.0	0.0	0.014853445999471877	0.026724975704567538	0.0	0.009398201810720217	0.008544296072065034	0.0183657138359417	0.014000373343289154	0.0	0.0	0.01583710407239819	0.01497585143955372	0.01167815018101133	0.015914697222885334	0.005941711807171646	0.0073620083558794845	0.011030396621547091	0.01844237841590818	0.0	0.0	0.011831519167061051	0.012595053292819246	0.02949694304408452	0.023176761433868976	0.008225037012666556	0.0	0.07828810020876827	0.0	0.011822349494922958	0.0	0.019043538289414175	0.018581439796135062	0.4971002485501243	0.00969414958072803	0.01046156421308114	0.00947020942691704	0.0	0.045844059667806886	0.0	0.0	0.0	0.053556126820908316
Slackia exigua	0.0	0.0	0.0	0.0	0.04555630759618889	0.0	0.0	0.0	0.0	0.0	0.0	0.0	0.0	0.0	0.0	0.0	0.0	0.0	0.03295657056367942	0.0	0.0	0.0	0.0	0.07239819004524886	0.0	0.0	0.0	0.07427139758964557	0.04509230117976184	0.0	0.007593920524197485	0.0	0.0	0.0	0.014169434954421651	0.0	0.0	0.0	0.0	0.0	0.0	0.06042534186293956	0.0	0.0	0.0	0.0	0.0	0.0	0.0	0.0	0.0	0.0	0.0	0.0	0.0
Streptococcus salivarius	0.0	0.03139154222162429	0.0	0.02002059260954124	0.0	0.0	0.0	0.0	0.0	0.0	0.0	0.0041920372252905605	0.0	0.0	0.0049511486664906255	0.0	0.0	0.0	0.010985523521226472	0.0	0.0	0.022124872781981504	0.0035881733805377476	0.0	0.0	0.0	0.0	0.0	0.005521506266909613	0.0	0.010848457891710694	0.0	0.0	0.03680917074196771	0.0	0.32446637348492974	0.0	0.009870044415199869	0.0	0.06958942240779402	0.21214531954388757	0.0	0.0	0.0	0.0	0.9942004971002486	0.007270612185546023	0.0	0.008117322365928893	0.0	0.01763233064146419	0.0	0.0	0.0	0.0
Actinotignum sanguinis	0.0	0.0	0.0	0.0	0.07939813609621492	0.0	0.0	0.0	0.0	0.0	0.0	0.0	0.0	0.0	0.0	0.0	0.0	0.0	0.0	0.0	0.0	0.0	0.0	0.0	0.0	0.0	0.0	0.0	0.0	0.0	0.0	0.0	0.0	0.0	0.24402915754837287	0.0	0.0	0.0	0.0	0.0	0.0	0.0052543775532990925	0.0	0.0	0.0	0.0	0.0	0.0	0.0	0.0	0.0	0.0	0.0	0.0	0.0
Sutterella sp900762445	0.0	0.0	0.0	0.0	0.2525121049617327	0.0	0.0	0.0	0.0	0.0	0.0	0.0	0.0	0.0	0.0	0.0	0.0	0.0	0.0	0.0	0.0	0.0	0.0	0.0	0.0	0.0	0.0	0.0	0.0	0.0	0.0	0.0	0.008764049867443746	0.0	0.0	0.0	0.007725587144622991	0.0	0.0	0.0	0.0	0.0	0.0	0.0	0.0	0.0	0.0	0.0	0.0	0.0	0.0	0.0	0.0	0.0	0.0
Parvimonas parva	0.0	0.0	0.0	0.0	0.0	0.0	0.0	0.0	0.0	0.0	0.0	0.0	0.0	0.0	0.0049511486664906255	0.0	0.0	0.0	0.108634621487684	0.0	0.0	0.0	0.0	0.0	0.0	0.0	0.0	0.0	0.0	0.0	0.0	0.0	0.0	0.0	0.0	0.0	0.0	0.0	0.0	0.0	0.0	0.1313594388324773	0.0	0.0	0.0	0.0	0.0	0.0	0.0	0.0	0.0	0.0	0.0	0.0	0.0
Limosilactobacillus fermentum	0.0	0.0	0.0	0.0	0.0	0.0	0.04995004995004995	0.0	0.0	0.0	0.0	0.0	0.0	0.0	0.0	0.0	0.0	0.0	0.0	0.0	0.0	0.0	0.0	0.0	0.0	0.0	0.0	0.0	0.14079840980619512	0.0	0.0	0.0	0.0	0.0	0.0	0.0	0.0	0.0	0.0	0.0	0.0	0.0	0.0	0.0	0.0	0.0	0.0	0.0	0.0	0.0	0.0	0.0	0.0	0.0	0.0
Corynebacterium riegelii	0.0	0.0	0.0	0.0	0.0	0.0	0.0	0.0	0.0	0.0	0.0	0.0	0.0	0.0	0.0	0.0	0.0	0.0	0.05370700388155164	0.0	0.0	0.0	0.0	0.0	0.0	0.0	0.0	0.0	0.0036810041779397422	0.0	0.0	0.0	0.0	0.0	0.1952233260386983	0.0	0.0	0.0	0.0	0.0	0.0	0.0	0.0	0.0	0.0	0.0	0.0	0.0	0.0	0.0	0.0	0.0	0.0	0.0	0.0
Anaeroglobus vaginalis	0.0	0.0	0.0	0.0	0.0	0.0	0.0	0.0	0.0	0.0	0.0	0.0	0.0	0.0	0.0	0.0	0.0	0.0	0.0	0.0	0.0	0.0	0.0	0.3212669683257919	0.0	0.0	0.0	0.06337825927649757	0.0	0.0	0.0	0.0	0.0	0.0	0.0	0.0	0.0	0.0	0.0	0.0	0.0	0.0	0.0	0.0	0.0	0.0	0.0	0.0	0.0	0.0	0.0	0.0	0.0	0.0	0.0
Prevotellaceae (family)	0.0	0.0	0.0	0.0	0.0	0.0	0.0	0.0	0.0	0.0	0.0	0.0	0.5324246619103397	0.0	0.0	0.0	0.0	0.0	0.0	0.0	0.0	0.0	0.0	0.0	0.0	0.0	0.0	0.0	0.0	0.0	0.0	0.0	0.0	0.0	0.0	0.0	0.0	0.0	0.0	0.0	0.0	0.0	0.0	0.0	0.0	0.0	0.0	0.0	0.0	0.0	0.0	0.0	0.0	0.0	0.0
Faecalibacterium prausnitzii	0.0	0.0	5.382436260623229	0.0343210159020707	0.0	1.5151515151515151	0.0	0.04537548211449747	0.0	0.0	0.0	0.0	0.01703758918113087	0.0	0.008251914444151043	0.03644314868804665	0.0	0.01670791433016927	0.019529819593291507	0.0	0.014000373343289154	0.017699898225585202	0.008372404554588077	0.0	0.0	0.014273294665680513	0.0	0.015844564819124392	0.016564518800728838	0.014181938513417688	0.0	0.0	0.0	0.0	0.0	0.021452322213879653	0.05150391429748661	0.0	0.0	0.09568545581071677	0.31821797931583135	0.019703915824871594	0.0	0.0	0.0	0.0	0.0	0.0	0.0	0.0	0.0	0.0	0.010628310275804652	2.307692307692308	0.053556126820908316
Rikenellaceae_RC9_gut_group (genus)	0.0	0.0	0.0	0.0	0.0	0.0	0.0	0.0	0.0	0.0	0.009638089730615392	0.0	0.13630071344904696	0.0	0.0	0.0	0.0	0.0	0.0	0.0	0.0	0.0	0.0	0.0	0.0	0.0	0.0	0.0	0.0	0.0	0.0	0.0	0.0	0.0	0.0	0.0	0.0	0.0	0.0	0.0	0.0	0.0	0.07719839988771142	0.0	0.010617965597791464	0.0	0.0	0.0	0.0	0.0	0.010579398384878513	0.0	0.06731263174676279	0.0	0.0
Levilactobacillus brevis	0.0	0.0	0.0	0.0	0.0	0.0	0.0	0.0	0.0	0.0	0.0	0.0	0.0	0.0	0.0	0.0	0.0	0.0	0.0	0.0	0.0	0.0	0.0	0.0	0.0	0.0	0.0	0.1465622245769006	0.0	0.0	0.0	0.0	0.0	0.0	0.0	0.0	0.0	0.0	0.0	0.0	0.0	0.0	0.0	0.0	0.0	0.0	0.0	0.0	0.0	0.0	0.0	0.0	0.0	0.0	0.0
Staphylococcus epidermidis	0.0	0.03139154222162429	0.0	0.0	0.0	0.0	0.0	0.0	0.0	0.0	0.006425393153743594	0.0	0.0	0.0	0.0	0.0	0.0	0.014619425038898112	0.0	0.0	0.0	0.21018629142882428	0.0	0.0	0.0	0.0	0.0	0.0	0.0	0.0	0.0	0.0	0.05915733660524529	0.0	0.0	0.0	0.0	0.0	0.0	0.0	0.0	0.0	0.0	0.0	0.0	0.0	0.0	0.0	0.0	0.0	0.0	0.0	0.0	0.0	0.0
Unclassified	0.0	0.0	0.0	0.011440338634023568	0.003904826365387619	0.0	0.06793206793206794	0.0	0.0	0.0	0.0	0.0	0.004259397295282717	0.0	0.0	0.0	0.015023192052731404	0.0	0.0	0.0	0.053668097815941763	0.0	0.0	0.0	0.1410226010557975	0.0480101729663799	0.32465982334686083	0.0	0.06257707102497562	0.014181938513417688	0.1236724199655019	0.01973498731322244	0.5280340045134857	0.0	0.0	0.010726161106939826	0.0	0.008225037012666556	0.19813519813519814	0.9394572025052191	0.0	0.0	0.0	0.0	0.0	0.0	0.18176530463865057	0.0	0.0	0.0	0.0	0.05446860429648351	0.0	0.0	0.0
Megasphaera hutchinsoni	0.0	0.0	0.0	0.0	0.0	0.0	0.0	0.0	0.0	0.0	0.0	0.0	0.20445107017357045	0.0	0.0	0.0	0.0	0.0	0.0	0.0	0.0	0.0	0.0	0.0	0.0	0.0	0.0	0.0	0.0	0.0	0.0	0.0	0.0	0.0	0.0	0.0	0.0	0.1019904589570653	0.0	0.0	0.0	0.0	0.0	0.0	0.0	0.0	0.0	0.0	0.0	0.0	0.01763233064146419	0.0	0.0	0.0	0.0
Varibaculum cambriense B	0.0	0.0	0.0	0.0	0.0	0.0	0.0	0.0	0.0	0.0	0.0	0.0	0.0	0.0	0.0	0.0	0.0	0.0	0.015867978419549348	0.0	0.0	0.0	0.0	0.0	0.0	0.0	0.0	0.0	0.0	0.0	0.005424228945855347	0.0	0.0	0.0	0.17633074609946944	0.0	0.0	0.0	0.0	0.0	0.0	0.0	0.0	0.0	0.0	0.0	0.0	0.0	0.0	0.0	0.014105864513171352	0.0	0.0	0.0	0.0
Subdoligranulum (genus)	0.014545454545454545	0.01793802412664245	1.9830028328611897	0.011440338634023568	0.003904826365387619	0.0	0.005994005994005994	0.0	0.02069001189675684	0.0	0.01124443801905129	0.007336065144258481	0.01703758918113087	0.0068925904652498565	0.003300765777660417	0.021865889212827987	0.015023192052731404	0.014619425038898112	0.004882454898322877	0.0	0.0	0.008849949112792601	0.007176346761075495	0.011312217194570135	0.00499195047985124	0.0064878612116729606	0.007957348611442667	0.015844564819124392	0.0064417573113945475	0.007878854729676494	0.03037568209678994	0.0	0.0065730374005828094	0.0	0.0	0.00804462083020487	0.012875978574371652	0.006580029610133246	0.0	0.03479471120389701	0.0	0.0	0.009357381804571081	0.0071413268585303145	0.0	0.0	0.004847074790364015	0.01046156421308114	0.0	0.0	0.028211729026342704	0.0	0.0	1.153846153846154	0.0
Limosilactobacillus vaginalis	0.0	0.0	0.0	0.0	0.0	0.0	0.0	0.0	0.0	0.0	0.0	0.0	0.0	0.0	0.0	0.0	0.0	0.0	0.0	0.0	0.0	0.0	0.0	0.0	0.0	0.0	0.0	0.0	0.0	0.0	0.0	0.0	0.0	0.0	0.0	0.3217848332081948	0.0	0.0	0.0	0.0	0.0	0.0	0.0	0.0	0.0	0.0	0.0	0.0	0.0	0.0	0.0	0.0	0.0	0.0	0.0
Ruminococcaceae (family)	0.0	0.04484506031660612	0.0	0.0	0.0	3.4090909090909087	0.011988011988011988	0.0	0.0	0.0	0.012850786307487188	0.0031440279189679206	0.021296986476413586	0.0	0.006601531555320834	0.0	0.01690109105932283	0.009398201810720217	0.0	0.0	0.0	0.0	0.007176346761075495	0.011312217194570135	0.0	0.018166011392684287	0.025463515556616533	0.010893138313148018	0.0	0.009454625675611793	0.0	0.028192839018889203	0.013146074801165619	0.01051690592627649	0.0	0.00804462083020487	0.0	0.01151505181773318	0.0	0.0	0.0	0.006567971941623865	0.01637541815799939	0.0	0.0	0.4142502071251036	0.0036353060927730115	0.018830815583546053	0.0	0.04302589376515684	0.0	0.0	0.0	0.0	0.0
Bifidobacterium longum	0.02909090909090909	0.0	1.41643059490085	0.0	0.019524131826938095	0.0	0.011988011988011988	0.0	0.0	0.0	0.0	0.0020960186126452803	0.0	0.0	0.0	0.0	0.003755798013182851	0.0	0.0	0.0	0.0	0.0	0.0	0.0	0.00873591333973967	0.0	0.006365878889154133	0.0	0.0	0.0	0.01518784104839497	0.016915703411333523	0.0	0.009202292685491928	0.0	0.0	0.020601565718994644	0.008225037012666556	0.0	0.03479471120389701	0.0	0.0	0.0	0.0	0.0	0.8285004142502072	0.0	0.0	0.005411548243952595	0.011734334663224596	0.024685262898049863	0.0	0.0	0.0	0.0
Enterococcus faecalis	0.09212121212121212	0.0	0.0	0.01430042329252946	0.003904826365387619	0.0	0.0	0.0	0.0	0.0	0.008031741442179493	0.0	0.0	0.0	0.0	0.0	0.0	0.0	0.031735956839098696	0.01180653032310538	0.0	0.026549847338377806	0.0	0.0	0.0	0.009083005696342144	0.019097636667462402	0.005941711807171646	0.0073620083558794845	0.004727312837805897	0.0	0.053566394135889484	0.03724721193663592	0.0	0.006297526646409623	0.0	0.020601565718994644	0.027965125843066294	0.11655011655011654	0.0	0.0	0.0	0.0	0.0	0.0	0.4971002485501243	0.004847074790364015	0.0	0.012175983548893338	0.0	0.024685262898049863	0.0	0.010628310275804652	0.0	0.042844901456726654
Bifidobacterium adolescentis	0.033939393939393936	0.06278308444324858	0.0	0.0	0.011714479096162857	1.5151515151515151	0.0	0.0	0.0	0.0	0.008031741442179493	0.0	0.021296986476413586	0.0	0.016503828888302086	0.0	0.007511596026365702	0.0062654678738134776	0.007323682347484315	0.01705387713337444	0.011666977786074296	0.0	0.008372404554588077	0.0	0.0	0.0	0.011140288056019734	0.0	0.009202510444849354	0.0	0.0021696915783421386	0.02537355511700028	0.013146074801165619	0.017089972130199294	0.0	0.0	0.0	0.0	0.09324009324009325	0.043493389004871263	0.0	0.0	0.0	0.0	0.0	0.0	0.0	0.0	0.0	0.0	0.05994992418097825	0.0	0.0	0.0	0.0
Propionimicrobium lymphophilum	0.0	0.0	0.0	0.0	0.1405737491539543	0.0	0.0	0.0	0.0	0.0	0.0	0.008384074450581121	0.0	0.0	0.0	0.0	0.0	0.0	0.0	0.0	0.0	0.0	0.0	0.0	0.0	0.0	0.0	0.0	0.0	0.0	0.0	0.0	0.0	0.0	0.05195459483287939	0.0	0.0	0.0	0.0	0.0	0.0	0.0	0.0	0.0	0.0	0.0	0.0	0.0	0.0	0.0	0.0	0.0	0.0	0.0	0.0
Corynebacterium coyleae	0.0	0.0	0.0	0.031460931243564805	0.0	0.0	0.0	0.0	0.0	0.0	0.0	0.0	0.0	0.0	0.0	0.0	0.0	0.0	0.09032541561897323	0.0	0.0	0.0	0.0	0.0	0.0	0.0	0.0	0.0	0.0	0.0	0.0	0.0	0.0	0.0	0.04408268652486736	0.0	0.0	0.0	0.0	0.0	0.0	0.0	0.0	0.0	0.0	0.0	0.0	0.0	0.0	0.0	0.0	0.0	0.0	0.0	0.0
Ruminococcus (genus)	0.05333333333333334	0.0	1.69971671388102	0.022880677268047135	0.0	0.946969696969697	0.0	0.0	0.031035017845135262	0.0	0.003212696576871797	0.0031440279189679206	0.0	0.039058012636415854	0.003300765777660417	0.014577259475218658	0.005633697019774277	0.008353957165084636	0.0	0.0	0.0	0.0044249745563963005	0.0	0.004524886877828054	0.00374396285988843	0.002595144484669184	0.0	0.004951426505976372	0.0073620083558794845	0.0	0.004339383156684277	0.016915703411333523	0.0	0.0	0.0	0.0	0.030902348578491962	0.006580029610133246	0.0	0.0	0.2916998143728454	0.0	0.0	0.0	0.007963474198343597	0.0	0.0	0.0	0.012175983548893338	0.0	0.0	0.0	0.015942465413706978	1.9230769230769231	0.0
Peptoniphilus rachelemmaiella	0.0	0.0	0.0	0.0	0.010412870307700318	0.0	0.0	0.0	0.0	0.0	0.0	0.0	0.0	0.0	0.0	0.0	0.0	0.0	0.0	0.0	0.0	0.0	0.0	0.0	0.0	0.0	0.0	0.0	0.0	0.0	0.0	0.0	0.0	0.0	0.0	0.0	0.0	0.0	0.0	0.0	0.0	0.0	0.0	0.0	0.21235931195582924	0.0	0.0	0.0	0.0	0.0	0.0	0.004357488343718681	0.0	0.0	0.0
Gordonibacter urolithinfaciens	0.0	0.008969012063321225	0.0	0.0	0.0	0.0	0.0	0.0	0.0	0.0	0.012850786307487188	0.0	0.0	0.0	0.0	0.0	0.011267394039548554	0.008353957165084636	0.0	0.0	0.0	0.0	0.00956846234810066	0.0	0.00873591333973967	0.0	0.01750616694517387	0.0	0.0	0.0	0.01735753262673711	0.0	0.008764049867443746	0.007887679444707368	0.0	0.0	0.010300782859497322	0.0	0.0	0.0	0.0	0.003940783164974319	0.0	0.0	0.0	0.0	0.004847074790364015	0.008369251370464912	0.006764435304940744	0.01564577955096613	0.0	0.0	0.0	0.0	0.0
Alloscardovia omnicolens	0.0	0.0	0.0	0.0	0.1080335294423908	0.0	0.0	0.0	0.0	0.0	0.0	0.0	0.0	0.0	0.0	0.0	0.0	0.0	0.0	0.006559183512836323	0.0	0.0	0.0	0.0	0.0	0.0	0.0	0.0	0.0	0.0	0.0	0.0	0.0	0.0	0.0	0.0	0.0	0.0	0.0	0.0	0.0	0.0	0.0	0.0	0.0	0.0	0.0	0.0	0.0	0.0	0.0	0.0	0.0	0.0	0.0
Faecalibacterium (genus)	0.0	0.0	0.0	0.0	0.0	0.0	0.0	0.0	0.04138002379351368	0.0	0.014457134595923087	0.0	0.0	0.027570361860999426	0.0	0.0	0.0	0.0	0.0	0.0	0.0	0.0	0.0	0.0	0.0	0.0	0.023872045834328	0.0	0.0	0.0	0.0	0.022554271215111363	0.0	0.0	0.0	0.0	0.0	0.027965125843066294	0.0	0.0	0.0	0.0	0.0	0.0	0.013272456997239328	0.0	0.0	0.0	0.016234644731857786	0.0	0.0	0.0	0.0	0.0	0.0
Blautia A sp900066335	0.0	0.0	0.0	0.0	0.0	2.6515151515151514	0.0	0.0	0.0	0.0	0.016063482884358986	0.0	0.0	0.0	0.0	0.0	0.0	0.0	0.0	0.0	0.0	0.0	0.0	0.0	0.0	0.0	0.020689106389750935	0.0	0.0	0.0	0.009763612102539624	0.0	0.0	0.007887679444707368	0.0	0.0	0.03605274000824062	0.0	0.0	0.0	0.0	0.0	0.018714763609142163	0.0	0.0	0.0	0.0	0.0	0.0	0.0	0.0	0.023966185890452744	0.0	0.0	0.0
Fusicatenibacter (genus)	0.0	0.0	1.69971671388102	0.0	0.0	0.7575757575757576	0.0	0.0	0.031035017845135262	0.0	0.0	0.0	0.0	0.0	0.0	0.0	0.0	0.0	0.0	0.007871020215403587	0.0	0.0	0.0	0.0	0.01123188857966529	0.0	0.0	0.0	0.0	0.0031515418918705977	0.007593920524197485	0.016915703411333523	0.0	0.0	0.0	0.0	0.015451174289245981	0.006580029610133246	0.0	0.0	0.0	0.007881566329948637	0.0	0.0	0.0	0.4142502071251036	0.0	0.0	0.008117322365928893	0.01955722443870766	0.0	0.0	0.00885692522983721	0.0	0.0
Porphyromonas uenonis	0.0	0.0	0.0	0.0	0.0	0.0	0.0	0.0	0.0	0.0	0.0	0.016768148901162242	0.012778191885848153	0.0	0.0	0.0	0.0	0.0	0.03295657056367942	0.0	0.0	0.0	0.0	0.0	0.0	0.0	0.0	0.0	0.0	0.0	0.01518784104839497	0.0	0.0	0.0	0.0	0.0	0.005150391429748661	0.0	0.0	0.0	0.0	0.0	0.0	0.0	0.04512635379061372	0.0	0.0	0.0	0.0	0.0	0.0	0.0	0.0	0.0	0.0
Ezakiella sp900540185	0.0	0.0	0.0	0.0	0.022127349403863177	0.0	0.0	0.0	0.0	0.0	0.0	0.0041920372252905605	0.0	0.0	0.0	0.0	0.0	0.0	0.023191660767033665	0.0	0.0	0.0	0.0	0.0	0.0	0.0	0.0	0.0	0.0	0.0	0.0	0.0	0.0	0.0	0.033062014893650515	0.0	0.0	0.0	0.0	0.0	0.0	0.0	0.0	0.0	0.015926948396687193	0.0	0.0	0.0	0.004058661182964446	0.0	0.03173819515463554	0.0	0.0	0.0	0.0
Pauljensenia turicensis	0.0	0.0	0.0	0.0	0.03384182850002603	0.0	0.0	0.0	0.0	0.0	0.0	0.0	0.0	0.0	0.0	0.0	0.0	0.0	0.018309205868710786	0.0	0.0	0.0	0.002392115587025165	0.0	0.0	0.0	0.0	0.0	0.0	0.0	0.0	0.0	0.0	0.0	0.014169434954421651	0.0	0.0	0.0	0.0	0.0	0.0	0.027585482154820238	0.0	0.0	0.007963474198343597	0.0	0.0	0.0	0.0	0.0	0.0	0.0	0.0	0.0	0.0
Stomatobaculum sp002892395	0.0	0.0	0.0	0.0	0.003904826365387619	0.0	0.0	0.0	0.0	0.0	0.0	0.0	0.0	0.0	0.0	0.0	0.0	0.0	0.05248639015697093	0.0	0.0	0.0	0.0	0.0	0.0	0.0038927167270037762	0.0	0.0	0.0	0.0	0.0	0.0	0.0	0.0	0.0	0.0	0.0	0.0	0.0	0.0	0.0	0.0	0.0	0.0	0.0	0.0	0.0	0.0	0.0	0.0	0.0	0.0	0.04605601119515349	0.0	0.0
Dorea A longicatena	0.0	0.01793802412664245	1.13314447592068	0.0	0.0	0.0	0.0	0.0	0.0	0.0	0.0	0.0	0.0	0.0	0.0049511486664906255	0.019436345966958212	0.009389495032957128	0.0	0.0	0.0	0.0	0.0044249745563963005	0.0	0.0	0.0	0.0077854334540075525	0.0	0.0	0.0064417573113945475	0.0	0.0	0.0	0.0	0.01051690592627649	0.0	0.0	0.012875978574371652	0.0	0.0	0.0	0.0	0.0	0.0	0.014282653717060629	0.0	0.0	0.00605884348795502	0.0	0.0	0.0	0.014105864513171352	0.0	0.0	0.0	0.0
Parabacteroides (genus)	0.0	0.0	0.0	0.008580253975517675	0.0	0.946969696969697	0.005994005994005994	0.0	0.0	1.0	0.009638089730615392	0.0041920372252905605	0.010648493238206793	0.0	0.0	0.024295432458697763	0.0	0.0	0.0	0.003935510107701793	0.0	0.0	0.0	0.0	0.0	0.0038927167270037762	0.007957348611442667	0.010893138313148018	0.0027607531334548066	0.0	0.011933303680881762	0.011277135607555682	0.0	0.0	0.004723144984807217	0.00804462083020487	0.0	0.003290014805066623	0.0	0.026096033402922752	0.07955449482895784	0.0	0.0	0.0	0.007963474198343597	0.33140016570008285	0.0	0.0	0.0	0.0	0.0	0.004357488343718681	0.0	0.0	0.0
Varibaculum massiliense	0.0	0.0	0.0	0.0	0.08590618003852762	0.0	0.0	0.0	0.0	0.0	0.0	0.0	0.0	0.0	0.0	0.0	0.0	0.0	0.0	0.0	0.0	0.0	0.0	0.0	0.0	0.0	0.0	0.009902853011952744	0.0018405020889698711	0.0	0.0	0.0	0.0	0.0	0.026764488247240894	0.0	0.0	0.0	0.0	0.0	0.0	0.0052543775532990925	0.0	0.0	0.0	0.0	0.0	0.0	0.0	0.0	0.0	0.0	0.0	0.0	0.0
Staphylococcus hominis	0.0	0.0	0.0	0.0	0.0	0.0	0.0	0.0	0.0	0.0	0.0	0.0	0.0	0.0	0.0	0.0	0.0	0.0	0.009764909796645753	0.0	0.0	0.05973715651135006	0.0	0.0	0.0	0.0	0.014323227500596801	0.0	0.0	0.0	0.0	0.0	0.0	0.0	0.0	0.05094926525796418	0.0	0.0	0.0	0.0	0.0	0.0	0.0	0.0	0.0	0.0	0.0	0.0	0.0	0.0	0.0	0.0	0.0	0.0	0.0
Dialister (genus)	0.0	0.01345351809498184	0.0	0.0	0.06377883063466444	0.0	0.015984015984015984	0.0	0.0	0.0	0.0	0.007336065144258481	0.0	0.0	0.0049511486664906255	0.0	0.0	0.0	0.007323682347484315	0.0	0.0	0.0	0.0	0.0	0.006239938099814051	0.02076115587735347	0.0	0.0	0.0	0.0	0.0	0.0	0.0	0.0	0.0	0.0	0.0	0.0	0.03496503496503497	0.0	0.0	0.0	0.0	0.0	0.0	0.0	0.0	0.0	0.0	0.0	0.0	0.0	0.0	0.0	0.0
Corynebacterium tuscaniense	0.0	0.0	0.0	0.0	0.0	0.0	0.0	0.0	0.0	0.0	0.0	0.0	0.0	0.0	0.0	0.0	0.0	0.0	0.018309205868710786	0.0	0.0	0.0	0.0035881733805377476	0.0	0.0	0.0	0.0	0.0	0.0	0.0	0.0	0.0	0.0	0.0	0.06769841144890344	0.0	0.0	0.0	0.0	0.0	0.0	0.0	0.0	0.0	0.0	0.0	0.0	0.0	0.0	0.0	0.0	0.0	0.0	0.0	0.0
Urinicoccus massiliensis	0.0	0.0	0.0	0.0	0.08330296246160254	0.0	0.0	0.0	0.0	0.0	0.0	0.0	0.0	0.0	0.0	0.0	0.0	0.0	0.009764909796645753	0.0	0.0	0.0	0.0	0.0	0.0	0.0	0.0	0.0	0.0	0.0	0.0	0.0	0.0	0.0	0.04723144984807217	0.0	0.0	0.0	0.0	0.0	0.0	0.0	0.0	0.0	0.0	0.0	0.0	0.0	0.0	0.0	0.024685262898049863	0.0	0.0	0.0	0.0
Granulicatella elegans	0.0	0.0	0.0	0.0	0.06768365700005206	0.0	0.0	0.0	0.0	0.0	0.0	0.0	0.0	0.0	0.0	0.0	0.0	0.0	0.0	0.0	0.0	0.0	0.0	0.0	0.0	0.0	0.0	0.0	0.0	0.0	0.0	0.0	0.0	0.0	0.0	0.0	0.0	0.0	0.0	0.0	0.0	0.007881566329948637	0.0	0.0	0.0	0.0	0.0	0.0	0.0	0.0	0.0	0.0	0.0	0.0	0.0
Enterocloster clostridioformis	0.0	0.0	0.0	0.0	0.0	0.946969696969697	0.0	0.0	0.0	0.0	0.012850786307487188	0.0	0.0	0.0	0.0	0.0	0.0	0.008353957165084636	0.0	0.0	0.0	0.0	0.005980288967562913	0.0	0.0	0.0	0.0	0.004951426505976372	0.0	0.0	0.005424228945855347	0.0	0.0	0.0	0.012595053292819246	0.0	0.0	0.0	0.0	0.03479471120389701	0.10607265977194379	0.0	0.01403607270685662	0.0	0.0	0.0	0.0	0.0	0.0	0.0	0.0	0.0	0.0	0.0	0.0
Romboutsia (genus)	0.0	0.01793802412664245	0.84985835694051	0.0	0.0	0.0	0.0	0.0	0.0	0.0	0.004819044865307696	0.0	0.0	0.0	0.0	0.009718172983479106	0.0	0.0	0.0036618411737421577	0.0	0.0	0.0	0.0	0.0	0.0	0.0	0.0	0.002970855903585823	0.008282259400364419	0.0	0.007593920524197485	0.0	0.0	0.009202292685491928	0.00787190830801203	0.0	0.0	0.0	0.023310023310023312	0.0	0.0	0.0	0.0	0.0	0.0	0.24855012427506215	0.0	0.0	0.0	0.0	0.014105864513171352	0.0	0.0	0.0	0.0
Mediterraneibacter faecis	0.0	0.0	1.13314447592068	0.0	0.0	0.0	0.013986013986013986	0.0	0.0	0.0	0.0	0.0	0.0	0.0	0.0	0.014577259475218658	0.0	0.009398201810720217	0.009764909796645753	0.0052473468102690575	0.0	0.0	0.0	0.0	0.0	0.0	0.0	0.0	0.0	0.0	0.010848457891710694	0.0	0.0	0.0	0.0	0.0	0.0	0.0	0.0	0.06958942240779402	0.0	0.0	0.0	0.0	0.0	0.0	0.0	0.0	0.0	0.0	0.0	0.0	0.0	0.0	0.0
Eggerthella lenta	0.0	0.0	0.0	0.0	0.0	0.0	0.0	0.0	0.0	0.0	0.009638089730615392	0.0	0.0	0.0	0.003300765777660417	0.0	0.0	0.009398201810720217	0.0	0.0052473468102690575	0.0	0.0	0.0	0.0	0.0	0.0064878612116729606	0.012731757778308267	0.0	0.0	0.0	0.006509074735026416	0.0	0.0	0.0	0.0	0.0	0.010300782859497322	0.0	0.0	0.06089074460681977	0.0	0.0052543775532990925	0.0	0.0	0.0	0.0	0.0036353060927730115	0.014646189898313594	0.0	0.01955722443870766	0.021158796769757026	0.0	0.0	0.0	0.0
Saccharimonadales (genus)	0.0	0.0	0.0	0.0	0.0	0.0	0.0	0.0	0.0	0.0	0.0	0.0	0.07879884996273027	0.0	0.0	0.0	0.0	0.0	0.0	0.0	0.0	0.0	0.0	0.0	0.0	0.0	0.0	0.0	0.0	0.0	0.0	0.0	0.0	0.0	0.0834422280649275	0.0	0.0	0.0	0.0	0.0	0.0	0.0	0.0	0.0	0.0	0.0	0.0	0.0	0.0	0.0	0.0	0.0	0.0	0.0	0.0
Corynebacterium (genus)	0.0	0.0	0.0	0.0	0.0	0.0	0.0	0.0	0.0	0.0	0.0	0.0	0.0	0.0	0.0	0.0	0.0	0.0	0.01708859214413007	0.0	0.0	0.0	0.0	0.0	0.0	0.0	0.0	0.0	0.0	0.0	0.0	0.02537355511700028	0.0	0.0	0.045657068186469765	0.0	0.0	0.0	0.0	0.0	0.0	0.0	0.0	0.0	0.0	0.0	0.0	0.0	0.0	0.0	0.0	0.0	0.0	0.0	0.0
Ureaplasma parvum	0.0	0.0	0.0	0.0	0.0	0.0	0.0	0.0	0.0	0.0	0.019276179461230784	0.0	0.0	0.0	0.0	0.0	0.011267394039548554	0.0	0.0	0.0	0.0	0.0663746183459445	0.0	0.018099547511312215	0.0	0.0	0.0	0.0	0.0	0.0	0.0	0.0	0.0	0.0	0.0	0.0	0.015451174289245981	0.02303010363546636	0.0	0.0	0.0	0.0	0.0	0.0	0.0	0.0	0.0	0.0	0.0	0.0	0.0	0.0	0.0	0.0	0.0
Campylobacter (genus)	0.0	0.0	0.0	0.0	0.014317696673087936	0.0	0.0	0.0	0.0	0.0	0.0	0.018864167513807522	0.004259397295282717	0.0	0.0	0.0	0.0	0.0	0.0	0.0	0.0	0.0	0.0	0.0	0.0	0.0	0.0	0.0	0.0	0.0	0.0	0.0	0.0	0.0	0.045657068186469765	0.0	0.0	0.0	0.0	0.0	0.0	0.0	0.004678690902285541	0.0	0.0	0.0	0.0	0.0	0.0	0.0	0.021158796769757026	0.0	0.0	0.0	0.0
Porphyromonas (genus)	0.0	0.0	0.0	0.0	0.02473056698078825	0.0	0.0	0.0	0.0	0.0	0.0	0.012576111675871682	0.0	0.0	0.0	0.0	0.0	0.0	0.021971047042452944	0.0	0.0	0.0	0.0	0.0	0.0	0.0	0.0	0.0	0.0	0.0	0.0	0.0	0.0	0.0	0.00787190830801203	0.0	0.0	0.0	0.0	0.0	0.0	0.0	0.0	0.0	0.055744319388405184	0.0	0.0	0.0	0.0	0.0	0.010579398384878513	0.0	0.0	0.0	0.0
Lawsonella clevelandensis	0.0	0.0	0.0	0.0	0.007809652730775238	0.0	0.0	0.0	0.0	0.0	0.0	0.0	0.0063890959429240765	0.0	0.0	0.0	0.0	0.0	0.01342675097038791	0.0	0.0	0.0	0.0	0.018099547511312215	0.0	0.0	0.0	0.0	0.0	0.0	0.0	0.0	0.0	0.0	0.009446289969614434	0.0	0.0	0.0	0.0	0.0	0.0	0.04203502042639274	0.0	0.0071413268585303145	0.0	0.0	0.0	0.0	0.0	0.0	0.0	0.0	0.0	0.0	0.0
Corynebacterium kefirresidentii	0.0	0.0	0.0	0.0	0.0	0.0	0.013986013986013986	0.0	0.0	0.0	0.0	0.0	0.0	0.0	0.0	0.0	0.0	0.0	0.018309205868710786	0.0	0.0	0.006637461834594452	0.0	0.0	0.0	0.0	0.0	0.0	0.0	0.0	0.008678766313368554	0.0	0.013146074801165619	0.0	0.0	0.0	0.0	0.0	0.0	0.026096033402922752	0.0	0.0	0.0	0.0	0.0	0.0	0.0	0.0	0.0	0.0	0.0	0.006536232515578021	0.0	0.0	0.0
Berryella sp900604965	0.0	0.0	0.0	0.0	0.0	0.0	0.0	0.0	0.0	0.0	0.0	0.0	0.0	0.0	0.0	0.0	0.0	0.0	0.0	0.0	0.0	0.0	0.0	0.0	0.0	0.0	0.0	0.0	0.0	0.0	0.0	0.0	0.0	0.0	0.009446289969614434	0.0	0.0	0.0	0.0	0.0	0.0	0.04203502042639274	0.0	0.0	0.010617965597791464	0.0	0.0	0.0	0.0	0.0	0.0	0.0	0.0	0.0	0.0
Klebsiella pneumoniae	0.0	0.0672675904749092	0.0	0.0	0.0	0.0	0.0	0.0	0.0	0.0	0.0	0.006288055837935841	0.0	0.0	0.0	0.0	0.0	0.0	0.0	0.014430203728239908	0.0	0.0	0.0	0.0	0.0	0.010380577938676736	0.0	0.0	0.013803765667274034	0.018909251351223587	0.011933303680881762	0.0	0.010955062334304683	0.018404585370983856	0.0	0.0	0.0	0.0	0.0	0.0	0.0	0.0	0.0	0.0	0.0	0.0	0.0	0.0	0.0	0.0	0.0	0.0	0.0	0.0	0.0
Collinsella sp900549355	0.014545454545454545	0.0	0.0	0.0	0.0	0.946969696969697	0.0	0.0	0.0	0.0	0.004819044865307696	0.0	0.0	0.004595060310166571	0.0	0.0	0.0	0.0	0.0	0.0	0.0	0.0	0.005980288967562913	0.0	0.00499195047985124	0.0	0.004774409166865601	0.0	0.0036810041779397422	0.0	0.004339383156684277	0.0	0.0	0.0	0.0	0.0	0.007725587144622991	0.0	0.0	0.0	0.0	0.0	0.0	0.0	0.0	0.0	0.0	0.0	0.005411548243952595	0.0	0.0	0.0	0.0	0.0	0.0
Blautia A obeum	0.0	0.0	0.0	0.0	0.0	0.0	0.011988011988011988	0.0	0.0	0.0	0.0	0.0	0.0	0.0	0.0	0.0	0.0	0.0	0.0	0.0	0.0	0.0	0.0	0.0	0.0	0.0	0.0	0.009902853011952744	0.0	0.0	0.008678766313368554	0.0	0.0	0.0	0.0	0.0	0.0	0.0	0.0	0.0	0.0	0.0	0.0	0.0	0.0	0.9113504556752278	0.0	0.0	0.0	0.01955722443870766	0.0	0.0	0.0	0.0	0.0
Facklamia hominis	0.0	0.0	0.0	0.0	0.0	0.0	0.005994005994005994	0.0	0.0	0.0	0.0	0.0	0.0	0.0	0.0	0.0	0.0	0.0	0.04272148036032517	0.0	0.0	0.0	0.0	0.0	0.0	0.0	0.0	0.0	0.0	0.0	0.0	0.0	0.0	0.0	0.0	0.0	0.0	0.0	0.0	0.0	0.0	0.0	0.0	0.0	0.0	0.0	0.0	0.0	0.0	0.0	0.0	0.0	0.0	0.0	0.0
W5053 (genus)	0.0	0.0	0.0	0.0	0.0	0.0	0.0	0.0	0.0	0.0	0.0	0.0041920372252905605	0.0	0.0	0.0	0.0	0.0	0.0	0.007323682347484315	0.0	0.0	0.0	0.0	0.0	0.0	0.0	0.0	0.0	0.0	0.0	0.0	0.0	0.0	0.0	0.006297526646409623	0.0	0.0	0.0	0.0	0.0	0.0	0.0	0.0	0.0	0.1327245699723933	0.0	0.0	0.0	0.0	0.0	0.0	0.0	0.0	0.0	0.0
Bulleidia (genus)	0.0	0.0	0.0	0.0	0.0	0.0	0.0	0.0	0.0	0.0	0.0	0.0041920372252905605	0.0063890959429240765	0.0	0.0	0.0	0.009389495032957128	0.0	0.0	0.0	0.0	0.0	0.007176346761075495	0.0	0.0	0.0	0.0	0.0	0.0	0.0	0.0	0.0	0.0	0.0	0.0	0.0	0.0	0.0	0.0	0.0	0.0	0.0	0.0	0.0	0.007963474198343597	0.0	0.0	0.0	0.0	0.0	0.01763233064146419	0.0	0.019485235505641862	0.0	0.0
Fastidiosipila (genus)	0.0	0.0	0.0	0.0	0.0	0.0	0.0	0.0	0.0	0.0	0.0	0.0041920372252905605	0.0	0.0	0.0	0.0	0.0	0.0	0.0	0.0	0.0	0.0	0.0	0.0	0.0	0.0	0.0	0.0	0.0	0.0	0.0	0.0	0.0	0.0	0.0	0.0	0.0	0.0	0.0	0.0	0.0	0.0	0.0	0.0	0.13537906137184114	0.0	0.0	0.0	0.0	0.0	0.0	0.0	0.0	0.0	0.0
Furfurilactobacillus (genus)	0.0	0.0	0.0	0.0	0.0	0.0	0.0	0.0	0.0	0.0	0.0	0.0	0.0	0.0	0.0	0.0	0.0	0.0	0.0	0.0	0.0	0.0	0.0	0.0	0.0	0.0	0.0	0.0	0.0	0.0	0.0	0.0	0.0	0.0	0.0	0.0	0.0	0.0	0.0	0.0	0.0	0.0	0.0	0.0	0.0	0.0	0.04483544181086714	0.0	0.0	0.0	0.0	0.0	0.0	0.0	0.0
Alistipes (genus)	0.019393939393939394	0.0	0.0	0.0	0.005206435153850159	0.0	0.0	0.01512516070483249	0.0	1.0	0.0	0.0031440279189679206	0.012778191885848153	0.0068925904652498565	0.0	0.009718172983479106	0.0	0.0	0.0061030686229035964	0.0	0.0	0.0	0.0	0.0	0.0	0.0	0.0	0.0	0.0027607531334548066	0.0	0.004339383156684277	0.0	0.010955062334304683	0.0	0.0	0.013407701383674782	0.015451174289245981	0.003290014805066623	0.0	0.026096033402922752	0.05303632988597189	0.0	0.0	0.0	0.005308982798895732	0.33140016570008285	0.0	0.0	0.00947020942691704	0.0	0.0	0.004357488343718681	0.0	0.0	0.0
Peptoniphilus sp900343085	0.0	0.0	0.0	0.0	0.0	0.0	0.0	0.0	0.0	0.0	0.0	0.0	0.0	0.0	0.0	0.0	0.0	0.0	0.0	0.0	0.0	0.0	0.0	0.0	0.0	0.0	0.0	0.0	0.0	0.0	0.0	0.0	0.0	0.0	0.0	0.0	0.0	0.0	0.0	0.0	0.0	0.045975803591367055	0.0	0.0	0.0	0.0	0.0	0.0	0.0	0.0	0.0	0.0	0.0	0.0	0.0
Levyella massiliensis	0.0	0.0	0.0	0.0	0.007809652730775238	0.0	0.0	0.0	0.0	0.0	0.0	0.0	0.0	0.0	0.0	0.0	0.0	0.0	0.021971047042452944	0.0	0.0	0.0	0.0	0.0	0.0	0.0	0.0	0.0	0.0	0.0	0.0	0.0	0.0	0.0	0.0	0.0	0.0	0.0	0.0	0.0	0.0	0.0	0.0	0.0	0.023890422595030793	0.0	0.0	0.0	0.0	0.0	0.0	0.0	0.0	0.0	0.0
Collinsella intestinalis	0.0	0.0	0.0	0.0	0.0	0.946969696969697	0.0	0.0	0.0	0.0	0.0	0.0	0.008518794590565435	0.0	0.0	0.0	0.0	0.005221223228177897	0.0	0.0	0.0	0.0	0.0	0.0	0.0	0.0077854334540075525	0.0	0.0	0.0018405020889698711	0.0	0.0	0.0	0.0	0.0	0.0	0.0	0.0	0.0	0.0	0.043493389004871263	0.0	0.0	0.0	0.0	0.0	0.16570008285004142	0.0	0.0	0.004058661182964446	0.0	0.0	0.0	0.0	0.0	0.0
Staphylococcus pasteuri	0.0	0.0	0.0	0.0	0.0	0.0	0.0	0.0	0.0	0.0	0.0	0.0	0.0	0.0	0.0	0.0	0.028168485098871383	0.0	0.0	0.0	0.039667724472652606	0.0	0.0	0.0	0.0	0.0	0.0	0.0	0.0	0.0	0.0	0.0	0.0	0.0	0.0	0.0	0.0	0.0	0.0	0.0	0.0	0.0	0.0	0.0	0.0	0.0	0.0	0.0	0.0	0.0	0.0	0.0	0.0	0.0	0.0
Blautia A faecis	0.048484848484848485	0.0	0.0	0.0	0.0	0.0	0.0	0.0	0.0	0.0	0.0	0.0	0.01916728782877223	0.0	0.0	0.0	0.0	0.0	0.0	0.0	0.0	0.0	0.0	0.0	0.0	0.0	0.0	0.003961141204781098	0.0	0.0	0.0	0.0	0.0	0.0	0.0	0.0	0.0	0.0	0.0	0.0	0.0	0.0	0.0	0.0	0.0	0.4142502071251036	0.0	0.006276938527848684	0.0	0.0	0.0	0.0	0.0	0.0	0.0
Salmonella enterica	0.0	0.0	0.0	0.0	0.0	0.0	0.023976023976023976	0.0	0.0	0.0	0.0	0.0	0.0	0.0	0.0	0.0	0.0	0.0	0.0	0.0	0.0	0.0	0.0	0.0	0.0	0.0	0.0	0.0	0.0	0.0	0.0	0.0	0.026292149602331238	0.0	0.0	0.0	0.0	0.0	0.0	0.06089074460681977	0.0	0.0	0.0	0.0	0.0	0.0	0.0	0.0	0.0	0.0	0.0	0.0	0.0	0.0	0.0
Erysipelatoclostridium (genus)	0.02909090909090909	0.0	0.0	0.0	0.0	0.0	0.0	0.0	0.0	0.0	0.0	0.0	0.0	0.004595060310166571	0.0	0.0	0.0	0.0	0.007323682347484315	0.0	0.0	0.0	0.0	0.0	0.0	0.0	0.0	0.003961141204781098	0.0027607531334548066	0.0	0.0021696915783421386	0.0	0.0	0.0	0.0	0.0	0.007725587144622991	0.0	0.0	0.0	0.0	0.0052543775532990925	0.0	0.0	0.0	0.0	0.0	0.0	0.0	0.0	0.0	0.0	0.0	0.0	0.0
[Eubacterium]_coprostanoligenes_group (genus)	0.0	0.0	0.0	0.005720169317011784	0.003904826365387619	0.3787878787878788	0.005994005994005994	0.0	0.0	0.0	0.014457134595923087	0.0	0.0	0.0	0.0	0.007288629737609329	0.0	0.004176978582542318	0.0	0.0	0.0	0.0	0.0	0.0	0.00499195047985124	0.005190288969338368	0.009548818333731201	0.003961141204781098	0.0	0.0	0.0	0.0	0.0065730374005828094	0.0	0.0	0.0	0.005150391429748661	0.0	0.0	0.0	0.05303632988597189	0.0	0.0	0.0	0.0	0.0	0.0	0.004184625685232456	0.0	0.007822889775483064	0.0	0.0	0.0	0.0	0.0
Ruminococcus gnavus	0.014545454545454545	0.0	0.0	0.0	0.0	0.0	0.0	0.0	0.0	2.666666666666667	0.0	0.0	0.0	0.0	0.0	0.0	0.0	0.005221223228177897	0.0	0.0	0.0	0.0	0.0	0.0	0.0	0.0	0.0	0.00891256771075747	0.0	0.0	0.0	0.0	0.0	0.0	0.0	0.0	0.0	0.0	0.0	0.0	0.0	0.0	0.0	0.0	0.0	0.0	0.0	0.0	0.005411548243952595	0.0	0.0	0.0	0.0	0.0	0.0
Anaerostipes hadrus	0.024242424242424242	0.0	1.13314447592068	0.0	0.0	0.0	0.0	0.0	0.0	0.0	0.0	0.0	0.0	0.0	0.0	0.0	0.0	0.0	0.0	0.0052473468102690575	0.0	0.008849949112792601	0.0	0.0	0.0	0.0	0.0031829394445770666	0.0	0.005521506266909613	0.0	0.0	0.0	0.0	0.0	0.0	0.0	0.012875978574371652	0.003290014805066623	0.03496503496503497	0.0	0.0	0.0	0.011696727255713852	0.0	0.0	0.0	0.0	0.0	0.0	0.0	0.014105864513171352	0.0	0.0	0.0	0.0
Megamonas funiformis	0.0	0.0	0.0	0.011440338634023568	0.0	0.3787878787878788	0.0	0.0	0.0	0.0	0.0	0.0052400465316132004	0.0	0.0	0.0	0.0	0.0	0.0	0.0024412274491614383	0.0	0.0	0.0	0.0	0.0	0.0	0.0064878612116729606	0.0	0.0	0.0	0.0	0.0	0.0	0.0	0.0	0.0	0.0	0.0	0.006580029610133246	0.0	0.0	0.0	0.0	0.009357381804571081	0.0071413268585303145	0.0	0.0	0.0	0.0	0.0	0.0	0.0	0.0	0.0	0.0	0.0
Hungatella hathewayi	0.0	0.0	0.0	0.0	0.0	0.0	0.0	0.0	0.0	0.0	0.01124443801905129	0.0	0.0	0.0	0.0	0.0	0.0	0.008353957165084636	0.0	0.0	0.0	0.0	0.005980288967562913	0.0	0.0	0.0	0.0	0.0	0.0	0.0	0.0	0.0	0.0	0.0	0.0	0.0	0.0	0.0	0.0	0.0	0.0	0.011822349494922958	0.0	0.0	0.0	0.0	0.0	0.0	0.0	0.0	0.0	0.0	0.0	0.0	0.0
Anaerococcus rubeinfantis	0.0	0.0	0.0	0.0	0.0	0.0	0.0	0.0	0.0	0.0	0.0	0.0	0.0	0.0	0.0	0.0	0.0	0.0	0.0	0.0	0.0	0.0	0.0	0.0	0.0	0.0	0.0	0.0	0.0	0.0	0.0	0.0	0.06353936153896715	0.0	0.0	0.0	0.0	0.0	0.0	0.0	0.0	0.0	0.0	0.0	0.0	0.0	0.0	0.0	0.0	0.0	0.0	0.0	0.0	0.0	0.0
Clostridia_UCG-014 (genus)	0.0	0.0	0.0	0.0	0.0	0.0	0.0	0.0	0.0	0.0	0.0	0.007336065144258481	0.0	0.0	0.0	0.0	0.0	0.002088489291271159	0.03417718428826014	0.0	0.0	0.0	0.0	0.0	0.00249597523992562	0.0	0.0	0.0	0.0	0.0	0.0	0.0	0.0	0.0	0.0	0.0	0.0	0.0	0.0	0.0	0.0	0.0026271887766495462	0.0	0.0	0.04778084519006159	0.0	0.0036353060927730115	0.0	0.0	0.0	0.014105864513171352	0.0	0.0	0.0	0.032133676092544985
Falseniella ignava	0.0	0.0	0.0	0.0	0.0	0.0	0.0	0.0	0.0	0.0	0.0	0.0	0.0	0.0	0.0	0.0	0.0	0.0	0.012206137245807193	0.0	0.0	0.0	0.0	0.0	0.0	0.0	0.0	0.0	0.0	0.0	0.0	0.0	0.0	0.0	0.028338869908843302	0.0	0.0	0.0	0.0	0.0	0.0	0.0	0.0	0.0	0.0	0.0	0.0	0.0	0.0	0.0	0.0	0.0	0.0	0.0	0.0
Klebsiella michiganensis	0.0	0.0	0.0	0.0	0.0	0.0	0.0	0.0	0.0	0.0	0.0	0.0	0.0	0.0	0.0	0.0	0.0	0.0	0.0	0.0	0.0	0.0	0.0	0.0	0.0	0.0	0.0	0.0	0.0	0.006303083783741195	0.007593920524197485	0.0	0.0	0.0	0.0	0.0	0.0	0.0	0.09324009324009325	0.0	0.0	0.01313594388324773	0.0	0.0	0.0	0.0	0.0	0.0	0.0	0.0	0.03526466128292838	0.01525120920301538	0.0	0.0	0.0
Bacteroides fragilis	0.03878787878787879	0.0	0.0	0.0	0.0	0.0	0.0	0.0	0.0	0.0	0.008031741442179493	0.0	0.012778191885848153	0.0	0.0	0.0	0.0	0.0	0.0	0.0	0.0	0.0	0.0	0.0	0.0	0.0	0.020689106389750935	0.0	0.0	0.0	0.005424228945855347	0.0	0.0	0.0	0.0	0.0	0.0	0.0	0.0	0.0	0.0	0.0	0.0	0.0071413268585303145	0.0	0.0	0.0	0.012553877055697368	0.0	0.0	0.0	0.0	0.0	0.0	0.0
Prevotella corporis	0.0	0.0	0.0	0.0	0.02863539334617587	0.0	0.0	0.0	0.0	0.0	0.0	0.0	0.0	0.0	0.0	0.0	0.0	0.004176978582542318	0.0	0.0	0.0	0.0	0.0	0.0	0.0	0.0	0.0	0.0	0.0	0.0	0.0	0.0	0.0	0.0	0.0	0.0	0.0	0.0	0.0	0.0	0.0	0.0	0.0	0.0	0.0	0.0	0.0	0.0	0.0	0.0	0.04231759353951405	0.0	0.0	0.0	0.0
Citrobacter freundii	0.0	0.0	0.0	0.0	0.0	2.462121212121212	0.0	0.04537548211449747	0.0	3.6666666666666665	0.03212696576871797	0.0	0.06602065807688212	0.0	0.0	0.0	0.018778990065914256	0.009398201810720217	0.004882454898322877	0.0	0.0	0.0	0.010764520141613243	0.027149321266968326	0.0	0.0	0.006365878889154133	0.0	0.0	0.007878854729676494	0.0	0.022554271215111363	0.0	0.0	0.0	0.0	0.0	0.0	0.0	0.0	0.0	0.0	0.0	0.0	0.0	0.0	0.0	0.0	0.0	0.03911444887741532	0.0	0.0	0.0	0.0	0.0
Proteus (genus)	0.0	0.0	0.0	0.0	0.0	0.0	0.0	0.0	0.0	0.0	0.0	0.0	0.0	0.0	0.0	0.0	0.0	0.013575180393262535	0.0	0.0	0.0	0.0	0.0	0.0	0.0	0.0	0.0	0.0	0.0	0.0	0.0	0.0	0.0	0.0	0.0	0.0	0.0	0.0	0.0	0.0	0.0	0.0	0.0	0.0	0.0	0.0	0.0	0.0	0.0	0.0	0.0	0.0	0.0	0.0	0.13924592973436162
Mediannikoviicoccus vaginalis	0.0	0.0	0.0	0.0	0.011714479096162857	0.0	0.0	0.0	0.0	0.0	0.0	0.0	0.0	0.0	0.0	0.0	0.0	0.0	0.0	0.0	0.0	0.0	0.0	0.0	0.0	0.0	0.0	0.0	0.0	0.0	0.0	0.0	0.0	0.0	0.040933923201662545	0.0	0.0	0.0	0.0	0.0	0.0	0.0	0.0	0.0	0.0	0.0	0.0	0.0	0.0	0.0	0.0	0.0	0.0	0.0	0.0
Corynebacterium sanguinis	0.0	0.0	0.0	0.0	0.0	0.0	0.0	0.0	0.0	0.0	0.0	0.0	0.0	0.0	0.0	0.0	0.0	0.0	0.0	0.0	0.0	0.0	0.0	0.0	0.0	0.0	0.0	0.0	0.0	0.0	0.0	0.0	0.0	0.0	0.03935954154006014	0.0	0.0	0.0	0.0	0.0	0.0	0.0	0.0	0.0	0.0	0.0	0.0	0.0	0.0	0.0	0.0	0.0	0.0	0.0	0.0
Fusobacterium animalis	0.0	0.0	0.0	0.0	0.019524131826938095	0.0	0.0	0.0	0.0	0.0	0.0	0.0	0.0	0.0	0.0	0.0	0.0	0.0	0.0	0.0	0.0	0.0	0.0	0.0	0.0	0.0	0.0	0.0	0.0	0.0	0.0	0.0	0.0	0.0	0.0	0.0	0.0	0.0	0.0	0.0	0.0	0.0	0.02105410906028493	0.0	0.018581439796135062	0.0	0.0	0.0	0.0	0.0	0.010579398384878513	0.0	0.0	0.0	0.0
Bacteroidia (class)	0.0	0.0	0.0	0.0	0.0	0.0	0.0	0.0	0.0	0.0	0.0	0.02200819543277544	0.0	0.0	0.0	0.0	0.0	0.0	0.0036618411737421577	0.0	0.0	0.0	0.0	0.0	0.0	0.0	0.0	0.0	0.0	0.0	0.0	0.0	0.0	0.0	0.0	0.0	0.0	0.0	0.0	0.0	0.0	0.0	0.0	0.0	0.0	0.0	0.0	0.0	0.0	0.0	0.0	0.0	0.0	0.0	0.0
Atopobium (genus)	0.0	0.0	0.0	0.0	0.0	0.0	0.0	0.0	0.0	0.0	0.009638089730615392	0.0	0.0	0.0	0.0	0.0	0.0	0.0	0.0	0.0	0.0	0.0	0.0	0.0	0.0	0.0	0.0	0.0	0.0	0.0	0.0	0.0	0.0	0.0	0.0	0.0	0.0	0.0	0.0	0.0	0.0	0.0	0.05614429082742648	0.0	0.0	0.0	0.0	0.0	0.0	0.0	0.0	0.0	0.015942465413706978	0.0	0.0
Ligilactobacillus (genus)	0.0	0.01345351809498184	0.0	0.0	0.0	0.0	0.01998001998001998	0.0	0.0	0.0	0.0	0.0	0.0063890959429240765	0.0	0.0	0.0	0.0	0.0	0.0	0.0026236734051345288	0.0	0.0	0.0	0.0	0.0	0.0064878612116729606	0.0	0.006931997108366921	0.0	0.0	0.0	0.0	0.0	0.0	0.0	0.0	0.0	0.0	0.0	0.0	0.0	0.0	0.009357381804571081	0.0	0.0	0.0	0.0	0.0	0.0	0.0	0.0	0.0	0.0	0.0	0.0
Corynebacterium amycolatum	0.0	0.0	0.0	0.0	0.010412870307700318	0.0	0.0	0.0	0.0	0.0	0.0	0.0	0.0	0.0	0.0	0.0	0.0	0.0	0.0	0.0	0.0	0.0	0.0	0.0	0.0	0.0	0.0	0.0	0.0	0.0	0.0	0.0	0.0	0.0	0.020466961600831272	0.0	0.0	0.0	0.0	0.0	0.0	0.0	0.0	0.0	0.0	0.0	0.0	0.004184625685232456	0.0	0.0	0.0	0.0	0.0	0.0	0.0
Anaerobutyricum soehngenii	0.0	0.0	1.41643059490085	0.0	0.0	0.946969696969697	0.0	0.0	0.03620752081932447	0.0	0.006425393153743594	0.0	0.0	0.0	0.0	0.007288629737609329	0.0	0.0	0.0	0.0	0.0	0.0	0.0	0.0	0.0	0.0	0.007957348611442667	0.0	0.0	0.0	0.0	0.0	0.0	0.0	0.0	0.0	0.0	0.0	0.0	0.0	0.0	0.0	0.0	0.0	0.0	0.0	0.0	0.0	0.0	0.01955722443870766	0.0	0.0	0.0	0.0	0.0
Streptococcus equinus	0.0	0.0	0.0	0.0	0.0	0.0	0.0	0.0	0.02586251487094605	0.0	0.0	0.0	0.0	0.0068925904652498565	0.0	0.0	0.0	0.004176978582542318	0.0	0.006559183512836323	0.0	0.0	0.0	0.0	0.0	0.0	0.0	0.0	0.0	0.0	0.0	0.0	0.0	0.0	0.0	0.0	0.0	0.0	0.0	0.0	0.0	0.0	0.0	0.0	0.0	0.0	0.0	0.0	0.0	0.0	0.0	0.0	0.0	1.9230769230769231	0.0
Staphylococcus warneri	0.0	0.0	0.0	0.0	0.0	0.0	0.0	0.0	0.0	0.0	0.0	0.0	0.0	0.0	0.0	0.0	0.0	0.0	0.0	0.0	0.0	0.0	0.0	0.0	0.0	0.0	0.0	0.0	0.0	0.0	0.0	0.0	0.0	0.0	0.0	0.0	0.0	0.0	0.0	0.0	0.21214531954388757	0.0	0.0	0.0	0.0	0.0	0.0	0.0	0.013528870609881487	0.01564577955096613	0.0	0.0	0.0	0.0	0.0
Brevundimonas (genus)	0.0	0.0	0.0	0.0	0.0	0.0	0.0	0.0	0.0	0.0	0.0	0.0	0.0	0.0	0.0	0.0	0.0	0.0	0.0	0.0	0.0	0.0	0.0	0.0	0.0	0.0	0.0	0.0	0.0	0.0	0.0	0.0	0.0	0.0	0.0	0.0	0.0	0.0	0.0	0.0	0.0	0.0	0.0	0.0	0.0	0.33140016570008285	0.0	0.0	0.024351967097786677	0.0	0.0	0.0	0.0	0.0	0.0
Mitochondria (genus)	0.0	0.0	0.0	0.01716050795103535	0.003904826365387619	0.0	0.00999000999000999	0.0	0.01034500594837842	0.0	0.0	0.0	0.0	0.0	0.003300765777660417	0.009718172983479106	0.009389495032957128	0.0	0.0	0.0	0.039667724472652606	0.0044249745563963005	0.0	0.02262443438914027	0.03619164097892149	0.0064878612116729606	0.09230524389273494	0.0	0.03128853551248781	0.0	0.04664836893435598	0.0	0.0964045485418812	0.0	0.0	0.005363080553469913	0.0	0.0	0.03496503496503497	0.47842727905358384	0.0	0.0	0.0	0.0	0.0	0.0	0.09088265231932528	0.0	0.0	0.0	0.0	0.013072465031156041	0.0	0.0	0.021422450728363327
Lachnospira eligens A	0.0	0.0	1.41643059490085	0.005720169317011784	0.0	0.0	0.0	0.0	0.0	0.0	0.0	0.0	0.0	0.0	0.0	0.004859086491739553	0.0	0.0	0.0	0.0	0.0	0.0	0.0	0.0	0.0	0.0	0.0	0.0	0.0	0.0	0.0	0.0	0.0	0.0	0.0	0.010726161106939826	0.0	0.003290014805066623	0.0	0.0	0.0	0.0026271887766495462	0.0	0.0	0.0	0.6628003314001657	0.0	0.0	0.0	0.0	0.024685262898049863	0.0	0.0	0.0	0.0
Corynebacterium sp001767255	0.0	0.0	0.0	0.02002059260954124	0.013016087884625398	0.0	0.0	0.0	0.0	0.0	0.0	0.0	0.0	0.0	0.0	0.0	0.0	0.0	0.01342675097038791	0.0	0.0	0.0	0.0	0.0	0.0	0.0	0.0	0.0	0.0	0.0	0.0	0.0	0.0	0.0	0.0	0.0	0.0	0.0	0.0	0.0	0.0	0.0	0.0	0.0	0.0	0.0	0.0	0.0	0.0	0.0	0.0	0.0	0.0	0.0	0.0
Muribaculaceae (genus)	0.0	0.0	0.0	0.0	0.0	0.0	0.0	0.0	0.0	0.0	0.0	0.016768148901162242	0.0	0.0	0.0	0.0	0.0	0.0	0.0	0.0	0.0	0.0	0.0	0.0	0.0	0.002595144484669184	0.0	0.011883423614343292	0.019325271934183645	0.0	0.0	0.0	0.0	0.0	0.0	0.0	0.012875978574371652	0.0	0.0	0.0	0.0	0.0	0.0	0.0	0.0	0.0	0.0	0.0	0.0	0.0	0.0	0.0	0.0	0.0	0.0
Corynebacterium minutissimum	0.0	0.0	0.0	0.0	0.0	0.0	0.0	0.0	0.0	0.0	0.0	0.0	0.0	0.0	0.0	0.0	0.0	0.0	0.025632888216195103	0.0	0.0	0.0	0.0	0.0	0.0	0.0	0.0	0.0	0.0	0.0	0.0	0.0	0.0	0.0	0.0	0.0	0.0	0.0	0.0	0.0	0.0	0.0	0.0	0.0	0.0	0.0	0.0	0.0	0.0	0.0	0.0	0.0	0.0	0.0	0.0
Lactobacillus (genus)	0.0	0.0	0.0	0.0	0.0	0.0	0.0	0.0	0.0	0.0	0.0	0.0	0.0	0.0	0.0	0.0	0.0	0.0	0.0	0.0	0.0	0.0	0.0	0.0	0.0	0.0	0.0	0.0	0.0	0.0	0.0	0.0	0.0	0.0	0.033062014893650515	0.0	0.0	0.0	0.0	0.0	0.0	0.0	0.0	0.0	0.0	0.0	0.0	0.0	0.0	0.0	0.0	0.0	0.0	0.7692307692307693	0.0
Corynebacterium aurimucosum	0.0	0.0	0.0	0.05720169317011784	0.007809652730775238	0.0	0.0	0.0	0.0	0.0	0.0	0.0	0.0	0.0	0.0	0.0	0.0	0.0	0.0	0.0	0.0	0.0	0.0	0.0	0.0	0.0	0.0	0.0	0.0	0.0	0.0	0.0	0.0	0.0	0.0	0.0	0.0	0.0	0.0	0.0	0.0	0.0	0.0	0.0	0.0	0.0	0.0	0.0	0.0	0.0	0.0	0.0	0.0	0.0	0.0
Ruthenibacterium lactatiformans	0.0	0.0	0.0	0.0	0.0	0.0	0.0	0.0	0.0	0.0	0.006425393153743594	0.0	0.008518794590565435	0.0	0.0	0.0	0.0	0.004176978582542318	0.0	0.0	0.0	0.0	0.0	0.0	0.0	0.0	0.0	0.0	0.0018405020889698711	0.0	0.003254537367513208	0.0	0.0	0.003943839722353684	0.0	0.0	0.0	0.0	0.0	0.0	0.0	0.0	0.0	0.0	0.0	0.0	0.0	0.0	0.0	0.0	0.0	0.0	0.0	0.0	0.0
Streptococcus mitis	0.0	0.02242253015830306	0.0	0.0	0.0	0.0	0.00999000999000999	0.0	0.0	0.0	0.0	0.0	0.0	0.0	0.0	0.0	0.0	0.0	0.0	0.0	0.0	0.0	0.0	0.0	0.0	0.0	0.0	0.0	0.0	0.0	0.009763612102539624	0.0	0.0	0.0	0.0	0.0	0.0	0.0	0.0	0.0	0.0	0.0	0.0	0.0	0.0	0.0	0.0	0.0	0.0	0.0	0.0	0.0	0.0	0.0	0.0
Corynebacterium urealyticum	0.0	0.0	0.0	0.0	0.0	0.0	0.0	0.0	0.0	0.0	0.0	0.0	0.0	0.0	0.0	0.0	0.0	0.0	0.0	0.0	0.0	0.0	0.0	0.0	0.0	0.0	0.0	0.0	0.0	0.0	0.0	0.0	0.0	0.0	0.029913251570445706	0.0	0.0	0.0	0.0	0.0	0.0	0.0	0.0	0.0	0.0	0.0	0.0	0.0	0.0	0.0	0.0	0.0	0.0	0.0	0.0
Olegusella massiliensis	0.0	0.0	0.0	0.0	0.023428958192325714	0.0	0.0	0.0	0.0	0.0	0.0	0.0	0.0	0.0	0.0	0.0	0.0	0.0	0.0	0.0	0.0	0.0	0.0	0.0	0.0	0.0	0.0	0.0	0.0	0.0	0.0	0.0	0.0	0.0	0.0	0.0	0.0	0.0	0.0	0.0	0.0	0.0	0.0	0.0	0.0	0.0	0.0	0.0	0.0	0.0	0.0	0.0	0.0	0.0	0.0
Prevotella copri	0.0	0.02690703618996368	0.0	0.0	0.0	1.5151515151515151	0.0	0.0	0.0	0.0	0.0	0.0	0.01490789053348951	0.0	0.0	0.0	0.0	0.0	0.0	0.0	0.0	0.0	0.0	0.0	0.0	0.0	0.0	0.0	0.0	0.0	0.0	0.01973498731322244	0.0	0.007887679444707368	0.0	0.0	0.03862793572311496	0.0	0.0	0.0	0.10607265977194379	0.0	0.0	0.0	0.0	0.7456503728251864	0.0	0.0	0.005411548243952595	0.0	0.028211729026342704	0.006536232515578021	0.0	0.0	0.0
[Ruminococcus]_torques_group (genus)	0.0	0.0	0.0	0.0	0.0	0.946969696969697	0.0	0.0	0.0	0.0	0.0	0.0	0.0	0.0	0.0	0.0	0.01690109105932283	0.0	0.0	0.0	0.0	0.0	0.0	0.0	0.0	0.0	0.0	0.0	0.0	0.0	0.0	0.0	0.0	0.0	0.0	0.010726161106939826	0.0	0.0	0.0	0.0	0.0	0.0	0.0	0.0	0.0	0.0	0.0	0.0	0.0	0.0	0.0	0.0	0.0	0.0	0.0
Acetatifactor sp900066565	0.0	0.0	0.0	0.0	0.0	0.0	0.0	0.0	0.0	0.0	0.0	0.0	0.01916728782877223	0.0	0.0049511486664906255	0.0	0.005633697019774277	0.0	0.0	0.0	0.0	0.0	0.0	0.0	0.0	0.0	0.0	0.0	0.0	0.0	0.0	0.0	0.0	0.0	0.0	0.00804462083020487	0.0	0.0	0.0	0.0	0.0	0.0	0.0	0.0	0.0	0.0	0.0	0.012553877055697368	0.0	0.0	0.0	0.0	0.0	0.0	0.0
UCG-002 (genus)	0.0	0.0	0.0	0.0	0.0	0.5681818181818182	0.0	0.0	0.0	0.0	0.006425393153743594	0.0	0.0	0.0	0.0	0.012147716229348881	0.0	0.0	0.0	0.0	0.0	0.0	0.00478423117405033	0.0	0.0	0.0	0.009548818333731201	0.005941711807171646	0.0	0.0	0.0021696915783421386	0.0	0.0	0.0	0.0	0.0	0.0	0.0	0.0	0.0	0.0	0.003940783164974319	0.0	0.004760884572353544	0.0	0.0	0.0	0.0	0.0	0.007822889775483064	0.01763233064146419	0.0	0.005314155137902326	0.0	0.0
Anaerococcus sp900258475	0.0	0.0	0.0	0.0	0.0	0.0	0.0	0.0	0.0	0.0	0.0	0.0	0.0	0.0	0.0	0.0	0.0	0.0	0.0	0.0	0.0	0.0	0.0	0.0	0.0	0.0	0.0	0.0	0.0	0.0	0.0	0.0	0.0	0.0	0.028338869908843302	0.0	0.0	0.0	0.0	0.0	0.0	0.0	0.0	0.0	0.0	0.0	0.0	0.0	0.0	0.0	0.0	0.0	0.0	0.0	0.0
Barnesiella intestinihominis	0.0	0.0	0.0	0.0	0.0	0.0	0.0	0.0	0.0	0.0	0.0	0.0031440279189679206	0.0	0.0	0.0	0.012147716229348881	0.0	0.0	0.0	0.0	0.0	0.0	0.0	0.009049773755656108	0.0	0.0	0.0	0.004951426505976372	0.0	0.0	0.0	0.0	0.0	0.005258452963138245	0.0	0.0	0.0	0.0	0.0	0.0	0.0	0.0	0.0	0.0	0.0	0.0	0.0	0.0	0.006764435304940744	0.0	0.0	0.0	0.0	0.0	0.0
Corynebacterium sp001831515	0.0	0.0	0.0	0.0	0.0	0.0	0.0	0.0	0.0	0.0	0.0	0.0	0.0	0.0	0.0	0.0	0.0	0.0	0.0	0.0	0.0	0.0	0.0	0.0	0.0	0.0	0.0	0.0	0.0	0.0	0.0	0.0	0.0	0.0	0.026764488247240894	0.0	0.0	0.0	0.0	0.03479471120389701	0.0	0.0	0.0	0.0	0.0	0.0	0.0	0.0	0.0	0.0	0.0	0.0	0.0	0.0	0.0
Bacteria (domain)	0.0	0.0	0.0	0.0	0.0	0.0	0.007992007992007992	0.01512516070483249	0.0	0.0	0.0	0.0	0.0	0.0	0.0	0.004859086491739553	0.007511596026365702	0.0	0.0	0.0	0.021000560014933733	0.0	0.0	0.009049773755656108	0.00998390095970248	0.0	0.05888437972467574	0.0	0.0027607531334548066	0.0	0.021696915783421387	0.005638567803777841	0.028483162069192172	0.0	0.0	0.0	0.0	0.0	0.023310023310023312	0.6437021572720947	0.0	0.0	0.0	0.0	0.0	0.0	0.010905918278319035	0.0	0.0	0.0	0.014105864513171352	0.0	0.0	0.0	0.032133676092544985
Corynebacterium striatum	0.0	0.0	0.0	0.0	0.0	0.0	0.0	0.0	0.0	0.0	0.0	0.0	0.0	0.0	0.0	0.0	0.0	0.0	0.0	0.0	0.0	0.0	0.0	0.0	0.0	0.0	0.0	0.0	0.0	0.0	0.0	0.0	0.0	0.0	0.0	0.0	0.0	0.0	0.0	0.0	0.0	0.011822349494922958	0.0	0.0	0.021235931195582928	0.0	0.0	0.0	0.0	0.0	0.0	0.0	0.0	0.0	0.0
Pauljensenia radingae A	0.0	0.0	0.0	0.0	0.016920914250013016	0.0	0.0	0.0	0.0	0.0	0.0	0.0	0.0	0.0	0.0	0.0	0.0	0.0	0.0	0.0	0.0	0.0	0.0	0.0	0.0	0.0038927167270037762	0.0	0.0	0.0	0.0	0.0	0.0	0.0	0.0	0.0	0.0	0.0	0.0	0.0	0.0	0.0	0.0	0.0	0.0	0.0	0.0	0.0	0.0	0.0	0.0	0.0	0.0	0.0	0.0	0.0
Bifidobacterium dentium	0.0	0.0	0.0	0.0	0.0	0.0	0.015984015984015984	0.0	0.0	0.0	0.0	0.0	0.0	0.0	0.0	0.0	0.0	0.0	0.0	0.0	0.0	0.0	0.0	0.0	0.0	0.0	0.0	0.007922282409562196	0.0	0.0	0.0	0.0	0.0	0.0	0.0	0.0	0.0	0.0	0.0	0.0	0.0	0.0	0.0	0.0	0.0	0.0	0.0	0.0	0.0	0.0	0.0	0.0	0.0	0.0	0.0
Ezakiella peruensis	0.0	0.0	0.0	0.0	0.0	0.0	0.0	0.0	0.0	0.0	0.0	0.0	0.0	0.0	0.0	0.0	0.0	0.0	0.0	0.0	0.0	0.0	0.0	0.0	0.0	0.0	0.0	0.0	0.0	0.0	0.0	0.0	0.0	0.0	0.0	0.0	0.0	0.0	0.0	0.0	0.0	0.0	0.0	0.0	0.042471862391165856	0.0	0.0	0.0	0.0	0.0	0.0	0.0	0.0	0.0	0.0
Streptococcus macedonicus	0.0	0.0	0.0	0.0	0.0	2.272727272727273	0.0	0.0	0.0	1.0	0.0	0.0	0.0	0.0	0.0	0.0	0.0	0.0	0.0	0.0	0.0	0.0	0.0	0.0	0.0	0.0	0.0	0.0	0.0	0.0	0.0	0.0	0.0	0.0	0.0	0.0	0.0	0.0	0.0	0.0	0.0	0.0	0.0	0.0	0.0	0.0	0.0	0.0	0.0	0.0	0.0	0.0	0.0	0.0	0.0
Corynebacterium accolens	0.0	0.0	0.0	0.0	0.0	0.0	0.0	0.0	0.04138002379351368	0.0	0.0	0.0	0.0	0.0	0.0	0.0	0.0	0.0	0.0	0.0	0.0	0.0	0.0	0.0	0.0	0.0	0.0	0.0	0.0064417573113945475	0.0	0.0	0.0	0.0	0.0	0.0	0.0	0.0	0.0	0.0	0.0	0.0	0.0	0.0	0.0	0.0	0.0	0.0	0.0	0.0	0.0	0.0	0.0	0.0	0.0	0.0
Corynebacterium phoceense	0.0	0.0	0.84985835694051	0.0	0.0	0.0	0.0	0.0	0.0	0.0	0.0	0.0	0.0	0.0	0.0	0.026724975704567538	0.0	0.0	0.0	0.0	0.0	0.0	0.0	0.0	0.0	0.0	0.0	0.0	0.0	0.0	0.0	0.0	0.0	0.0	0.0	0.0	0.0	0.0	0.0	0.0	0.0	0.0	0.0	0.0	0.0	0.0	0.0	0.0	0.0	0.0	0.0	0.0	0.0	0.0	0.0
Monoglobus (genus)	0.0	0.0	0.0	0.0	0.0	0.5681818181818182	0.003996003996003996	0.0	0.0	0.0	0.0	0.0	0.0	0.0	0.0	0.0	0.0	0.0031327339369067388	0.0	0.0	0.0	0.0	0.0	0.0	0.0	0.0	0.0	0.0	0.0	0.0	0.0021696915783421386	0.0	0.004382024933721873	0.0	0.0	0.0	0.0	0.0	0.0	0.0	0.0	0.0	0.0	0.0	0.0	0.0	0.0	0.0	0.0	0.0	0.007052932256585676	0.0	0.0	1.153846153846154	0.0
Streptococcus thermophilus	0.0	0.0	0.0	0.0	0.0	0.0	0.0	0.0	0.0	0.0	0.0	0.0	0.0	0.0	0.0	0.021865889212827987	0.0	0.0	0.0	0.0	0.0	0.0	0.0	0.0	0.006239938099814051	0.0	0.0	0.0	0.0	0.0	0.0	0.0	0.0	0.0	0.0	0.0	0.0	0.0	0.0	0.0	0.0	0.0	0.0	0.0	0.0	0.0	0.0	0.0	0.0	0.0	0.0	0.0	0.0	0.0	0.0
Enterobacterales (order)	0.0	0.0	0.0	0.0	0.0	0.0	0.0	0.0	0.0	0.0	0.0	0.0	0.0	0.0	0.0	0.0	0.0	0.013575180393262535	0.0	0.0	0.0	0.0	0.0	0.0	0.0	0.0	0.0	0.0	0.0	0.0	0.0	0.0	0.0	0.0	0.0	0.0	0.0	0.0	0.0	0.0	0.0	0.0	0.0	0.0	0.0	0.0	0.0	0.0	0.0	0.0	0.0	0.0	0.0	0.0	0.0
Blautia A sp900541345	0.0	0.0	0.0	0.0	0.0	0.0	0.0	0.0	0.0	0.0	0.0	0.0	0.0	0.0	0.0	0.0	0.0	0.0	0.0	0.0	0.0	0.013274923669188903	0.0	0.0	0.0	0.0	0.0	0.0	0.0	0.0	0.0	0.0	0.0	0.0	0.0	0.0	0.0	0.0	0.0	0.0	0.0	0.0	0.0	0.0	0.018581439796135062	0.0	0.0	0.0	0.0	0.0	0.0	0.0	0.0	0.0	0.0
Peptostreptococcus sp000758885	0.0	0.0	0.0	0.0	0.0	0.0	0.0	0.0	0.0	0.0	0.0	0.0	0.0	0.0	0.0	0.0	0.0	0.0	0.0	0.0	0.0	0.0	0.0	0.0	0.0	0.0	0.0	0.0	0.0	0.0	0.0	0.0	0.0	0.0	0.0	0.0	0.0	0.0	0.0	0.0	0.0	0.0	0.0	0.0	0.03450838819282225	0.0	0.0	0.0	0.0	0.0	0.0	0.0	0.0	0.0	0.0
[Eubacterium]_siraeum_group (genus)	0.0	0.0	0.0	0.0	0.0	0.0	0.0	0.0	0.0	0.0	0.0	0.0	0.0	0.0	0.0	0.009718172983479106	0.003755798013182851	0.0	0.0	0.0	0.0	0.0	0.0	0.0	0.0	0.0	0.006365878889154133	0.0	0.0	0.0	0.0	0.0	0.0	0.0	0.0	0.0	0.0	0.0	0.03496503496503497	0.0	0.0	0.0	0.0	0.0	0.0	0.16570008285004142	0.0	0.0	0.0	0.0	0.0	0.0	0.0	0.0	0.0
Arcanobacterium A urinimassiliense	0.0	0.0	0.0	0.0	0.0	0.0	0.0	0.0	0.0	0.0	0.0	0.0	0.0	0.0	0.0	0.0	0.0	0.0	0.0	0.0	0.0	0.0	0.0	0.0	0.0	0.0	0.0	0.0	0.0	0.0	0.0	0.0	0.0	0.0	0.00787190830801203	0.0	0.0	0.0	0.0	0.0	0.0	0.0	0.0	0.0	0.018581439796135062	0.0	0.0	0.0	0.0	0.0	0.0	0.0	0.0	0.0	0.0
Corynebacterium pyruviciproducens	0.0	0.0	0.0	0.0	0.0	0.0	0.0	0.0	0.0	0.0	0.0	0.0	0.0	0.0	0.0	0.0	0.0	0.0	0.009764909796645753	0.0	0.0	0.0	0.0	0.0	0.0	0.0	0.0	0.0	0.0	0.0	0.0	0.0	0.0	0.0	0.0	0.0	0.0	0.0	0.0	0.0	0.0	0.003940783164974319	0.0	0.0	0.0	0.0	0.0	0.0	0.0	0.0	0.0	0.0	0.0	0.0	0.0
Corynebacterium sp001807485	0.0	0.0	0.0	0.0	0.0	0.0	0.0	0.0	0.0	0.0	0.0	0.0	0.0	0.0	0.0	0.0	0.0	0.0	0.0	0.0	0.0	0.0	0.0	0.009049773755656108	0.0	0.0	0.0	0.0	0.0	0.0	0.0	0.0	0.0	0.0	0.01102067163121684	0.0	0.0	0.0	0.0	0.0	0.0	0.0	0.0	0.0	0.0	0.0	0.0	0.0	0.0	0.0	0.0	0.0	0.0	0.0	0.0
Bariatricus comes	0.0	0.0	0.0	0.0	0.0	0.0	0.0	0.0	0.0	0.0	0.0	0.0	0.0	0.0	0.0	0.0	0.0	0.0	0.0	0.0	0.0	0.0	0.0	0.0	0.0	0.0	0.0	0.0	0.0	0.0	0.0	0.0	0.0	0.009202292685491928	0.0	0.0	0.0	0.0	0.046620046620046623	0.0	0.0	0.0	0.0	0.0	0.0	0.0	0.0	0.0	0.0	0.0	0.0	0.0	0.0	0.0	0.0
Peptoniphilus sp000478985	0.0	0.0	0.0	0.0	0.0	0.0	0.0	0.0	0.0	0.0	0.0	0.0	0.0	0.0	0.0	0.0	0.0	0.0	0.0	0.0	0.0	0.0	0.0	0.0	0.0	0.0	0.0	0.0	0.0	0.0	0.0	0.0	0.0	0.0	0.0	0.0	0.0	0.0	0.0	0.0	0.0	0.0	0.0	0.0	0.02919940539392652	0.0	0.0	0.0	0.0	0.0	0.0	0.0	0.0	0.0	0.0
Lactobacillus delbrueckii	0.0	0.0	0.0	0.0	0.0	0.0	0.0	0.0	0.0	0.0	0.0	0.0	0.0	0.0	0.0	0.0	0.0	0.0	0.0	0.0	0.0	0.0	0.0	0.0	0.0	0.0	0.0	0.0	0.0	0.0	0.0	0.0	0.0	0.0	0.0	0.0	0.0	0.0	0.0	0.0	0.0	0.0	0.0	0.0	0.0	0.0	0.0	0.0	0.0	0.0	0.0	0.023966185890452744	0.0	0.0	0.0
Acinetobacter (genus)	0.0	0.008969012063321225	0.0	0.0	0.0	0.0	0.01998001998001998	0.0	0.0	0.0	0.0	0.0	0.0	0.0	0.0	0.0	0.0	0.004176978582542318	0.0	0.0	0.0	0.0	0.008372404554588077	0.0	0.0	0.0	0.0	0.0	0.0	0.0	0.0	0.0	0.0	0.0	0.004723144984807217	0.0	0.0	0.0	0.0	0.0	0.0	0.0	0.0	0.0	0.0	0.0	0.0	0.0	0.0	0.0	0.0	0.0	0.0	0.0	0.0
Lacticaseibacillus rhamnosus	0.0	0.0	0.0	0.0	0.0	0.0	0.0	0.0	0.0	0.0	0.0	0.0	0.0	0.0	0.0	0.0	0.0	0.0	0.0	0.0	0.0	0.0	0.0	0.0	0.0	0.0	0.0	0.0	0.004601255222424677	0.0	0.0	0.0	0.0	0.0	0.0	0.0	0.0	0.0	0.0	0.0	0.0	0.0	0.0	0.0	0.0	0.0	0.0	0.0	0.0	0.0	0.01763233064146419	0.0	0.0	0.0	0.0
CAG-352 (genus)	0.0	0.0	0.0	0.0	0.0	0.0	0.0	0.0	0.0	0.0	0.0	0.0	0.0	0.0	0.0	0.0	0.0	0.0	0.0	0.0	0.0	0.0	0.0	0.0	0.0	0.0	0.0	0.0	0.0	0.0	0.010848457891710694	0.0	0.0	0.0	0.0	0.0	0.0	0.0	0.0	0.0	0.0	0.0	0.0	0.0	0.0	0.0	0.0	0.0	0.0	0.0	0.0	0.0	0.0	0.0	0.0
Lachnospiraceae_ND3007_group (genus)	0.0	0.008969012063321225	1.13314447592068	0.0	0.0	0.0	0.0	0.0	0.0	0.0	0.0	0.0	0.0	0.0	0.0	0.0	0.0	0.0	0.0	0.0	0.0	0.0	0.0	0.0	0.0	0.0	0.0	0.0	0.0	0.0	0.0	0.0	0.0	0.0	0.0	0.0	0.0	0.0	0.0	0.0	0.0	0.0	0.0	0.0	0.0	0.24855012427506215	0.0	0.0	0.0	0.0	0.0	0.0	0.0	0.0	0.0
Prevotellaceae_NK3B31_group (genus)	0.0	0.0	0.0	0.0	0.0	0.0	0.0	0.0	0.0	0.0	0.008031741442179493	0.0	0.0	0.0	0.0	0.0	0.0	0.0	0.0	0.0	0.0	0.0	0.0	0.0	0.0	0.0	0.0	0.0	0.0036810041779397422	0.0	0.0	0.0	0.0	0.0	0.0	0.0	0.0	0.0	0.0	0.0	0.0	0.0	0.0	0.0	0.0	0.0	0.0	0.0	0.0	0.0	0.0	0.0	0.0	0.0	0.0
Odoribacter (genus)	0.0	0.0	0.0	0.0	0.0	0.0	0.0	0.0	0.0	0.0	0.006425393153743594	0.0	0.0	0.0	0.0	0.0	0.0	0.0	0.0	0.0	0.0	0.0	0.0	0.0	0.0	0.002595144484669184	0.0	0.0	0.0	0.0	0.0021696915783421386	0.0	0.0	0.0	0.0031487633232048116	0.0	0.0	0.0	0.0	0.0	0.0	0.0	0.0	0.0	0.0	0.0	0.0	0.0	0.004058661182964446	0.0	0.0	0.0	0.0	0.0	0.0
Prevotella_9 (genus)	0.0	0.0	0.0	0.0	0.0	0.0	0.0	0.0	0.0	0.0	0.0	0.0	0.0	0.0	0.003300765777660417	0.0	0.0	0.0	0.0	0.0	0.0	0.0	0.0	0.0	0.0	0.0	0.0	0.0	0.0064417573113945475	0.0	0.0	0.0	0.0	0.0	0.0	0.0	0.0	0.0	0.0	0.0	0.0	0.0	0.0	0.0	0.0	0.0	0.0	0.0	0.0	0.0	0.0	0.0	0.0	0.0	0.0
Porphyromonas sp001552775	0.0	0.0	0.0	0.0	0.0	0.0	0.0	0.0	0.0	0.0	0.0	0.0	0.0	0.0	0.0	0.0	0.0	0.0	0.007323682347484315	0.0	0.0	0.0	0.0	0.0	0.0	0.0	0.0	0.002970855903585823	0.0	0.0	0.0	0.0	0.0	0.0	0.0	0.0	0.0	0.0	0.0	0.0	0.0	0.0	0.0	0.0	0.021235931195582928	0.0	0.0	0.0	0.0	0.0	0.0	0.0	0.0	0.0	0.0
Dorea B phocaeensis	0.0	0.0	0.0	0.0	0.0	0.0	0.0	0.0	0.0	0.0	0.012850786307487188	0.0	0.0	0.0	0.0	0.0	0.0	0.0	0.0	0.0	0.0	0.0	0.0	0.0	0.0	0.0	0.0	0.0	0.0	0.0	0.0	0.0	0.0	0.0	0.0	0.0	0.0	0.0	0.0	0.0	0.0	0.0	0.0	0.0	0.0	0.0	0.0	0.0	0.0	0.0	0.0	0.0	0.0	0.0	0.0
Parasutterella (genus)	0.0	0.0	0.0	0.0	0.0	0.5681818181818182	0.0	0.0	0.0	0.0	0.006425393153743594	0.0	0.0	0.0	0.0	0.0	0.0	0.0	0.0	0.0	0.0	0.0	0.0	0.0	0.0	0.0	0.0	0.0	0.0036810041779397422	0.0	0.0	0.0	0.0	0.0	0.0	0.0	0.0	0.0	0.0	0.0	0.0	0.0	0.0	0.0	0.0	0.0	0.0	0.0	0.0	0.0	0.0	0.0	0.0	0.0	0.0
Lachnospira rogosae	0.0	0.0	0.0	0.0	0.0	0.0	0.0	0.0	0.0	0.0	0.0	0.0	0.0	0.0	0.0	0.0	0.0	0.0	0.0	0.0052473468102690575	0.0	0.0	0.0	0.0	0.0	0.0	0.0	0.0	0.0	0.0	0.0	0.0	0.0	0.0	0.0	0.0	0.0	0.0	0.0	0.0	0.0	0.0	0.0	0.0	0.0	0.0	0.0	0.0	0.005411548243952595	0.0	0.0	0.0	0.0	0.0	0.0
Gleimia europaea A	0.0	0.0	0.0	0.0	0.0	0.0	0.0	0.0	0.0	0.0	0.0	0.0	0.0	0.0	0.0	0.0	0.0	0.0	0.0	0.0	0.0	0.0	0.0	0.0	0.0	0.0	0.0	0.0	0.0	0.0	0.0	0.0	0.0	0.0	0.012595053292819246	0.0	0.0	0.0	0.0	0.0	0.0	0.0	0.0	0.0	0.0	0.0	0.0	0.0	0.0	0.0	0.0	0.0	0.0	0.0	0.0
Streptococcus xiaochunlingii	0.024242424242424242	0.0	0.0	0.0	0.0	0.0	0.0	0.0	0.0	0.0	0.0	0.0	0.0	0.0	0.0	0.0	0.0	0.0	0.0	0.0	0.0	0.0	0.0	0.0	0.0	0.0	0.0	0.0	0.0	0.0	0.0	0.0	0.0	0.0	0.0	0.021452322213879653	0.0	0.0	0.0	0.0	0.0	0.0	0.0	0.0	0.0	0.0	0.0	0.0	0.0	0.0	0.0	0.0	0.0	0.0	0.0
Fusobacterium (genus)	0.024242424242424242	0.0	0.0	0.0	0.0	0.0	0.0	0.0	0.0	0.0	0.0	0.0	0.0	0.0	0.0	0.0	0.0	0.0	0.0	0.0	0.0	0.0	0.0	0.0	0.0	0.005190288969338368	0.0	0.0	0.0	0.0	0.0	0.0	0.0	0.0	0.0	0.0	0.0	0.0	0.0	0.0	0.0	0.010508755106598185	0.0	0.0	0.0	0.0	0.0	0.0	0.0	0.0	0.0	0.0	0.0	0.0	0.0
Leuconostoc (genus)	0.0	0.0	0.0	0.0	0.0	0.0	0.007992007992007992	0.0	0.0	0.0	0.0	0.0	0.0	0.0	0.0	0.0	0.0	0.0	0.0	0.0	0.0	0.0	0.0	0.0	0.0	0.0	0.0	0.0	0.0	0.0	0.0	0.0	0.0	0.0	0.0	0.0	0.0	0.0	0.0	0.0	0.0	0.0	0.0	0.0	0.0	0.0	0.0	0.0	0.0	0.0	0.0	0.0	0.005314155137902326	0.0	0.0
Dolosigranulum pigrum	0.0	0.0	0.0	0.0	0.0	0.0	0.0	0.0	0.02069001189675684	0.0	0.0	0.0	0.0	0.0	0.0	0.0	0.0	0.0	0.0	0.0	0.0	0.0	0.0035881733805377476	0.0	0.0	0.0	0.0	0.0	0.0	0.0	0.0	0.0	0.0	0.0	0.0	0.0	0.0	0.0	0.0	0.0	0.0	0.0	0.0	0.0	0.0	0.0	0.0	0.0	0.0	0.0	0.0	0.0	0.0	0.0	0.0
Dorea formicigenerans	0.0	0.0	0.0	0.0	0.0	0.0	0.0	0.0	0.0	0.0	0.0	0.0	0.0	0.0	0.0	0.009718172983479106	0.0	0.0	0.0	0.0	0.0	0.0	0.0	0.0	0.0	0.0	0.0	0.0	0.0	0.0	0.0	0.008457851705666762	0.0	0.0	0.0	0.0	0.0	0.0	0.0	0.0	0.0	0.0	0.0	0.0	0.0	0.0	0.0	0.0	0.0	0.0	0.0	0.0	0.0	0.0	0.0
Pseudomonas (genus)	0.0	0.0	0.0	0.0	0.0	0.0	0.0	0.0	0.0	0.0	0.003212696576871797	0.0	0.0	0.0	0.0	0.0	0.0	0.0	0.008544296072065034	0.0	0.0	0.0	0.0	0.0	0.0	0.0	0.0	0.0	0.0	0.0	0.0	0.0	0.0	0.0	0.0	0.0	0.0	0.006580029610133246	0.0	0.0	0.0	0.0	0.0	0.0	0.007963474198343597	0.0	0.0	0.0	0.0	0.0	0.0	0.0	0.0	0.0	0.0
Sutterella (genus)	0.0	0.0	0.0	0.0	0.0	0.0	0.0	0.0	0.0	0.0	0.0	0.0	0.0	0.0	0.0	0.0	0.0	0.0	0.0	0.003935510107701793	0.0	0.0	0.0	0.0	0.0	0.0	0.0	0.0	0.0	0.0	0.0	0.0	0.0	0.0	0.0	0.0	0.0	0.0	0.0	0.0	0.0	0.0	0.0	0.0	0.0	0.0	0.0	0.0	0.0	0.0	0.014105864513171352	0.0	0.0	0.0	0.0
Coprococcus eutactus A	0.0	0.0	0.0	0.0	0.0	0.0	0.0	0.0	0.0	0.0	0.0	0.0	0.0	0.0	0.0	0.0	0.0	0.0	0.0	0.0	0.0	0.0	0.0035881733805377476	0.0	0.0	0.0	0.0	0.0	0.0	0.0	0.0	0.0	0.0	0.0	0.0	0.0	0.0	0.0	0.0	0.0	0.0	0.0	0.0	0.0	0.0	0.0	0.0	0.008369251370464912	0.0	0.0	0.0	0.0	0.0	0.0	0.0
Roseburia inulinivorans	0.0	0.0	0.0	0.0	0.0	0.0	0.0	0.0	0.0	0.0	0.0	0.0	0.0	0.0	0.0	0.0	0.0	0.0	0.0	0.0	0.0	0.0	0.0	0.0	0.0	0.0	0.0	0.0	0.0	0.011030396621547091	0.0	0.0	0.0	0.0	0.0	0.0	0.0	0.0	0.0	0.0	0.0	0.0	0.0	0.0	0.0	0.0	0.0	0.0	0.0	0.0	0.0	0.0	0.0	0.0	0.0
KA00134 sp001574395	0.0	0.0	0.0	0.0	0.0	0.0	0.0	0.0	0.0	0.0	0.0	0.0	0.0	0.0	0.0	0.0	0.0	0.0	0.0	0.0	0.0	0.0	0.0	0.0	0.0	0.0	0.0	0.0	0.0	0.0	0.007593920524197485	0.0	0.0	0.0	0.004723144984807217	0.0	0.0	0.0	0.0	0.0	0.0	0.0	0.0	0.0	0.0	0.0	0.0	0.0	0.0	0.0	0.0	0.0	0.0	0.0	0.0
Incertae_Sedis (genus)	0.0	0.0	0.0	0.0	0.0	0.0	0.0	0.0	0.0	0.0	0.0	0.0	0.0	0.0	0.0	0.0	0.0	0.0	0.0	0.0	0.0	0.0	0.0	0.0	0.0	0.0	0.0	0.0	0.0	0.0	0.004339383156684277	0.0	0.0	0.0	0.0	0.0	0.007725587144622991	0.0	0.0	0.0	0.0	0.0	0.0	0.0	0.0	0.0	0.0	0.0	0.0	0.0	0.0	0.0	0.0	0.0	0.0
Haemophilus (genus)	0.0	0.0	0.0	0.0	0.0	0.0	0.0	0.0	0.0	0.0	0.0	0.0	0.0	0.0	0.0	0.0	0.0	0.0	0.0	0.0	0.0	0.0	0.0	0.0	0.0	0.0	0.0	0.0	0.0	0.0	0.0	0.0	0.0	0.0	0.0	0.018770781937144695	0.0	0.0	0.0	0.0	0.0	0.0	0.0	0.0	0.0	0.0	0.0	0.0	0.0	0.0	0.0	0.0	0.0	0.0	0.0
Rothia mucilaginosa	0.0	0.0	0.0	0.0	0.0	0.0	0.0	0.0	0.0	0.0	0.0	0.0	0.0	0.0	0.0	0.0	0.0	0.0	0.0	0.0	0.0	0.0	0.0	0.0	0.0	0.0	0.0	0.0	0.0	0.0	0.0	0.0	0.0	0.0	0.0	0.018770781937144695	0.0	0.0	0.0	0.0	0.0	0.0	0.0	0.0	0.0	0.0	0.0	0.0	0.0	0.0	0.0	0.0	0.0	0.0	0.0
Cutibacterium acnes	0.0	0.0	0.0	0.0	0.0	0.0	0.0	0.0	0.0	0.0	0.0	0.0	0.0	0.0	0.0	0.0	0.0	0.0	0.0	0.0	0.0	0.0	0.0	0.0	0.0	0.0	0.0	0.0	0.0	0.0	0.0	0.0	0.0	0.0	0.0	0.0	0.0	0.0	0.0	0.0	0.0	0.0	0.0	0.016663096003237402	0.0	0.0	0.0	0.0	0.0	0.0	0.0	0.0	0.0	0.0	0.0
Methylobacterium-Methylorubrum (genus)	0.0	0.0	0.0	0.0	0.0	0.0	0.0	0.0	0.0	0.0	0.0	0.0	0.0	0.0	0.0	0.0	0.0	0.0	0.0	0.0	0.0	0.0	0.0	0.0	0.0	0.0	0.0	0.0	0.0	0.0	0.0	0.0	0.0	0.0	0.0	0.0	0.0	0.0	0.0	0.0	0.0	0.0	0.0	0.0	0.0	0.33140016570008285	0.0	0.0	0.00947020942691704	0.0	0.0	0.0	0.0	0.0	0.0
Lachnospiraceae (family)	0.0	0.0	0.0	0.0	0.0	0.0	0.0	0.0	0.0	0.0	0.0	0.0	0.0	0.0	0.0	0.0	0.0	0.0	0.0	0.0	0.0	0.0	0.0	0.0	0.0	0.0038927167270037762	0.0	0.0	0.0	0.0	0.0	0.0	0.0	0.0	0.0	0.0	0.0	0.0	0.0	0.0	0.0	0.0	0.0	0.0	0.0	0.0	0.0	0.0	0.0	0.0	0.0	0.0	0.0	0.0	0.07497857754927163
Weissella (genus)	0.0	0.0	0.0	0.011440338634023568	0.0	0.0	0.0	0.0	0.0	0.0	0.0	0.0	0.0	0.0	0.0	0.0	0.0	0.0	0.0	0.0	0.0	0.0	0.0	0.0	0.0	0.0	0.0	0.0	0.0	0.0	0.0	0.0	0.0	0.0	0.0	0.0	0.0	0.0	0.023310023310023312	0.0	0.0	0.0	0.0	0.0	0.0	0.0	0.0	0.0	0.0	0.0	0.0	0.0	0.0	0.0	0.0
Pseudochrobactrum (genus)	0.0	0.0	0.0	0.0	0.0	0.0	0.0	0.0	0.0	0.0	0.0	0.0	0.008518794590565435	0.0	0.0	0.0	0.0	0.0	0.0	0.0	0.0	0.0	0.0	0.004524886877828054	0.0	0.0	0.0	0.0	0.0	0.0	0.0	0.0	0.0	0.0	0.0	0.0	0.0	0.0	0.0	0.0	0.0	0.0	0.0	0.0	0.0	0.0	0.0	0.0	0.0	0.0	0.0	0.0	0.0	0.0	0.0
Cloacibacillus (genus)	0.0	0.0	0.0	0.0	0.0	0.0	0.0	0.0	0.0	0.0	0.0	0.0	0.0	0.0	0.0	0.004859086491739553	0.0	0.0	0.0	0.0	0.009333582228859437	0.0	0.0	0.0	0.0	0.0	0.0	0.0	0.0	0.0	0.0	0.0	0.0	0.0	0.0	0.0	0.0	0.0	0.0	0.0	0.0	0.0	0.0	0.0	0.0	0.0	0.0	0.0	0.0	0.0	0.0	0.0	0.0	0.0	0.0
Anaerococcus sp900232825	0.0	0.0	0.0	0.0	0.0	0.0	0.0	0.0	0.0	0.0	0.0	0.0	0.0	0.0	0.0	0.0	0.0	0.0	0.007323682347484315	0.0	0.0	0.0	0.0	0.0	0.0	0.0	0.0	0.0	0.0	0.0	0.0	0.0	0.0	0.0	0.0	0.0	0.0	0.0	0.0	0.0	0.0	0.0	0.0	0.0	0.0	0.0	0.0	0.0	0.0	0.0	0.0	0.0	0.0	0.0	0.0
Anaerococcus senegalensis	0.0	0.0	0.0	0.0	0.0	0.0	0.0	0.0	0.0	0.0	0.0	0.0	0.0	0.0	0.0	0.0	0.0	0.0	0.0	0.0	0.0	0.0	0.0	0.0	0.0	0.0	0.009548818333731201	0.0	0.0	0.0	0.0	0.0	0.0	0.0	0.0	0.0	0.0	0.0	0.0	0.0	0.0	0.0	0.0	0.0	0.0	0.0	0.0	0.0	0.0	0.0	0.0	0.0	0.0	0.0	0.0
Prevotella bergensis	0.0	0.0	0.0	0.0	0.0	0.0	0.0	0.0	0.0	0.0	0.0	0.0	0.0	0.0	0.0	0.0	0.0	0.0	0.0	0.0	0.0	0.0	0.0	0.0	0.0	0.0	0.0	0.0	0.0	0.0	0.006509074735026416	0.0	0.0	0.0	0.0	0.0	0.0	0.0	0.0	0.0	0.0	0.0	0.0	0.0	0.0	0.0	0.0	0.0	0.0	0.0	0.0	0.0	0.0	0.0	0.0
Anaerococcus (genus)	0.0	0.0	0.0	0.0	0.0	0.0	0.0	0.0	0.0	0.0	0.0	0.0	0.0	0.0	0.0	0.0	0.0	0.0	0.0	0.0	0.0	0.0	0.0	0.0	0.0	0.0	0.0	0.0	0.0	0.0	0.0	0.0	0.0	0.0	0.0	0.0	0.0	0.0	0.0	0.0	0.0	0.0	0.0	0.0	0.015926948396687193	0.0	0.0	0.0	0.0	0.0	0.0	0.0	0.0	0.0	0.0
Enterobacteriaceae (family)	0.0	0.0	0.0	0.0	0.0	0.0	0.0	0.0	0.0	0.0	0.0	0.0	0.0	0.0	0.0	0.0	0.0	0.0	0.0	0.0	0.0	0.0	0.0	0.0	0.0	0.0	0.0	0.0	0.0	0.0	0.0	0.0	0.0	0.0	0.0	0.0	0.0	0.0	0.0	0.0	0.0	0.0	0.0	0.0	0.0	0.0	0.0	0.0	0.0	0.02346866932644919	0.0	0.0	0.0	0.0	0.0
Bifidobacterium angulatum	0.0	0.0	0.0	0.0	0.0	0.0	0.0	0.0	0.0	0.0	0.0	0.0	0.0	0.0	0.0	0.0	0.0	0.0	0.0	0.0	0.0	0.0	0.0	0.0	0.0	0.0	0.0	0.0	0.0	0.0	0.0	0.0	0.0	0.0	0.0	0.0	0.0	0.0	0.0	0.0	0.0	0.0	0.0	0.0	0.0	0.0	0.0	0.0	0.0	0.0	0.0	0.013072465031156041	0.0	0.0	0.0
UCG-005 (genus)	0.0	0.008969012063321225	0.0	0.0	0.0	0.3787878787878788	0.0	0.0	0.01034500594837842	0.0	0.0	0.0	0.0	0.0	0.0	0.0	0.0	0.0	0.0	0.0	0.007000186671644577	0.0	0.0	0.0	0.0	0.0	0.0	0.0	0.0	0.0	0.0	0.0	0.0	0.0	0.0	0.0	0.0	0.0	0.0	0.0	0.0	0.0	0.0	0.0	0.0	0.0	0.0	0.0	0.0	0.0	0.0	0.0	0.0	0.0	0.0
Providencia (genus)	0.0	0.0	0.0	0.0	0.0	0.0	0.0	0.0	0.0	0.0	0.0	0.0	0.010648493238206793	0.0	0.0	0.0	0.0	0.0	0.0	0.0	0.0	0.0	0.0	0.0	0.0	0.0	0.0	0.0	0.0	0.0	0.0	0.0	0.0	0.0	0.0	0.0	0.0	0.0	0.0	0.0	0.0	0.0	0.0	0.0	0.0	0.0	0.0	0.0	0.0	0.0	0.0	0.0	0.0	0.0	0.0
Ventricola sp900542395	0.0	0.0	0.0	0.0	0.0	0.0	0.0	0.0	0.0	0.0	0.0	0.0	0.0	0.0	0.0	0.0	0.0	0.0	0.0036618411737421577	0.0	0.004666791114429718	0.0	0.0	0.0	0.0	0.0	0.0	0.0	0.0	0.0	0.0	0.0	0.0	0.0	0.0	0.0	0.0	0.0	0.0	0.0	0.0	0.0	0.0	0.0	0.0	0.0	0.0	0.0	0.0	0.0	0.0	0.0	0.0	0.0	0.0
Prevotella copri B	0.0	0.0	0.0	0.0	0.0	0.0	0.0	0.0	0.0	0.0	0.0	0.0	0.0	0.0	0.0	0.0	0.0	0.0	0.0	0.006559183512836323	0.0	0.0	0.0	0.0	0.0	0.0	0.0	0.0	0.0	0.0	0.005424228945855347	0.0	0.0	0.0	0.0	0.0	0.0	0.0	0.0	0.0	0.0	0.0	0.0	0.0	0.0	0.0	0.0	0.0	0.0	0.0	0.0	0.0	0.0	0.0	0.0
Blautia coccoides	0.0	0.0	0.0	0.0	0.0	0.0	0.0	0.0	0.0	0.0	0.0	0.0	0.0	0.0	0.0	0.0	0.0	0.0	0.0	0.0	0.0	0.0	0.0	0.011312217194570135	0.0	0.0	0.0	0.0	0.0	0.0	0.0	0.0	0.0	0.0	0.0	0.0	0.0	0.0	0.0	0.0	0.0	0.0	0.0	0.0	0.0	0.0	0.0	0.0	0.0	0.0	0.0	0.0	0.0	0.0	0.0
Eisenbergiella sp900066775	0.0	0.0	0.0	0.0	0.0	0.0	0.0	0.0	0.0	0.0	0.0	0.0	0.0	0.0	0.0	0.0	0.0	0.0	0.0	0.0	0.0	0.0	0.0	0.0	0.0	0.0	0.007957348611442667	0.0	0.0	0.0	0.0	0.0	0.0	0.0	0.0	0.0	0.0	0.0	0.0	0.0	0.0	0.0	0.0	0.0	0.0	0.0	0.0	0.0	0.0	0.0	0.0	0.0	0.0	0.0	0.0
Intestinimonas (genus)	0.0	0.0	0.0	0.0	0.0	0.0	0.0	0.0	0.0	0.0	0.0	0.0	0.0	0.0	0.0	0.0	0.0	0.0	0.0	0.0	0.0	0.0	0.0	0.0	0.0	0.0	0.0	0.004951426505976372	0.0	0.0	0.0	0.0	0.0	0.0	0.0	0.0	0.0	0.0	0.0	0.0	0.0	0.0	0.0	0.0	0.0	0.0	0.0	0.0	0.0	0.0	0.0	0.0	0.0	0.0	0.0
Intestinibacter (genus)	0.0	0.0	0.0	0.0	0.0	0.0	0.0	0.0	0.0	0.0	0.0	0.0	0.0	0.0	0.0	0.0	0.0	0.0	0.0	0.0	0.0	0.0	0.0	0.0	0.0	0.0	0.0	0.0	0.0	0.007878854729676494	0.0	0.0	0.0	0.0	0.0	0.0	0.0	0.0	0.0	0.0	0.0	0.0	0.0	0.0	0.0	0.0	0.0	0.0	0.0	0.0	0.0	0.0	0.0	0.0	0.0
Arachnia timonensis	0.0	0.0	0.0	0.0	0.0	0.0	0.0	0.0	0.0	0.0	0.0	0.0	0.0	0.0	0.0	0.0	0.0	0.0	0.0	0.0	0.0	0.0	0.0	0.0	0.0	0.0	0.0	0.0	0.0	0.0	0.0	0.0	0.0	0.0	0.00787190830801203	0.0	0.0	0.0	0.0	0.0	0.0	0.0	0.0	0.0	0.0	0.0	0.0	0.0	0.0	0.0	0.0	0.0	0.0	0.0	0.0
Neofamilia massiliensis	0.0	0.0	0.0	0.0	0.0	0.0	0.0	0.0	0.0	0.0	0.0	0.0	0.0	0.0	0.0	0.0	0.0	0.0	0.0	0.0	0.0	0.0	0.0	0.0	0.0	0.0	0.0	0.0	0.0	0.0	0.0	0.0	0.0	0.0	0.00787190830801203	0.0	0.0	0.0	0.0	0.0	0.0	0.0	0.0	0.0	0.0	0.0	0.0	0.0	0.0	0.0	0.0	0.0	0.0	0.0	0.0
Hungatella effluvii	0.0	0.0	0.0	0.0	0.0	0.0	0.0	0.0	0.0	0.0	0.0	0.0	0.0	0.0	0.0	0.0	0.0	0.0	0.0	0.0	0.0	0.0	0.0	0.0	0.0	0.0	0.0	0.0	0.0	0.0	0.0	0.0	0.0	0.0	0.0	0.0	0.0	0.0	0.0	0.0	0.0	0.0	0.0	0.0	0.013272456997239328	0.0	0.0	0.0	0.0	0.0	0.0	0.0	0.0	0.0	0.0
Megasphaera (genus)	0.0	0.0	0.0	0.0	0.0	0.7575757575757576	0.0	0.0	0.0	0.0	0.0	0.0	0.0	0.0	0.0	0.0	0.0	0.0	0.0	0.0	0.0	0.0	0.0	0.0	0.0	0.0	0.0	0.0	0.0	0.0	0.0	0.0	0.0	0.0	0.0	0.0	0.0	0.0	0.0	0.0	0.0	0.0	0.0	0.0	0.0	0.0	0.0	0.0	0.0	0.0	0.0	0.0	0.0	0.0	0.0
Anaerococcus vaginimassiliensis	0.0	0.0	0.0	0.0	0.0	0.0	0.007992007992007992	0.0	0.0	0.0	0.0	0.0	0.0	0.0	0.0	0.0	0.0	0.0	0.0	0.0	0.0	0.0	0.0	0.0	0.0	0.0	0.0	0.0	0.0	0.0	0.0	0.0	0.0	0.0	0.0	0.0	0.0	0.0	0.0	0.0	0.0	0.0	0.0	0.0	0.0	0.0	0.0	0.0	0.0	0.0	0.0	0.0	0.0	0.0	0.0
Muricomes fissicatena A	0.0	0.0	0.0	0.0	0.0	0.0	0.0	0.01512516070483249	0.0	0.0	0.0	0.0	0.0	0.0	0.0	0.0	0.0	0.0	0.0	0.0	0.0	0.0	0.0	0.0	0.0	0.0	0.0	0.0	0.0	0.0	0.0	0.0	0.0	0.0	0.0	0.0	0.0	0.0	0.0	0.0	0.0	0.0026271887766495462	0.0	0.0	0.0	0.0	0.0	0.0	0.0	0.0	0.0	0.0	0.0	0.0	0.0
Delftia (genus)	0.0	0.0	0.0	0.0	0.0	0.0	0.0	0.0	0.0	0.0	0.006425393153743594	0.0	0.0	0.0	0.0	0.0	0.0	0.0	0.0	0.0	0.0	0.0	0.0	0.0	0.0	0.0	0.0	0.0	0.0	0.0	0.0	0.0	0.0	0.0	0.0	0.0	0.0	0.0	0.0	0.0	0.0	0.0	0.0	0.0	0.0	0.0	0.0	0.0	0.0	0.0	0.0	0.0	0.0	0.0	0.0
Enterocloster citroniae	0.0	0.0	0.0	0.0	0.0	0.0	0.0	0.0	0.0	0.0	0.0	0.0	0.0	0.0	0.0	0.009718172983479106	0.0	0.0	0.0	0.0	0.0	0.0	0.0	0.0	0.0	0.0	0.0	0.0	0.0	0.0	0.0	0.0	0.0	0.0	0.0	0.0	0.0	0.0	0.0	0.0	0.0	0.0	0.0	0.0	0.0	0.0	0.0	0.0	0.0	0.0	0.0	0.0	0.0	0.0	0.0
Anaerococcus vaginalis	0.0	0.0	0.0	0.0	0.0	0.0	0.0	0.0	0.0	0.0	0.0	0.0	0.0	0.0	0.0	0.0	0.0	0.004176978582542318	0.0	0.0	0.0	0.0	0.0	0.0	0.0	0.0	0.0	0.0	0.0	0.0	0.0	0.0	0.0	0.0	0.0	0.0	0.0	0.0	0.0	0.0	0.0	0.0	0.0	0.0	0.0	0.0	0.0	0.0	0.0	0.0	0.0	0.0	0.0	0.0	0.0
Acetatifactor intestinalis	0.0	0.0	0.0	0.0	0.0	0.0	0.0	0.0	0.0	0.0	0.0	0.0	0.0	0.0	0.0	0.0	0.0	0.0	0.0	0.0	0.0	0.0	0.0	0.009049773755656108	0.0	0.0	0.0	0.0	0.0	0.0	0.0	0.0	0.0	0.0	0.0	0.0	0.0	0.0	0.0	0.0	0.0	0.0	0.0	0.0	0.0	0.0	0.0	0.0	0.0	0.0	0.0	0.0	0.0	0.0	0.0
Eggerthellaceae (family)	0.0	0.0	0.0	0.0	0.0	0.0	0.0	0.0	0.0	0.0	0.0	0.0	0.0	0.0	0.0	0.0	0.0	0.0	0.0	0.0	0.0	0.0	0.0	0.0	0.0	0.0	0.0	0.0	0.0036810041779397422	0.0	0.0	0.0	0.0	0.0	0.0	0.0	0.0	0.0	0.0	0.0	0.0	0.0	0.0	0.0	0.0	0.0	0.0	0.0	0.0	0.0	0.0	0.0	0.0	0.0	0.0
Blautia pseudococcoides	0.0	0.0	0.0	0.0	0.0	0.0	0.0	0.0	0.0	0.0	0.0	0.0	0.0	0.0	0.0	0.0	0.0	0.0	0.0	0.0	0.0	0.0	0.0	0.0	0.0	0.0	0.0	0.0	0.0	0.0	0.004339383156684277	0.0	0.0	0.0	0.0	0.0	0.0	0.0	0.0	0.0	0.0	0.0	0.0	0.0	0.0	0.0	0.0	0.0	0.0	0.0	0.0	0.0	0.0	0.0	0.0
Trueperella bernardiae	0.0	0.0	0.0	0.0	0.0	0.0	0.0	0.0	0.0	0.0	0.0	0.0	0.0	0.0	0.0	0.0	0.0	0.0	0.0	0.0	0.0	0.0	0.0	0.0	0.0	0.0	0.0	0.0	0.0	0.0	0.0	0.0	0.0	0.0	0.006297526646409623	0.0	0.0	0.0	0.0	0.0	0.0	0.0	0.0	0.0	0.0	0.0	0.0	0.0	0.0	0.0	0.0	0.0	0.0	0.0	0.0
Bacillaceae (family)	0.0	0.0	0.0	0.0	0.0	0.0	0.0	0.0	0.0	0.0	0.0	0.0	0.0	0.0	0.0	0.0	0.0	0.0	0.0	0.0	0.0	0.0	0.0	0.0	0.0	0.0	0.0	0.0	0.0	0.0	0.0	0.0	0.0	0.0	0.0	0.0	0.0	0.0	0.0	0.0	0.0	0.0	0.0	0.0	0.0	0.33140016570008285	0.0	0.0	0.0	0.0	0.0	0.0	0.0	0.0	0.0
Lactococcus lactis	0.0	0.0	0.0	0.0	0.0	0.0	0.0	0.0	0.0	0.0	0.0	0.0	0.0	0.0	0.0	0.0	0.0	0.0	0.0	0.0	0.0	0.0	0.0	0.0	0.0	0.0	0.0	0.0	0.0	0.0	0.0	0.0	0.0	0.0	0.0	0.0	0.0	0.0	0.0	0.0	0.0	0.0	0.0	0.0	0.0	0.0	0.0	0.008369251370464912	0.0	0.0	0.0	0.0	0.0	0.0	0.0
Peptoniphilus sp902363535	0.0	0.01345351809498184	0.0	0.0	0.0	0.0	0.0	0.0	0.0	0.0	0.0	0.0	0.0	0.0	0.0	0.0	0.0	0.0	0.0	0.0	0.0	0.0	0.0	0.0	0.0	0.0	0.0	0.0	0.0	0.0	0.0	0.0	0.0	0.0	0.0	0.0	0.0	0.0	0.0	0.0	0.0	0.0	0.0	0.0	0.0	0.0	0.0	0.0	0.0	0.0	0.0	0.0	0.0	0.0	0.0
Prevotella sp900548585	0.0	0.0	0.0	0.0	0.003904826365387619	0.0	0.0	0.0	0.0	0.0	0.0	0.0	0.0	0.0	0.0	0.0	0.0	0.0	0.0	0.0	0.0	0.0	0.0	0.0	0.0	0.0	0.0	0.0	0.0	0.0	0.0	0.0	0.0	0.0	0.0	0.0	0.0	0.0	0.0	0.0	0.0	0.0	0.0	0.0	0.0	0.0	0.0	0.0	0.0	0.0	0.0	0.0	0.0	0.0	0.0
Tannerellaceae (genus)	0.0	0.0	0.0	0.0	0.0	0.0	0.0	0.0	0.015517508922567631	0.0	0.0	0.0	0.0	0.0	0.0	0.0	0.0	0.0	0.0	0.0	0.0	0.0	0.0	0.0	0.0	0.0	0.0	0.0	0.0	0.0	0.0	0.0	0.0	0.0	0.0	0.0	0.0	0.0	0.0	0.0	0.0	0.0	0.0	0.0	0.0	0.0	0.0	0.0	0.0	0.0	0.0	0.0	0.0	0.0	0.0
Stenotrophomonas (genus)	0.0	0.0	0.0	0.0	0.0	0.0	0.0	0.0	0.0	0.0	0.004819044865307696	0.0	0.0	0.0	0.0	0.0	0.0	0.0	0.0	0.0	0.0	0.0	0.0	0.0	0.0	0.0	0.0	0.0	0.0	0.0	0.0	0.0	0.0	0.0	0.0	0.0	0.0	0.0	0.0	0.0	0.0	0.0	0.0	0.0	0.0	0.0	0.0	0.0	0.0	0.0	0.007052932256585676	0.0	0.0	0.0	0.0
Lachnospira sp000437735	0.0	0.0	0.0	0.0	0.0	0.0	0.0	0.0	0.0	0.0	0.004819044865307696	0.0	0.0	0.0	0.0	0.0	0.0	0.0	0.0	0.0	0.0	0.0	0.0	0.0	0.0	0.0	0.0	0.0	0.0	0.0	0.0	0.0	0.0	0.0	0.0	0.0	0.0	0.0	0.0	0.0	0.0	0.0	0.0	0.0	0.0	0.0	0.0	0.0	0.0	0.0	0.0	0.0	0.0	0.0	0.0
Wujia sp022174665	0.0	0.0	0.0	0.0	0.0	0.0	0.0	0.0	0.0	0.0	0.0	0.0031440279189679206	0.0	0.0	0.0	0.0	0.0	0.0	0.0	0.0	0.0	0.0	0.0	0.0	0.0	0.0	0.0	0.0	0.0	0.0	0.0	0.0	0.0	0.0	0.0	0.0	0.0	0.0	0.0	0.0	0.0	0.0	0.0	0.0	0.0	0.0	0.0	0.0	0.0	0.0	0.0	0.0	0.0	0.0	0.0
Christensenellaceae (family)	0.0	0.0	0.0	0.0	0.0	0.0	0.0	0.0	0.0	0.0	0.0	0.0	0.0063890959429240765	0.0	0.0	0.0	0.0	0.0	0.0	0.0	0.0	0.0	0.0	0.0	0.0	0.0	0.0	0.0	0.0	0.0	0.0	0.0	0.0	0.0	0.0	0.0	0.0	0.0	0.0	0.0	0.0	0.0	0.0	0.0	0.0	0.0	0.0	0.0	0.0	0.0	0.0	0.0	0.0	0.0	0.032133676092544985
NK4A214_group (genus)	0.0	0.0	0.0	0.0	0.0	0.0	0.0	0.0	0.0	0.0	0.0	0.0	0.0	0.0	0.0	0.007288629737609329	0.0	0.0	0.0	0.0	0.0	0.0	0.0	0.0	0.0	0.0	0.0	0.0	0.0	0.0	0.0	0.0	0.0	0.0	0.0	0.0	0.0	0.0	0.0	0.0	0.0	0.0	0.0	0.0	0.0	0.0	0.0	0.0	0.0	0.0	0.0	0.0	0.0	0.0	0.0
Kocuria (genus)	0.0	0.0	0.0	0.0	0.0	0.0	0.0	0.0	0.0	0.0	0.0	0.0	0.0	0.0	0.0	0.0	0.0	0.0031327339369067388	0.0	0.0	0.0	0.0	0.0	0.0	0.0	0.0	0.0	0.0	0.0	0.0	0.0	0.0	0.0	0.0	0.0	0.0	0.0	0.0	0.0	0.0	0.0	0.0	0.0	0.0	0.0	0.0	0.0	0.0	0.0	0.0	0.0	0.0	0.0	0.0	0.0
Atopobiaceae (family)	0.0	0.0	0.0	0.0	0.0	0.0	0.0	0.0	0.0	0.0	0.0	0.0	0.0	0.0	0.0	0.0	0.0	0.0	0.0036618411737421577	0.0	0.0	0.0	0.0	0.0	0.0	0.0	0.0	0.002970855903585823	0.0	0.0	0.0	0.0	0.0	0.0	0.0	0.0	0.0	0.0	0.0	0.0	0.0	0.0	0.0	0.0	0.0	0.0	0.0	0.0	0.0	0.0	0.0	0.0	0.0	0.0	0.0
Khoudiadiopia massiliensis	0.0	0.0	0.0	0.0	0.0	0.0	0.0	0.0	0.0	0.0	0.0	0.0	0.0	0.0	0.0	0.0	0.0	0.0	0.0036618411737421577	0.0	0.0	0.0	0.0	0.0	0.0	0.0	0.0	0.0	0.0	0.0	0.0	0.0	0.0	0.0	0.0	0.0	0.0	0.0	0.0	0.0	0.0	0.0	0.0	0.0	0.0	0.0	0.0	0.0	0.0	0.0	0.0	0.0	0.0	0.0	0.0
Gemella sanguinis	0.0	0.0	0.0	0.0	0.0	0.0	0.0	0.0	0.0	0.0	0.0	0.0	0.0	0.0	0.0	0.0	0.0	0.0	0.0	0.0	0.0	0.006637461834594452	0.0	0.0	0.0	0.0	0.0	0.0	0.0	0.0	0.0	0.0	0.0	0.0	0.0	0.0	0.0	0.0	0.0	0.0	0.0	0.0	0.0	0.0	0.0	0.0	0.0	0.0	0.0	0.0	0.0	0.0	0.0	0.0	0.0
Blautia sp900541955	0.0	0.0	0.0	0.0	0.0	0.0	0.0	0.0	0.0	0.0	0.0	0.0	0.0	0.0	0.0	0.0	0.0	0.0	0.0	0.0	0.0	0.0	0.0	0.0	0.0	0.0038927167270037762	0.0	0.0	0.0	0.0	0.0	0.0	0.0	0.0	0.0	0.0	0.0	0.0	0.0	0.0	0.0	0.0	0.0	0.0	0.0	0.0	0.0	0.0	0.0	0.0	0.0	0.0	0.0	0.0	0.0
Clostridium beijerinckii	0.0	0.0	0.0	0.0	0.0	0.0	0.0	0.0	0.0	0.0	0.0	0.0	0.0	0.0	0.0	0.0	0.0	0.0	0.0	0.0	0.0	0.0	0.0	0.0	0.0	0.0	0.0	0.002970855903585823	0.0	0.0	0.0	0.0	0.0	0.0	0.0	0.0	0.0	0.0	0.0	0.0	0.0	0.0	0.0	0.0	0.0	0.0	0.0	0.0	0.0	0.0	0.0	0.0	0.0	0.0	0.0
Helcobacillus massiliensis	0.0	0.0	0.0	0.0	0.0	0.0	0.0	0.0	0.0	0.0	0.0	0.0	0.0	0.0	0.0	0.0	0.0	0.0	0.0	0.0	0.0	0.0	0.0	0.0	0.0	0.0	0.0	0.0	0.0	0.0	0.0	0.0	0.0	0.0	0.004723144984807217	0.0	0.0	0.0	0.0	0.0	0.0	0.0	0.0	0.0	0.0	0.0	0.0	0.0	0.0	0.0	0.0	0.0	0.0	0.0	0.0
Peptoniphilus obesi	0.0	0.0	0.0	0.0	0.0	0.0	0.0	0.0	0.0	0.0	0.0	0.0	0.0	0.0	0.0	0.0	0.0	0.0	0.0	0.0	0.0	0.0	0.0	0.0	0.0	0.0	0.0	0.0	0.0	0.0	0.0	0.0	0.0	0.0	0.004723144984807217	0.0	0.0	0.0	0.0	0.0	0.0	0.0	0.0	0.0	0.0	0.0	0.0	0.0	0.0	0.0	0.0	0.0	0.0	0.0	0.0
Streptococcus cristatus	0.0	0.0	0.0	0.0	0.0	0.0	0.0	0.0	0.0	0.0	0.0	0.0	0.0	0.0	0.0	0.0	0.0	0.0	0.0	0.0	0.0	0.0	0.0	0.0	0.0	0.0	0.0	0.0	0.0	0.0	0.0	0.0	0.0	0.0	0.0	0.00804462083020487	0.0	0.0	0.0	0.0	0.0	0.0	0.0	0.0	0.0	0.0	0.0	0.0	0.0	0.0	0.0	0.0	0.0	0.0	0.0
Succiniclasticum (genus)	0.0	0.0	0.0	0.0	0.0	0.0	0.0	0.0	0.0	0.0	0.0	0.0	0.0	0.0	0.0	0.0	0.0	0.0	0.0	0.0	0.0	0.0	0.0	0.0	0.0	0.0	0.0	0.0	0.0	0.0	0.0	0.0	0.0	0.0	0.0	0.0	0.007725587144622991	0.0	0.0	0.0	0.0	0.0	0.0	0.0	0.0	0.0	0.0	0.0	0.0	0.0	0.0	0.004357488343718681	0.0	0.0	0.0
Acidaminococcus intestini	0.0	0.0	0.0	0.0	0.0	0.0	0.0	0.0	0.0	0.0	0.0	0.0	0.0	0.0	0.0	0.0	0.0	0.0	0.0	0.0	0.0	0.0	0.0	0.0	0.0	0.0	0.0	0.0	0.0	0.0	0.0	0.0	0.0	0.0	0.0	0.0	0.0	0.0	0.0	0.0	0.0	0.0	0.0	0.0	0.0	0.0	0.0	0.0	0.004058661182964446	0.0	0.0	0.0	0.0	0.0	0.0
Anaerostipes caccae	0.0	0.0	0.0	0.0	0.0	0.0	0.0	0.0	0.0	0.0	0.0	0.0	0.0	0.0	0.0	0.0	0.0	0.0	0.0	0.0	0.0	0.0	0.0	0.0	0.0	0.0	0.0	0.0	0.0	0.0	0.0	0.0	0.0	0.0	0.0	0.0	0.0	0.0	0.0	0.0	0.0	0.0	0.0	0.0	0.0	0.0	0.0	0.0	0.0	0.011734334663224596	0.0	0.0	0.0	0.0	0.0
Sellimonas (genus)	0.009696969696969697	0.0	0.0	0.0	0.0	0.0	0.0	0.0	0.0	0.0	0.0	0.0	0.0	0.0	0.0	0.0	0.0	0.0	0.0	0.0	0.0	0.0	0.0	0.0	0.0	0.0	0.0	0.0	0.0	0.0	0.0	0.0	0.0	0.0	0.0	0.0	0.0	0.0	0.0	0.0	0.0	0.0	0.0	0.0	0.0	0.0	0.0	0.0	0.0	0.0	0.0	0.0	0.0	0.0	0.0
Nosocomiicoccus ampullae A	0.0	0.0	0.0	0.0	0.0026032175769250794	0.0	0.0	0.0	0.0	0.0	0.0	0.0	0.0	0.0	0.0	0.0	0.0	0.0	0.0	0.0	0.0	0.0	0.0	0.0	0.0	0.0	0.0	0.0	0.0	0.0	0.0	0.0	0.0	0.0	0.0	0.0	0.0	0.0	0.0	0.0	0.0	0.0	0.0	0.0	0.0	0.0	0.0	0.0	0.0	0.0	0.0	0.0	0.0	0.0	0.0
Corynebacterium imitans	0.0	0.0	0.0	0.0	0.0026032175769250794	0.0	0.0	0.0	0.0	0.0	0.0	0.0	0.0	0.0	0.0	0.0	0.0	0.0	0.0	0.0	0.0	0.0	0.0	0.0	0.0	0.0	0.0	0.0	0.0	0.0	0.0	0.0	0.0	0.0	0.0	0.0	0.0	0.0	0.0	0.0	0.0	0.0	0.0	0.0	0.0	0.0	0.0	0.0	0.0	0.0	0.0	0.0	0.0	0.0	0.0
Erysipelotrichaceae_UCG-003 (genus)	0.0	0.0	0.0	0.0	0.0	0.3787878787878788	0.0	0.0	0.0	0.0	0.0	0.0	0.0	0.0	0.0	0.0	0.0	0.0	0.0	0.0	0.0	0.0	0.0	0.0	0.0	0.0	0.0	0.0	0.0	0.0	0.0	0.0	0.0	0.0	0.0	0.0	0.0	0.0	0.0	0.0	0.0	0.0	0.0	0.0	0.0	0.0	0.0	0.0	0.0	0.0	0.0	0.0	0.0	0.0	0.0
Enterococcaceae (family)	0.0	0.0	0.0	0.0	0.0	0.0	0.0	0.0	0.0	0.0	0.0	0.0	0.004259397295282717	0.0	0.0	0.0	0.0	0.0	0.0	0.0	0.0	0.0	0.0	0.0	0.0	0.0	0.0	0.0	0.0	0.0	0.0	0.0	0.0	0.0	0.0	0.0	0.0	0.0	0.0	0.0	0.0	0.0	0.0	0.0	0.0	0.0	0.0	0.0	0.0	0.0	0.0	0.0	0.0	0.0	0.0
Sutterella wadsworthensis	0.0	0.0	0.0	0.0	0.0	0.0	0.0	0.0	0.0	0.0	0.0	0.0	0.0	0.004595060310166571	0.0	0.0	0.0	0.0	0.0	0.0	0.0	0.0	0.0	0.0	0.0	0.0	0.0	0.0	0.0	0.0	0.0	0.0	0.0	0.0	0.0	0.0	0.0	0.0	0.0	0.0	0.0	0.0	0.0	0.0	0.0	0.0	0.0	0.0	0.0	0.0	0.0	0.0	0.0	0.0	0.0
Varibaculum vaginae	0.0	0.0	0.0	0.0	0.0	0.0	0.0	0.0	0.0	0.0	0.0	0.0	0.0	0.0	0.003300765777660417	0.0	0.0	0.0	0.0	0.0	0.0	0.0	0.0	0.0	0.0	0.0	0.0	0.0	0.0	0.0	0.0	0.0	0.0	0.0	0.0	0.0	0.0	0.0	0.0	0.0	0.0	0.0	0.0	0.0	0.0	0.0	0.0	0.0	0.0	0.0	0.0	0.0	0.0	0.0	0.0
Jonquetella anthropi	0.0	0.0	0.0	0.0	0.0	0.0	0.0	0.0	0.0	0.0	0.0	0.0	0.0	0.0	0.003300765777660417	0.0	0.0	0.0	0.0	0.0	0.0	0.0	0.0	0.0	0.0	0.0	0.0	0.0	0.0	0.0	0.0	0.0	0.0	0.0	0.0	0.0	0.0	0.0	0.0	0.0	0.0	0.0	0.0	0.0	0.0	0.0	0.0	0.0	0.0	0.0	0.0	0.0	0.0	0.0	0.0
Pseudoclavibacter (genus)	0.0	0.0	0.0	0.0	0.0	0.0	0.0	0.0	0.0	0.0	0.0	0.0	0.0	0.0	0.0	0.004859086491739553	0.0	0.0	0.0	0.0	0.0	0.0	0.0	0.0	0.0	0.0	0.0	0.0	0.0	0.0	0.0	0.0	0.0	0.0	0.0	0.0	0.0	0.0	0.0	0.0	0.0	0.0	0.0	0.0	0.0	0.0	0.0	0.0	0.0	0.0	0.0	0.0	0.0	0.0	0.0
Prevotella ihumii	0.0	0.0	0.0	0.0	0.0	0.0	0.0	0.0	0.0	0.0	0.0	0.0	0.0	0.0	0.0	0.0	0.003755798013182851	0.0	0.0	0.0	0.0	0.0	0.0	0.0	0.0	0.0	0.0	0.0	0.0	0.0	0.0	0.0	0.0	0.0	0.0	0.0	0.0	0.0	0.0	0.0	0.0	0.0	0.0	0.0	0.0	0.0	0.0	0.0	0.0	0.0	0.0	0.0	0.0	0.0	0.0
S5-A14a sp000758905	0.0	0.0	0.0	0.0	0.0	0.0	0.0	0.0	0.0	0.0	0.0	0.0	0.0	0.0	0.0	0.0	0.0	0.0	0.0024412274491614383	0.0	0.0	0.0	0.0	0.0	0.0	0.0	0.0	0.0	0.0	0.0	0.0	0.0	0.0	0.0	0.0	0.0	0.0	0.0	0.0	0.0	0.0	0.0	0.0	0.0	0.0	0.0	0.0	0.0	0.0	0.0	0.0	0.0	0.0	0.0	0.0
Blautia A sp018919065	0.0	0.0	0.0	0.0	0.0	0.0	0.0	0.0	0.0	0.0	0.0	0.0	0.0	0.0	0.0	0.0	0.0	0.0	0.0	0.0	0.0	0.0044249745563963005	0.0	0.0	0.0	0.0	0.0	0.0	0.0	0.0	0.0	0.0	0.0	0.0	0.0	0.0	0.0	0.0	0.0	0.0	0.0	0.0	0.0	0.0	0.0	0.0	0.0	0.0	0.0	0.0	0.0	0.0	0.0	0.0	0.0
Limosilactobacillus mucosae	0.0	0.0	0.0	0.0	0.0	0.0	0.0	0.0	0.0	0.0	0.0	0.0	0.0	0.0	0.0	0.0	0.0	0.0	0.0	0.0	0.0	0.0	0.0	0.004524886877828054	0.0	0.0	0.0	0.0	0.0	0.0	0.0	0.0	0.0	0.0	0.0	0.0	0.0	0.0	0.0	0.0	0.0	0.0	0.0	0.0	0.0	0.0	0.0	0.0	0.0	0.0	0.0	0.0	0.0	0.0	0.0
Phacus (genus)	0.0	0.0	0.0	0.0	0.0	0.0	0.0	0.0	0.0	0.0	0.0	0.0	0.0	0.0	0.0	0.0	0.0	0.0	0.0	0.0	0.0	0.0	0.0	0.0	0.00249597523992562	0.0	0.0	0.0	0.0	0.0	0.0	0.0	0.0	0.0	0.0	0.0	0.0	0.0	0.0	0.0	0.0	0.0	0.0	0.0	0.0	0.0	0.0	0.0	0.0	0.0	0.0	0.0	0.0	0.0	0.0
Christensenellaceae_R-7_group (genus)	0.0	0.0	0.0	0.0	0.0	0.0	0.0	0.0	0.0	0.0	0.0	0.0	0.0	0.0	0.0	0.0	0.0	0.0	0.0	0.0	0.0	0.0	0.0	0.0	0.0	0.0	0.0031829394445770666	0.0	0.0	0.0	0.0	0.0	0.0	0.0	0.0	0.0	0.0	0.0	0.0	0.0	0.0	0.0	0.0	0.0	0.0	0.0	0.0	0.0	0.0	0.0	0.0	0.0	0.0	0.0	0.0
Turicibacter (genus)	0.0	0.0	0.0	0.0	0.0	0.0	0.0	0.0	0.0	0.0	0.0	0.0	0.0	0.0	0.0	0.0	0.0	0.0	0.0	0.0	0.0	0.0	0.0	0.0	0.0	0.0	0.0031829394445770666	0.0	0.0	0.0	0.0	0.0	0.0	0.0	0.0	0.0	0.0	0.0	0.0	0.0	0.0	0.0026271887766495462	0.0	0.0	0.0	0.0	0.0	0.0	0.0	0.0	0.0	0.0	0.0	0.0	0.0
Olsenella (genus)	0.0	0.0	0.0	0.0	0.0	0.0	0.0	0.0	0.0	0.0	0.0	0.0	0.0	0.0	0.0	0.0	0.0	0.0	0.0	0.0	0.0	0.0	0.0	0.0	0.0	0.0	0.0	0.0	0.0	0.0	0.0	0.0	0.004382024933721873	0.0	0.0	0.0	0.0	0.0	0.0	0.0	0.0	0.0	0.0	0.0	0.0	0.0	0.0	0.0	0.0	0.0	0.0	0.0	0.0	0.0	0.0
Bulleidia moorei	0.0	0.0	0.0	0.0	0.0	0.0	0.0	0.0	0.0	0.0	0.0	0.0	0.0	0.0	0.0	0.0	0.0	0.0	0.0	0.0	0.0	0.0	0.0	0.0	0.0	0.0	0.0	0.0	0.0	0.0	0.0	0.0	0.0	0.0	0.0031487633232048116	0.0	0.0	0.0	0.0	0.0	0.0	0.0	0.0	0.0	0.0	0.0	0.0	0.0	0.0	0.0	0.0	0.0	0.0	0.0	0.0
Senegalimassilia (genus)	0.0	0.0	0.0	0.0	0.0	0.0	0.0	0.0	0.0	0.0	0.0	0.0	0.0	0.0	0.0	0.0	0.0	0.0	0.0	0.0	0.0	0.0	0.0	0.0	0.0	0.0	0.0	0.0	0.0	0.0	0.0	0.0	0.0	0.0	0.0	0.0	0.0	0.003290014805066623	0.0	0.0	0.0	0.0	0.0	0.0	0.0	0.0	0.0	0.0	0.0	0.0	0.0	0.0	0.0	0.0	0.0
Sphingomonas (genus)	0.0	0.0	0.0	0.0	0.0	0.0	0.0	0.0	0.0	0.0	0.0	0.0	0.0	0.0	0.0	0.0	0.0	0.0	0.0	0.0	0.0	0.0	0.0	0.0	0.0	0.0	0.0	0.0	0.0	0.0	0.0	0.0	0.0	0.0	0.0	0.0	0.0	0.0	0.023310023310023312	0.0	0.0	0.0	0.0	0.0	0.0	0.0	0.0	0.0	0.0	0.0	0.0	0.0	0.0	0.0	0.0
Blautia sp000432195	0.0	0.0	0.0	0.0	0.0	0.0	0.0	0.0	0.0	0.0	0.0	0.0	0.0	0.0	0.0	0.0	0.0	0.0	0.0	0.0	0.0	0.0	0.0	0.0	0.0	0.0	0.0	0.0	0.0	0.0	0.0	0.0	0.0	0.0	0.0	0.0	0.0	0.0	0.0	0.017397355601948505	0.0	0.0	0.0	0.0	0.0	0.0	0.0	0.0	0.0	0.0	0.0	0.0	0.0	0.0	0.0
Lysinibacillus (genus)	0.0	0.0	0.0	0.0	0.0	0.0	0.0	0.0	0.0	0.0	0.0	0.0	0.0	0.0	0.0	0.0	0.0	0.0	0.0	0.0	0.0	0.0	0.0	0.0	0.0	0.0	0.0	0.0	0.0	0.0	0.0	0.0	0.0	0.0	0.0	0.0	0.0	0.0	0.0	0.017397355601948505	0.0	0.0	0.0	0.0	0.0	0.0	0.0	0.0	0.0	0.0	0.0	0.0	0.0	0.0	0.0
Eubacterium G ventriosum	0.0	0.0	0.0	0.0	0.0	0.0	0.0	0.0	0.0	0.0	0.0	0.0	0.0	0.0	0.0	0.0	0.0	0.0	0.0	0.0	0.0	0.0	0.0	0.0	0.0	0.0	0.0	0.0	0.0	0.0	0.0	0.0	0.0	0.0	0.0	0.0	0.0	0.0	0.0	0.0	0.05303632988597189	0.0	0.0	0.0	0.0	0.0	0.0	0.0	0.0	0.0	0.0	0.0	0.0	0.0	0.0
Clostridia (class)	0.0	0.0	0.0	0.0	0.0	0.0	0.0	0.0	0.0	0.0	0.0	0.0	0.0	0.0	0.0	0.0	0.0	0.0	0.0	0.0	0.0	0.0	0.0	0.0	0.0	0.0	0.0	0.0	0.0	0.0	0.0	0.0	0.0	0.0	0.0	0.0	0.0	0.0	0.0	0.0	0.0	0.0	0.0	0.0	0.005308982798895732	0.0	0.0	0.0	0.0	0.0	0.0	0.0	0.0	0.0	0.0
Mogibacterium (genus)	0.0	0.0	0.0	0.0	0.0	0.0	0.0	0.0	0.0	0.0	0.0	0.0	0.0	0.0	0.0	0.0	0.0	0.0	0.0	0.0	0.0	0.0	0.0	0.0	0.0	0.0	0.0	0.0	0.0	0.0	0.0	0.0	0.0	0.0	0.0	0.0	0.0	0.0	0.0	0.0	0.0	0.0	0.0	0.0	0.005308982798895732	0.0	0.0	0.0	0.0	0.0	0.0	0.0	0.0	0.0	0.0
Ndongobacter massiliensis	0.0	0.0	0.0	0.0	0.0	0.0	0.0	0.0	0.0	0.0	0.0	0.0	0.0	0.0	0.0	0.0	0.0	0.0	0.0	0.0	0.0	0.0	0.0	0.0	0.0	0.0	0.0	0.0	0.0	0.0	0.0	0.0	0.0	0.0	0.0	0.0	0.0	0.0	0.0	0.0	0.0	0.0	0.0	0.0	0.005308982798895732	0.0	0.0	0.0	0.0	0.0	0.0	0.0	0.0	0.0	0.0
Veillonella parvula	0.0	0.0	0.0	0.0	0.0	0.0	0.0	0.0	0.0	0.0	0.0	0.0	0.0	0.0	0.0	0.0	0.0	0.0	0.0	0.0	0.0	0.0	0.0	0.0	0.0	0.0	0.0	0.0	0.0	0.0	0.0	0.0	0.0	0.0	0.0	0.0	0.0	0.0	0.0	0.0	0.0	0.0	0.0	0.0	0.0	0.0	0.0	0.0	0.0027057741219762973	0.0	0.0	0.0	0.0	0.0	0.0
