Feature ID	Taxon	Confidence
08e8ed3a513a88b5599f505242a281eb	d__Bacteria;p__Firmicutes;c__Bacilli;o__Lactobacillales;f__Lactobacillaceae;g__Lactobacillus;s__	0.9943782099054223
244bee25b63f157f89f1e97e608f5c47	d__Bacteria;p__Firmicutes;c__Bacilli;o__Lactobacillales;f__Lactobacillaceae;g__Lactobacillus;s__	0.9999468313539013
f6c0d5e255fc23b608315df8e9efe557	d__Bacteria;p__Actinobacteriota;c__Actinobacteria;o__Bifidobacteriales;f__Bifidobacteriaceae;g__Gardnerella;s__	0.9999918859589979
64b421b8072426aaddfb8b937fa0ed27	d__Bacteria;p__Actinobacteriota;c__Actinobacteria;o__Bifidobacteriales;f__Bifidobacteriaceae;g__Gardnerella;s__	0.9999891576960941
b24cd5a63c535ff4e55a2506d3cd62bb	d__Bacteria;p__Actinobacteriota;c__Actinobacteria;o__Bifidobacteriales;f__Bifidobacteriaceae;g__Gardnerella;s__	0.9999982967211747
be014e630e00e5c6e3f0ca87daa86d1b	d__Bacteria;p__Actinobacteriota;c__Coriobacteriia;o__Coriobacteriales;f__Atopobiaceae;g__Atopobium;s__	0.9940230917732022
3c53f93a8518ea184d549ebf34217b9d	d__Bacteria;p__Firmicutes;c__Bacilli;o__Lactobacillales;f__Lactobacillaceae;g__Lactobacillus;s__	0.9974510847838723
96f9d59d4d210fbeb71ba39924965ac1	d__Bacteria;p__Actinobacteriota;c__Actinobacteria;o__Bifidobacteriales;f__Bifidobacteriaceae;g__Gardnerella;s__	0.9999966503297171
f3ca08f9bbac735a9686685ad95f238e	d__Bacteria;p__Firmicutes;c__Bacilli;o__Lactobacillales;f__Lactobacillaceae;g__Lactobacillus;s__	0.7936932427277191
2156fb6df9754022915f729e6be6dacb	d__Bacteria;p__Firmicutes;c__Clostridia;o__Lachnospirales;f__Lachnospiraceae;g__Shuttleworthia;s__	0.9979112988447032
2e3e409911947f6b58055dac76eafff2	d__Bacteria;p__Actinobacteriota;c__Actinobacteria;o__Bifidobacteriales;f__Bifidobacteriaceae;g__Gardnerella;s__	0.9999950749495589
a0d03ba5342c2c82ac244c0c5ef28b92	d__Bacteria;p__Firmicutes;c__Bacilli;o__Bacillales;f__Bacillaceae;g__Bacillus;s__	0.9972381043579757
90d9eedcc5abdca89fdde5dc9d39c5bd	d__Bacteria;p__Actinobacteriota;c__Actinobacteria;o__Bifidobacteriales;f__Bifidobacteriaceae;g__Gardnerella;s__	0.9999972186740845
219bf05081c570e0bd614b8eca79a45a	d__Bacteria;p__Actinobacteriota;c__Actinobacteria;o__Bifidobacteriales;f__Bifidobacteriaceae;g__Gardnerella;s__	0.9999928227110286
a77d626c3feb181838ff510becf62a4c	d__Bacteria;p__Actinobacteriota;c__Coriobacteriia;o__Coriobacteriales;f__Eggerthellaceae;g__DNF00809;s__	0.9109030270486692
afac6a141515195406ddeab12a6a92da	d__Bacteria;p__Firmicutes;c__Clostridia;o__Oscillospirales;f__Hungateiclostridiaceae;g__Fastidiosipila;s__	0.81244693400092
32df06b2a0b62ad95ab8c30ddbbf86e7	d__Bacteria;p__Firmicutes;c__Clostridia;o__Peptostreptococcales-Tissierellales;f__Family_XI;g__Peptoniphilus;s__	0.999999948263509
e52d36cd246f70457aa8dfff5a2f0a88	d__Bacteria;p__Actinobacteriota;c__Actinobacteria;o__Bifidobacteriales;f__Bifidobacteriaceae;g__Gardnerella;s__	0.9999969275721432
40210f620a58fb29345647d4b7eb1be0	d__Bacteria;p__Firmicutes;c__Bacilli;o__Lactobacillales;f__Aerococcaceae;g__Aerococcus;s__	0.9999060564648116
c249039d37b9fd9ff22c461306dfa4a3	d__Bacteria;p__Firmicutes;c__Bacilli;o__Lactobacillales;f__Lactobacillaceae;g__Lactobacillus;s__	0.9939849814553978
9c764add3dc12dd31637739ff3f99964	d__Bacteria;p__Firmicutes;c__Negativicutes;o__Veillonellales-Selenomonadales;f__Veillonellaceae;g__Megasphaera;s__	0.9965714323536211
ae4856cae278ed9fd40765dc33cf9ae0	d__Bacteria;p__Firmicutes;c__Clostridia;o__Peptostreptococcales-Tissierellales;f__Family_XI;g__Anaerococcus;s__	0.9999999999542695
adbc1db7e5c7e9be79234c1d8c56edb1	d__Bacteria;p__Actinobacteriota;c__Actinobacteria;o__Actinomycetales;f__Actinomycetaceae;g__Mobiluncus;s__	0.9999999826088415
a2260febd78fe3d006fe1f4dc2a18b1b	d__Bacteria;p__Actinobacteriota;c__Actinobacteria;o__Bifidobacteriales;f__Bifidobacteriaceae;g__Gardnerella;s__	0.9999940702978896
239021f8cdf2dd17c1ab8d3fc0e45160	d__Bacteria;p__Firmicutes;c__Negativicutes;o__Veillonellales-Selenomonadales;f__Veillonellaceae;g__Megasphaera;s__	0.9967814793123609
34c20dd72356856804a5f631f10b709a	d__Bacteria;p__Firmicutes;c__Bacilli;o__Lactobacillales;f__Lactobacillaceae;g__Lactobacillus;s__	0.9979947784293138
bf3967a4fe8cb342e391cc320dc9378b	d__Bacteria;p__Actinobacteriota;c__Coriobacteriia;o__Coriobacteriales;f__Atopobiaceae;g__Atopobium;s__	0.9906612853200827
73c50833ed5bc0ed6f4463e5881940e1	d__Bacteria;p__Firmicutes;c__Clostridia;o__Peptostreptococcales-Tissierellales;f__Family_XI;g__Parvimonas;s__	0.9999834632960147
98e84c68971e61970ee393dfa55cb569	d__Bacteria;p__Fusobacteriota;c__Fusobacteriia;o__Fusobacteriales;f__Leptotrichiaceae;g__Sneathia;s__	0.9999882174169651
196a7fa4e2ec386be9c8d33942c75407	d__Bacteria;p__Patescibacteria;c__Saccharimonadia;o__Saccharimonadales;f__Saccharimonadales;g__Saccharimonadales;s__	0.9999006187942405
0ddd7b91e7368df6c751335a155f4cb2	d__Bacteria;p__Actinobacteriota;c__Coriobacteriia;o__Coriobacteriales;f__Atopobiaceae;g__Atopobium;s__	0.7987555481536249
a0fc151f0503c95f847450b01cead1c8	d__Bacteria;p__Bacteroidota;c__Bacteroidia;o__Bacteroidales;f__Prevotellaceae;g__Prevotella;s__	0.890276509016248
1409ee0cccd1e376e228b0790bcf5e86	d__Bacteria;p__Actinobacteriota;c__Actinobacteria;o__Actinomycetales;f__Actinomycetaceae;g__Mobiluncus;s__	0.9999991525468669
ed70988c5d12600eef5de222e2981dd0	d__Bacteria;p__Firmicutes;c__Clostridia;o__Peptostreptococcales-Tissierellales;f__Peptostreptococcaceae;g__Peptostreptococcus;s__	0.9999855483035615
a60911278e2f5c1334785d4df68163dd	d__Bacteria;p__Actinobacteriota;c__Actinobacteria;o__Bifidobacteriales;f__Bifidobacteriaceae;g__Gardnerella;s__	0.999998573702521
e0090cc5f6a0aa8d1772e5e657a68429	d__Bacteria;p__Fusobacteriota;c__Fusobacteriia;o__Fusobacteriales;f__Leptotrichiaceae;g__Sneathia;s__	0.9999983656039148
569418df588c6249c6525811063aacf5	d__Bacteria;p__Firmicutes;c__Clostridia;o__Peptostreptococcales-Tissierellales;f__Family_XI;g__Finegoldia;s__	0.9999999874835056
70cbe716165bc16f405d6beb138a16f7	d__Bacteria;p__Firmicutes;c__Bacilli;o__Lactobacillales;f__Aerococcaceae;g__Aerococcus;s__	0.9998997252063719
baf03a847e580e6a97272b8d94c57f75	d__Bacteria;p__Firmicutes;c__Bacilli;o__Lactobacillales;f__Lactobacillaceae;g__Lactobacillus;s__	0.9999547475125368
d106b15407a144b1ee12e4a81c497538	d__Bacteria;p__Firmicutes;c__Bacilli;o__Lactobacillales;f__Lactobacillaceae;g__Lactobacillus;s__	0.9999513701447557
a6e48a96c4ec4ff8fe43f5f17b90846d	d__Bacteria;p__Firmicutes;c__Bacilli;o__Lactobacillales;f__Lactobacillaceae;g__Lactobacillus;s__	0.9918464259104066
7478372f56e261252c121f5d91159d55	d__Bacteria;p__Actinobacteriota;c__Actinobacteria;o__Bifidobacteriales;f__Bifidobacteriaceae;g__Gardnerella;s__	0.999999178439051
65860a17ff714920365878436925035f	d__Bacteria;p__Firmicutes;c__Clostridia;o__Peptostreptococcales-Tissierellales;f__Family_XI;g__Peptoniphilus;s__	0.999986916911531
ae52af9a887f0f1cd7a67843c1231e1d	d__Bacteria;p__Firmicutes;c__Clostridia;o__Peptostreptococcales-Tissierellales;f__Family_XI;g__Finegoldia;s__	0.9999999484732611
c6bf31fa78869d7716f8ed9ad70f2a26	d__Bacteria;p__Firmicutes;c__Bacilli;o__Lactobacillales;f__Lactobacillaceae;g__Lactobacillus;s__	0.9999619057147124
9f729713741abe0c0624e5911529c89c	d__Bacteria;p__Bacteroidota;c__Bacteroidia;o__Bacteroidales;f__Prevotellaceae	0.9995164048308116
a73bd96b119d77e58fb72de3c4b3c249	d__Bacteria;p__Firmicutes;c__Bacilli;o__Lactobacillales;f__Lactobacillaceae;g__Lactobacillus;s__	0.9981917328809573
ea9c73889170f4bf8cd3ba8543d449e0	d__Bacteria;p__Actinobacteriota;c__Actinobacteria;o__Bifidobacteriales;f__Bifidobacteriaceae;g__Gardnerella;s__	0.9999993889549492
1f13441c2be694f5bf0e928056d61b07	d__Bacteria;p__Bacteroidota;c__Bacteroidia;o__Bacteroidales;f__Prevotellaceae;g__Prevotella;s__	0.8955305117872613
1a1354fe107fd3ebd7c70b06baed901a	d__Bacteria;p__Firmicutes;c__Negativicutes;o__Veillonellales-Selenomonadales;f__Veillonellaceae;g__Veillonella;s__	0.999973428400187
d58fd7670e6a3059323409645a25b83c	d__Bacteria;p__Bacteroidota;c__Bacteroidia;o__Bacteroidales;f__Prevotellaceae;g__Prevotella_7;s__	0.894346658654476
0abd16a3d6977bfd80d1b38ba2fd1769	d__Bacteria;p__Firmicutes;c__Negativicutes;o__Veillonellales-Selenomonadales;f__Veillonellaceae;g__Veillonella;s__	0.9999669722261211
814455a93d42ede890e7d67164408dff	d__Bacteria;p__Bacteroidota;c__Bacteroidia;o__Bacteroidales;f__Prevotellaceae	0.9991984866536687
3cda494722f229309f4d049ebfe17996	d__Bacteria;p__Firmicutes;c__Negativicutes;o__Veillonellales-Selenomonadales;f__Veillonellaceae;g__Veillonellaceae;s__	0.7941645494280556
010551545488b3e8683b21cc278d0f16	d__Bacteria;p__Firmicutes;c__Bacilli;o__Bacillales;f__Bacillaceae;g__Bacillus;s__	0.9972400975715539
7d8ece1a68ae822473ace5afd9845fd8	d__Bacteria;p__Firmicutes;c__Bacilli;o__Staphylococcales;f__Gemellaceae;g__Gemella;s__	0.9999200927173363
8c648c8253b836967ffa8b7da1d25cd9	d__Bacteria;p__Actinobacteriota;c__Actinobacteria;o__Actinomycetales;f__Actinomycetaceae;g__Actinomycetaceae;s__	0.9995490287482225
fe53abad3dd8da862bfeb871ade7a083	d__Bacteria;p__Fusobacteriota;c__Fusobacteriia;o__Fusobacteriales;f__Leptotrichiaceae;g__Sneathia;s__	0.9999904086179867
9179899eea548ef0e95991b0159ee6d6	d__Bacteria;p__Firmicutes;c__Bacilli;o__Mycoplasmatales;f__Mycoplasmataceae;g__Mycoplasma;s__	0.9999889157752874
5b378f3411e200bbcdb194496a69a4fd	d__Bacteria;p__Firmicutes;c__Negativicutes;o__Veillonellales-Selenomonadales;f__Veillonellaceae;g__Megasphaera;s__	0.9965563701287344
f329fcbe86dd1ecb7e433b0e589561c5	d__Bacteria;p__Fusobacteriota;c__Fusobacteriia;o__Fusobacteriales;f__Leptotrichiaceae;g__Sneathia;s__	0.9999984879227447
f3209ec09158a6212f1aaa2827a3bc84	d__Bacteria;p__Firmicutes;c__Bacilli;o__Bacillales;f__Bacillaceae;g__Bacillus;s__	0.9972783206269222
b803764a3bf4c19193100cbe10778b1b	d__Bacteria;p__Firmicutes;c__Bacilli;o__Lactobacillales;f__Lactobacillaceae;g__Lactobacillus;s__	0.7376342763324418
92240a8c577476ff4a3a87e978413545	d__Bacteria;p__Actinobacteriota;c__Actinobacteria;o__Actinomycetales;f__Actinomycetaceae;g__Mobiluncus;s__	0.9999999971310559
0df708151d5fa2509903b8c008beefe7	d__Bacteria;p__Firmicutes;c__Bacilli;o__Bacillales;f__Bacillaceae;g__Bacillus;s__	0.9947974393599808
12ceb942f9c1a66cb94a28b62b79261d	d__Bacteria;p__Actinobacteriota;c__Actinobacteria;o__Bifidobacteriales;f__Bifidobacteriaceae;g__Gardnerella;s__	0.9999936065114274
4c155eccb7798fac0d7d6e19a3f746b4	d__Bacteria;p__Firmicutes;c__Negativicutes;o__Veillonellales-Selenomonadales;f__Veillonellaceae;g__Veillonella;s__	0.9999781388696815
05b6c7139e469986ed4f615b0702540f	d__Bacteria;p__Firmicutes;c__Bacilli;o__Lactobacillales;f__Lactobacillaceae;g__Lactobacillus;s__	0.99990447392139
905c46e1d8c3b97dc1781ae8b620d7da	d__Bacteria;p__Bacteroidota;c__Bacteroidia;o__Bacteroidales;f__Prevotellaceae;g__Prevotella_7;s__	0.9960969313506033
2f4a2b08eec8d8d5f66dc0d20552881f	d__Bacteria;p__Proteobacteria;c__Gammaproteobacteria;o__Enterobacterales;f__Enterobacteriaceae;g__Escherichia-Shigella;s__	0.998561396901536
a468db7d36ad57745799332372f5b057	d__Bacteria;p__Bacteroidota;c__Bacteroidia;o__Bacteroidales;f__Prevotellaceae	0.9993061420578404
ef4750a3de155450563cd25aecbcf276	d__Bacteria;p__Bacteroidota;c__Bacteroidia;o__Bacteroidales;f__Prevotellaceae;g__Prevotella;s__	0.8895545885550576
81e40af97682650fc2dec20a930fa5af	d__Bacteria;p__Bacteroidota;c__Bacteroidia;o__Bacteroidales;f__Prevotellaceae;g__Prevotella;s__	0.8219258543395317
f1bbd8d2a8bfc423e74e967428ecd638	d__Bacteria;p__Firmicutes;c__Bacilli;o__Lactobacillales;f__Lactobacillaceae;g__HT002;s__	0.8873799898791419
9fe1b0a8238141b2ce40ed1a7426de0c	d__Bacteria;p__Firmicutes;c__Bacilli;o__Lactobacillales;f__Lactobacillaceae;g__Lactobacillus;s__	0.990709568978667
8ae505e99f4f795432fa879f5557a955	d__Bacteria;p__Firmicutes;c__Clostridia;o__Oscillospirales;f__Hungateiclostridiaceae;g__Mageeibacillus;s__	0.9999571618132428
cc3c5aed2bae31f85cfdfd9174340ef9	d__Bacteria;p__Firmicutes;c__Bacilli;o__Lactobacillales;f__Aerococcaceae;g__Aerococcus;s__	0.9998054572663658
34272e5acf8bda74002ed691482dd980	d__Bacteria;p__Firmicutes;c__Bacilli;o__Lactobacillales;f__Lactobacillaceae;g__HT002;s__	0.9149284051450031
7022e969007ef3c8699f673b136e033d	d__Bacteria;p__Bacteroidota;c__Bacteroidia;o__Bacteroidales;f__Porphyromonadaceae;g__Porphyromonas;s__	0.9888490303197094
1f6ca7b99aaae4f623b85a5937c1d908	d__Bacteria;p__Firmicutes;c__Bacilli;o__Lactobacillales;f__Lactobacillaceae;g__Lactobacillus;s__	0.9929473625822984
b012e4baaccdb5eb2565ded9abbe76bc	d__Bacteria;p__Actinobacteriota;c__Coriobacteriia;o__Coriobacteriales;f__Eggerthellaceae;g__Cryptobacterium;s__	0.9999982240408795
8712ec0e52f053670f8c709ceda6d482	d__Bacteria;p__Firmicutes;c__Negativicutes;o__Veillonellales-Selenomonadales;f__Veillonellaceae;g__Dialister;s__	0.9993703094199397
a73e820aefe0b5b07e41a37c2fad683b	d__Bacteria;p__Firmicutes;c__Negativicutes;o__Veillonellales-Selenomonadales;f__Veillonellaceae;g__Dialister;s__	0.9989929576896796
006f75621a34a4ce85537c3693dc11d6	d__Bacteria;p__Bacteroidota;c__Bacteroidia;o__Bacteroidales;f__Prevotellaceae;g__Prevotella;s__	0.784518969595549
7f6a4b47d12e78eee63951fcc6fc92ba	d__Bacteria;p__Firmicutes;c__Bacilli;o__Staphylococcales;f__Gemellaceae;g__Gemella;s__	0.9999634443841001
deaf0e4396d1821eb56542223d3bad08	d__Bacteria;p__Actinobacteriota;c__Actinobacteria;o__Actinomycetales;f__Actinomycetaceae;g__Actinomycetaceae;s__	0.9990067328785931
59dfabe350e121d71eca0fb0bd5b54f8	d__Bacteria;p__Actinobacteriota;c__Actinobacteria;o__Bifidobacteriales;f__Bifidobacteriaceae;g__Bifidobacterium;s__	0.9999904812777906
5e9a84525027398f47332f9df482cb39	d__Bacteria;p__Firmicutes;c__Bacilli;o__Lactobacillales;f__Lactobacillaceae;g__Lactobacillus;s__	0.9998848026515017
4ac141b55063c2462b91cbf4dad96965	d__Bacteria;p__Firmicutes;c__Clostridia;o__Peptostreptococcales-Tissierellales;f__Family_XI;g__Anaerococcus;s__	0.9999999976344612
962ff1fa46b0c9a7612666e251e16eb6	d__Bacteria;p__Actinobacteriota;c__Coriobacteriia;o__Coriobacteriales;f__Atopobiaceae;g__Atopobium;s__	0.9987431555154064
ef2086e5b904266f8bb76c0f4ac7cd39	d__Bacteria;p__Firmicutes;c__Bacilli;o__Staphylococcales;f__Gemellaceae;g__Gemella;s__	0.9998960010072606
7caf4c4618458bef525e5b76e4f0c33c	d__Bacteria;p__Bacteroidota;c__Bacteroidia;o__Bacteroidales;f__Prevotellaceae;g__Prevotella_7;s__	0.9962669207945175
c94134f734a00b28575996a136e3c4cd	d__Bacteria;p__Actinobacteriota;c__Actinobacteria;o__Bifidobacteriales;f__Bifidobacteriaceae;g__Gardnerella;s__	0.9999986320101448
013ecd818bc4a67b41808376d4d7b8e0	d__Bacteria;p__Bacteroidota;c__Bacteroidia;o__Bacteroidales;f__Prevotellaceae	0.9993642749367618
ba8f37b0dd6b287110efbe46dca3fbbe	d__Bacteria;p__Actinobacteriota;c__Coriobacteriia;o__Coriobacteriales;f__Atopobiaceae;g__Atopobium;s__	0.9986756878963469
53e45537d6f74f223a8b667049183ae5	d__Bacteria;p__Bacteroidota;c__Bacteroidia;o__Bacteroidales;f__Prevotellaceae;g__Prevotella;s__	0.861053528251581
871859321ddcfa7de07e35986c052586	d__Bacteria;p__Bacteroidota;c__Bacteroidia;o__Bacteroidales;f__Prevotellaceae;g__Prevotella_7;s__	0.9959144073156941
9409f055c22a88895aecbbd9a3533426	d__Bacteria;p__Bacteroidota;c__Bacteroidia;o__Bacteroidales;f__Prevotellaceae;g__Prevotella_7;s__	0.9127860168469062
3bf03ee892f351afe5afde375aa1a5de	d__Bacteria;p__Bacteroidota;c__Bacteroidia;o__Bacteroidales;f__Prevotellaceae	0.9993085169875575
1a3a2cdd96ead675e6e364d7e104bd15	d__Bacteria;p__Bacteroidota;c__Bacteroidia;o__Bacteroidales;f__Prevotellaceae;g__Prevotella_7;s__	0.9954021648702337
9ff5872501ddc8d88c8e1756654298af	d__Bacteria;p__Bacteroidota;c__Bacteroidia;o__Bacteroidales;f__Prevotellaceae;g__Prevotella;s__	0.739483757721411
ff9462c1c35e1143bb12e88ffba2a4ac	d__Bacteria;p__Bacteroidota;c__Bacteroidia;o__Bacteroidales;f__Prevotellaceae;g__Prevotella_7;s__	0.9961379844998061
6a043121fbba3682ba79a6e5520c76e9	d__Bacteria;p__Firmicutes;c__Clostridia;o__Peptostreptococcales-Tissierellales;f__Family_XI;g__Peptoniphilus;s__	0.999898081565559
c3eff5e6e58f962628f5ce2dbdeaa662	d__Bacteria;p__Bacteroidota;c__Bacteroidia;o__Bacteroidales;f__Prevotellaceae	0.9998147505859635
6bcc592616dc5f308c3c7233f0cba2f6	d__Bacteria;p__Firmicutes;c__Clostridia;o__Peptostreptococcales-Tissierellales;f__Family_XI;g__Peptoniphilus;s__	0.9999999289982807
0a2348d52951a7c9deba04dd369ef492	d__Bacteria;p__Firmicutes;c__Bacilli;o__Lactobacillales;f__Lactobacillaceae;g__Lactobacillus;s__	0.9999456094889848
7ecf2791f33b4a8f0244f15e0cc23b77	d__Bacteria;p__Bacteroidota;c__Bacteroidia;o__Bacteroidales;f__Prevotellaceae;g__Prevotella;s__	0.884377939861212
e4c91e5376fb1cd2051e28a751f392c7	d__Bacteria;p__Actinobacteriota;c__Actinobacteria;o__Bifidobacteriales;f__Bifidobacteriaceae;g__Bifidobacterium;s__	0.9999858136140609
78f1d9045587216f5b82d43dd0678225	d__Bacteria;p__Actinobacteriota;c__Actinobacteria;o__Bifidobacteriales;f__Bifidobacteriaceae;g__Gardnerella;s__	0.9999922165380548
fd204f7a88e546b2288fb9b86489ba32	d__Bacteria;p__Bacteroidota;c__Bacteroidia;o__Bacteroidales;f__Bacteroidaceae;g__Bacteroides;s__	0.9999970009905959
d49defade3316e90a83eaef200a78022	d__Bacteria;p__Firmicutes;c__Bacilli;o__Lactobacillales;f__Streptococcaceae;g__Streptococcus;s__	0.9996064351850088
21d7e62dcb41af8594c4df7553f91843	d__Bacteria;p__Firmicutes;c__Clostridia;o__Peptostreptococcales-Tissierellales;f__Family_XI;g__Anaerococcus;s__	0.9999999998740066
9adce6a64069775cca366cf05111020e	d__Bacteria;p__Firmicutes;c__Bacilli;o__Staphylococcales;f__Gemellaceae;g__Gemella;s__	0.999953165110065
434fa31e3ec60ed65247eb324f4c84bd	d__Bacteria;p__Firmicutes;c__Bacilli;o__Lactobacillales;f__Lactobacillaceae;g__Lactobacillus;s__	0.9980189973580966
560a5d84258f2db058e43bad5c58cce1	d__Bacteria;p__Firmicutes;c__Bacilli;o__Lactobacillales;f__Lactobacillaceae;g__Lactobacillus;s__	0.7752145190975374
783030bc038dc40211fa02898dc0d94a	d__Bacteria;p__Bacteroidota;c__Bacteroidia;o__Bacteroidales;f__Prevotellaceae;g__Prevotella;s__	0.8529158062784307
9643175cd2d125a35d606a37a24720a6	d__Bacteria;p__Firmicutes;c__Bacilli;o__Lactobacillales;f__Lactobacillaceae;g__Lactobacillus;s__	0.9999201047819564
185cd34faccd76a1f988b48d915115d3	d__Bacteria;p__Firmicutes;c__Clostridia;o__Peptostreptococcales-Tissierellales;f__Family_XI;g__Anaerococcus;s__	0.999999999930509
8e82d39c0f0fc22eeb078ebb25f9caf3	d__Bacteria;p__Firmicutes;c__Bacilli;o__Lactobacillales;f__Lactobacillaceae;g__Limosilactobacillus;s__	0.9932724704629552
ec546260877e924d74a20f60ab167f07	d__Bacteria;p__Firmicutes;c__Clostridia;o__Peptostreptococcales-Tissierellales;f__Family_XI;g__Anaerococcus;s__	0.9999999989761649
d443d45b9452b33e2f15317f488a8aff	d__Bacteria;p__Actinobacteriota;c__Coriobacteriia;o__Coriobacteriales;f__Coriobacteriaceae;g__Collinsella;s__	0.9999965820286298
5c56d84ebf69e8db80bb3d84ec3a70a1	d__Bacteria;p__Bacteroidota;c__Bacteroidia;o__Bacteroidales;f__Prevotellaceae;g__Prevotella;s__	0.8444090150337424
7919e06f1fb974b40cc4eb4f98fafbc8	d__Bacteria;p__Firmicutes;c__Clostridia;o__Peptostreptococcales-Tissierellales;f__Family_XI;g__Peptoniphilus;s__	0.9999122599223319
160d700650ddc37d7dda1730243db151	d__Bacteria;p__Bacteroidota;c__Bacteroidia;o__Bacteroidales;f__Prevotellaceae;g__Prevotella;s__	0.8768915182218009
6473f5042bdb304de3bda35900f9c12b	d__Bacteria;p__Bacteroidota;c__Bacteroidia;o__Bacteroidales;f__Prevotellaceae;g__Prevotella_7;s__	0.8751494249904374
b640075e163577efe372da8fa1c0c7cf	d__Bacteria;p__Bacteroidota;c__Bacteroidia;o__Bacteroidales;f__Prevotellaceae	0.9998566500120063
108ec75ebd3d17a56bfabec9ab334e0e	d__Bacteria;p__Firmicutes;c__Clostridia;o__Peptostreptococcales-Tissierellales;f__Family_XI;g__Fenollaria;s__	0.9999999542681348
743cfcc9f4764acb8986d440256ec5c6	d__Bacteria;p__Firmicutes;c__Clostridia;o__Peptostreptococcales-Tissierellales;f__Family_XI;g__Anaerococcus;s__	0.999999991543831
aa872b9a024f9b341b844c287680cc2c	d__Bacteria;p__Firmicutes;c__Bacilli;o__Lactobacillales;f__Streptococcaceae;g__Streptococcus;s__	0.9999481227583993
ff7aee72f9acd097656fa7154a0e7c8d	d__Bacteria;p__Actinobacteriota;c__Actinobacteria;o__Bifidobacteriales;f__Bifidobacteriaceae;g__Gardnerella;s__	0.9999858298216805
2168dccf99c0d45fbcc4eab4367a2efa	d__Bacteria;p__Firmicutes;c__Bacilli;o__Lactobacillales;f__Lactobacillaceae;g__Lactobacillus;s__	0.9991330344828189
7c1b27dede8b5bb2a1779da2ad3a5619	d__Bacteria;p__Bacteroidota;c__Bacteroidia;o__Bacteroidales;f__Prevotellaceae	0.999833997244467
e1939986bfeb28ed10de6c1919c7c7b7	d__Bacteria;p__Actinobacteriota;c__Actinobacteria;o__Bifidobacteriales;f__Bifidobacteriaceae;g__Gardnerella;s__	0.9999812539914842
a18fe364be913867ccaf93376305af15	d__Bacteria;p__Firmicutes;c__Clostridia;o__Peptococcales;f__Peptococcaceae;g__Peptococcus;s__	0.9999949121210933
f7a1c2a7dc74eb24446faaa79f519ee6	d__Bacteria;p__Firmicutes;c__Clostridia;o__Lachnospirales;f__Lachnospiraceae;g__Agathobacter;s__	0.9042141723655758
a9974f0d235091256b86a3fb1ab8c17e	d__Bacteria;p__Firmicutes;c__Clostridia;o__Lachnospirales;f__Lachnospiraceae;g__Howardella;s__	0.9999720033037612
3618742c4affb5997fb6806c14edc93c	d__Bacteria;p__Bacteroidota;c__Bacteroidia;o__Bacteroidales;f__Prevotellaceae	0.9998480255151487
7e73743808f2d2c40210690b5df70be6	d__Bacteria;p__Firmicutes;c__Bacilli;o__Lactobacillales;f__Aerococcaceae;g__Aerococcus;s__	0.9995142089146165
67b314a9452117a73281cf037545d276	d__Bacteria;p__Bacteroidota;c__Bacteroidia;o__Bacteroidales;f__Prevotellaceae	0.9997977404884976
ffc0b54d2cb741f130344a4e95506a70	d__Bacteria;p__Actinobacteriota;c__Coriobacteriia;o__Coriobacteriales;f__Atopobiaceae;g__Atopobium;s__	0.9831067530051597
93f86231a4550a9cf69d1c45b86c3760	d__Bacteria;p__Bacteroidota;c__Bacteroidia;o__Bacteroidales;f__Prevotellaceae;g__Prevotella;s__	0.852711187455452
51a09b78e0f91383abd14e6d22e18839	d__Bacteria;p__Bacteroidota;c__Bacteroidia;o__Bacteroidales;f__Prevotellaceae	0.9999094797117755
7576f8b3de8911428b6c8ce9dcb15a3d	d__Bacteria;p__Bacteroidota;c__Bacteroidia;o__Bacteroidales;f__Prevotellaceae;g__Prevotella;s__	0.82578417312642
a63b30da3075fdd5350f4314e82f0942	d__Bacteria;p__Bacteroidota;c__Bacteroidia;o__Bacteroidales;f__Prevotellaceae	0.9999715436203669
74bed3ea8554ffe2985e18fa2edb2df5	d__Bacteria;p__Bacteroidota;c__Bacteroidia;o__Bacteroidales;f__Prevotellaceae;g__Prevotella;s__	0.877343210320667
22f3835a3555505ea917ed612a6adaba	d__Bacteria;p__Actinobacteriota;c__Coriobacteriia;o__Coriobacteriales;f__Atopobiaceae;g__Atopobium;s__	0.9962501674187119
5881bb20a5699e35017633aa882befb5	d__Bacteria;p__Firmicutes;c__Negativicutes;o__Acidaminococcales;f__Acidaminococcaceae;g__Phascolarctobacterium;s__	0.9999805768494211
b260c77c7f650ec1a49d860ade8589d1	d__Bacteria;p__Fusobacteriota;c__Fusobacteriia;o__Fusobacteriales;f__Leptotrichiaceae;g__Sneathia;s__	0.999991448854541
8a73fe8e68e93d8fe8fba701d53288da	d__Bacteria;p__Firmicutes;c__Negativicutes;o__Veillonellales-Selenomonadales;f__Veillonellaceae;g__Veillonellaceae;s__	0.9789022422603417
b82b3bff3447fe0dc7b4512d455b00b7	d__Bacteria;p__Actinobacteriota;c__Actinobacteria	0.9982615450923582
ba9bb36244381c04460404798eca0466	d__Bacteria;p__Actinobacteriota;c__Actinobacteria;o__Actinomycetales;f__Actinomycetaceae;g__Arcanobacterium;s__	0.9976585397555523
9d9a9602291cbf3f1cf4f978cb3cbda2	d__Bacteria;p__Firmicutes;c__Bacilli;o__Lactobacillales;f__Lactobacillaceae;g__Lactobacillus;s__	0.8322799275420348
a91ae57cebba7e981b87a464fe8b0e49	d__Bacteria;p__Firmicutes;c__Bacilli;o__Lactobacillales;f__Lactobacillaceae;g__Lactobacillus;s__	0.9978400911391311
f9ce1dd6d883fc0c8b12539dd4bc295e	d__Bacteria;p__Bacteroidota;c__Bacteroidia;o__Bacteroidales;f__Prevotellaceae;g__Prevotella_7;s__	0.9003154569715782
92c294ec60947047494d7431d517715b	d__Bacteria;p__Firmicutes;c__Clostridia;o__Peptostreptococcales-Tissierellales;f__Family_XI;g__Peptoniphilus;s__	0.9999311857404195
1f671c19e77059eab03e0646c269714f	d__Bacteria;p__Firmicutes;c__Bacilli;o__Staphylococcales;f__Staphylococcaceae;g__Staphylococcus;s__	0.9999935811764779
e6780c0bd7cd6bd5b15b575ee458a0fb	d__Bacteria;p__Firmicutes;c__Clostridia;o__Peptostreptococcales-Tissierellales;f__Family_XI;g__Anaerococcus;s__	0.9999999998366036
5f70f4532c3401b233c186fee569e57b	d__Bacteria;p__Firmicutes;c__Clostridia;o__Peptostreptococcales-Tissierellales;f__Family_XI;g__Parvimonas;s__	0.9999567684981255
9c41197063c63ceb1b76608a0f70e7dc	d__Bacteria;p__Firmicutes;c__Bacilli;o__Lactobacillales;f__Streptococcaceae;g__Streptococcus;s__	0.9997597817816781
a1bd9e854f70c8d5670a1a78ea82a408	d__Bacteria;p__Firmicutes;c__Clostridia;o__Lachnospirales;f__Lachnospiraceae;g__Shuttleworthia;s__	0.9969165159009665
36d8851acabc2681999238d7b65f3b7d	d__Bacteria;p__Firmicutes;c__Clostridia;o__Clostridiales;f__Clostridiaceae;g__Clostridium_sensu_stricto_1;s__	0.9428402303069406
4874dbd06c7f06dce2891c5ddf260f09	d__Bacteria;p__Bacteroidota;c__Bacteroidia;o__Bacteroidales;f__Prevotellaceae;g__Prevotella;s__	0.799326037261547
5f4df1b46b3ef2a9cbd173c0b8a7f3a6	d__Bacteria;p__Firmicutes;c__Bacilli;o__Lactobacillales;f__Lactobacillaceae;g__Lactobacillus;s__	0.9959069262437766
ddbf23c8c5653d14479d9bf997ef7e1b	d__Bacteria;p__Bacteroidota;c__Bacteroidia;o__Bacteroidales;f__Bacteroidaceae;g__Bacteroides;s__	0.9999815785908468
38f9479d2f37d1036274704b09d2e3c5	d__Bacteria;p__Firmicutes;c__Clostridia;o__Lachnospirales;f__Lachnospiraceae;g__Blautia;s__	0.9845917061529625
f8f17adacef3bb7cdccfde91b29e210c	d__Bacteria;p__Firmicutes;c__Negativicutes;o__Veillonellales-Selenomonadales;f__Veillonellaceae;g__Megasphaera;s__	0.9954491677318985
89fdfed0daa1852ef44dcff4d1090b31	d__Bacteria;p__Bacteroidota;c__Bacteroidia;o__Bacteroidales;f__Bacteroidaceae;g__Bacteroides;s__	0.9999878484186326
caac61a3d56b40ee44fc7a44d1a7cad5	d__Bacteria;p__Actinobacteriota;c__Coriobacteriia;o__Coriobacteriales;f__Eggerthellaceae;g__Slackia;s__	0.9965226884278281
abb93258f9386db272a6c093fa48214f	d__Bacteria;p__Bacteroidota;c__Bacteroidia;o__Bacteroidales;f__Prevotellaceae;g__Prevotella;s__	0.8852034850670257
5a22f4191c8e78514cbd2cc4b9f77cf8	d__Bacteria;p__Firmicutes;c__Clostridia;o__Peptostreptococcales-Tissierellales;f__Family_XI;g__Parvimonas;s__	0.9999760607110506
849154d1fef3cbacbdede1343a55ac92	d__Bacteria;p__Firmicutes;c__Bacilli;o__Lactobacillales;f__Streptococcaceae;g__Streptococcus;s__	0.9999990810583443
e95999a76ec336090b936b604ad1c85c	d__Bacteria;p__Firmicutes;c__Clostridia;o__Clostridiales;f__Clostridiaceae;g__Clostridium_sensu_stricto_1;s__	0.8116118745231117
c071c361da6bd584f35a61c221f649a8	d__Bacteria;p__Firmicutes;c__Negativicutes;o__Veillonellales-Selenomonadales;f__Veillonellaceae;g__Veillonellaceae;s__	0.9573025786319013
27d6b2e930d4a050ee2f2883fa17f4dd	d__Bacteria;p__Bacteroidota;c__Bacteroidia;o__Bacteroidales;f__Prevotellaceae	0.9992415194193616
044bfc35bb63c2d016da91e3a430d3f7	d__Bacteria;p__Bacteroidota;c__Bacteroidia;o__Bacteroidales;f__Prevotellaceae;g__Prevotella;s__	0.7827117512641466
122f7d60fd1a665fd56f6cccca9c2002	d__Bacteria;p__Firmicutes;c__Negativicutes;o__Veillonellales-Selenomonadales;f__Veillonellaceae;g__Veillonella;s__	0.9999743730085623
bf6da49e7ec2e3f32e63fcf01e6eb4be	d__Bacteria;p__Firmicutes;c__Negativicutes;o__Veillonellales-Selenomonadales;f__Veillonellaceae	0.9999781818716811
99265a47769bf2291890459c230f0af3	d__Bacteria;p__Actinobacteriota;c__Actinobacteria;o__Actinomycetales;f__Actinomycetaceae;g__Actinotignum;s__	0.9993131507919253
fdeb376b12c58bc9f69c3df43dce04b9	d__Bacteria;p__Firmicutes;c__Bacilli;o__Staphylococcales;f__Staphylococcaceae;g__Staphylococcus;s__	0.9999807360321584
a25305566d3c86ba086b4bd278233716	d__Bacteria;p__Bacteroidota;c__Bacteroidia;o__Bacteroidales;f__Bacteroidaceae;g__Bacteroides;s__	0.9999982175837343
dfd1f141090fa1d6d42acd772d1ce1d6	d__Bacteria;p__Firmicutes;c__Clostridia;o__Peptostreptococcales-Tissierellales;f__Family_XI;g__Parvimonas;s__	0.9999744776832684
9743171ce3d8d585e84414a7584381bb	d__Bacteria;p__Firmicutes;c__Bacilli;o__Lactobacillales;f__Lactobacillaceae;g__Lactobacillus;s__	0.9954376109298007
1b04d06d0304a5287c35ff7900a9445c	d__Bacteria;p__Bacteroidota;c__Bacteroidia;o__Bacteroidales;f__Prevotellaceae;g__Prevotella;s__	0.8266370232542267
10451e494e3e82df380cb2bdb4147870	d__Bacteria;p__Firmicutes;c__Clostridia;o__Peptostreptococcales-Tissierellales;f__Family_XI;g__Anaerococcus;s__	0.9999999999063505
beaa0af6c44ccc4f0cf7897abd93f20b	d__Bacteria;p__Actinobacteriota;c__Coriobacteriia;o__Coriobacteriales;f__Eggerthellaceae;g__DNF00809;s__	0.8798709194749924
61ca5b774895794b5f60b8955b2b7731	d__Bacteria;p__Proteobacteria;c__Gammaproteobacteria;o__Burkholderiales;f__Sutterellaceae;g__Sutterella;s__	0.9999994222216593
58dd516076325bb276b9c8ac16eaa11f	d__Bacteria;p__Firmicutes;c__Negativicutes;o__Veillonellales-Selenomonadales;f__Veillonellaceae;g__Veillonellaceae;s__	0.79055417539813
da2d307acbc750e709821f37106a97ee	d__Bacteria;p__Fusobacteriota;c__Fusobacteriia;o__Fusobacteriales;f__Leptotrichiaceae;g__Sneathia;s__	0.9999969272288952
4cbc3567a6fdadc7872671c3502cbe92	d__Bacteria;p__Firmicutes;c__Clostridia;o__Peptostreptococcales-Tissierellales;f__Family_XI;g__Parvimonas;s__	0.9999983236034337
247589858ca471f2c6e55961206ddb75	d__Bacteria;p__Actinobacteriota;c__Coriobacteriia;o__Coriobacteriales;f__Eggerthellaceae;g__DNF00809;s__	0.8681718412339859
ad64cc8496a9b0eef27770bb5c6f3817	d__Bacteria;p__Bacteroidota;c__Bacteroidia;o__Bacteroidales;f__Prevotellaceae	0.9997454568158648
7fb958f35093820357f004108ac5b30f	d__Bacteria;p__Bacteroidota;c__Bacteroidia;o__Bacteroidales;f__Prevotellaceae;g__Prevotella;s__	0.7279416840085284
156668a439bfb96ad058ce2b9d8cf0d0	d__Bacteria;p__Firmicutes;c__Clostridia;o__Peptostreptococcales-Tissierellales;f__Family_XI;g__Peptoniphilus;s__	0.9999999216126443
1dd60e815236053374c5540e0efe06b6	d__Bacteria;p__Firmicutes;c__Bacilli;o__Lactobacillales;f__Lactobacillaceae;g__Lactobacillus;s__	0.7030765699351438
57aefa5d0a0056772a9e3e71c4ddec1b	d__Bacteria;p__Firmicutes;c__Bacilli;o__Lactobacillales;f__Lactobacillaceae;g__Limosilactobacillus;s__	0.9927573502482524
484f062ed712542978ef6d4d8b705fe0	d__Bacteria;p__Firmicutes;c__Bacilli;o__Lactobacillales;f__Lactobacillaceae;g__Lactobacillus;s__	0.9998890672765319
5b94a53a6cae9edba9ec84e91d94a6d5	d__Bacteria;p__Firmicutes;c__Bacilli;o__Lactobacillales;f__Lactobacillaceae;g__Lactobacillus;s__	0.9943103613063681
13a330d5f4e3533d09fb6e726d1f1f62	d__Bacteria;p__Actinobacteriota;c__Actinobacteria;o__Corynebacteriales;f__Corynebacteriaceae;g__Corynebacterium;s__	0.9848259452888042
661c20a995fc373d17a72de5a350c10a	d__Bacteria;p__Firmicutes;c__Negativicutes;o__Veillonellales-Selenomonadales;f__Veillonellaceae;g__Megasphaera;s__	0.9998206152879011
506667dea54dd2c7f1ee6b490006e156	d__Bacteria;p__Bacteroidota;c__Bacteroidia;o__Bacteroidales;f__Prevotellaceae	0.9993996789653565
c014abeab40ac26d9bcdc29e7123b7b5	d__Bacteria;p__Firmicutes;c__Clostridia;o__Clostridiales;f__Clostridiaceae;g__Clostridium_sensu_stricto_1;s__	0.8728058622181809
8ed48b9d23ca79657a0a30a5eb68236c	d__Bacteria;p__Firmicutes;c__Bacilli;o__Lactobacillales;f__Lactobacillaceae;g__HT002;s__	0.8640334472942267
8d4e1a7e448b304c88920326104a1c31	d__Bacteria;p__Firmicutes;c__Bacilli;o__Lactobacillales;f__Lactobacillaceae;g__HT002;s__	0.8897396451494538
154159c07394a54e549e41e733c80a75	d__Bacteria;p__Actinobacteriota;c__Actinobacteria;o__Bifidobacteriales;f__Bifidobacteriaceae;g__Gardnerella;s__	0.9999967907366224
6196ef873e2e67aaaa78fce71b567334	d__Bacteria;p__Actinobacteriota;c__Actinobacteria;o__Bifidobacteriales;f__Bifidobacteriaceae;g__Gardnerella;s__	0.9999967272152172
d9e72cc9f5cfd4399f53a07f56106241	d__Bacteria;p__Bacteroidota;c__Bacteroidia;o__Bacteroidales;f__Prevotellaceae	0.9988293585173251
50ea0205e48fe28e93f7c4c9a957a5da	d__Bacteria;p__Firmicutes;c__Bacilli;o__Bacillales;f__Bacillaceae;g__Bacillus;s__	0.9968909455961334
ec39293a8db6cdfc99fecc1decfa59d7	d__Bacteria;p__Firmicutes;c__Clostridia;o__Oscillospirales;f__Ruminococcaceae;g__Faecalibacterium;s__	0.9997811743385211
59365d5d938606209bf0b5a7e8fd06a0	d__Bacteria;p__Bacteroidota;c__Bacteroidia;o__Bacteroidales;f__Rikenellaceae;g__Rikenellaceae_RC9_gut_group;s__	0.994752837695924
90ee235f42aecb4c43f656130f495549	d__Bacteria;p__Firmicutes;c__Bacilli;o__Lactobacillales;f__Lactobacillaceae;g__Levilactobacillus;s__	0.9997300460092361
95595a8e5962ef69862b877b403c5943	d__Bacteria;p__Firmicutes;c__Bacilli;o__Staphylococcales;f__Staphylococcaceae;g__Staphylococcus;s__	0.999994890216963
c31f0050598757e4d8b7687209f8a8ca	Unassigned	0.7174109379308883
89d1dd551b8df7cc1fc1833a6597f034	d__Bacteria;p__Firmicutes;c__Negativicutes;o__Veillonellales-Selenomonadales;f__Veillonellaceae;g__Megasphaera;s__	0.9946142457427103
d729f135c340f62b9fdf8c68a958b4f0	Unassigned	0.7039399447922214
4740597d68a93c6f7cdabe9e64196787	d__Bacteria;p__Firmicutes;c__Negativicutes;o__Veillonellales-Selenomonadales;f__Veillonellaceae;g__Veillonella;s__	0.9999674059010292
d555a790939c18b5aa0f2b7720b238c5	d__Bacteria;p__Actinobacteriota;c__Actinobacteria;o__Actinomycetales;f__Actinomycetaceae;g__Varibaculum;s__	0.9999999714299581
f2735c286490a71c359f4d5db6bdd217	d__Bacteria;p__Firmicutes;c__Clostridia;o__Oscillospirales;f__Ruminococcaceae;g__Subdoligranulum;s__	0.9997966091879995
5acab566181b755b2bbc580ead6cea70	d__Bacteria;p__Firmicutes;c__Bacilli;o__Lactobacillales;f__Lactobacillaceae;g__HT002;s__	0.797791978192227
57423f6bbee17a13a96224ed010a6948	d__Bacteria;p__Firmicutes;c__Bacilli;o__Lactobacillales;f__Aerococcaceae;g__Aerococcus;s__	0.9996598257014884
2445fa46eac0afcc916602b02e1ed6e1	d__Bacteria;p__Firmicutes;c__Bacilli;o__Lactobacillales;f__Lactobacillaceae	0.9999999994077344
c7444b1d9b200fdeb922693aab29deb4	d__Bacteria;p__Firmicutes;c__Clostridia;o__Oscillospirales;f__Ruminococcaceae	0.9994708387976677
cd4a4cd5016bf44fe442b7072a21e1eb	d__Bacteria;p__Actinobacteriota;c__Actinobacteria;o__Bifidobacteriales;f__Bifidobacteriaceae;g__Bifidobacterium;s__	0.999992630679156
d7c727dfca8a3d8d4f384e305271a33d	d__Bacteria;p__Firmicutes;c__Bacilli;o__Lactobacillales;f__Lactobacillaceae;g__Lactobacillus;s__	0.7714109203636662
c6cdc71a1f7376db5a843ade152ed641	d__Bacteria;p__Firmicutes;c__Bacilli;o__Lactobacillales;f__Enterococcaceae;g__Enterococcus;s__	0.979460297247161
706238e155ac396286b27ab224a89f2f	d__Bacteria;p__Firmicutes;c__Clostridia;o__Peptostreptococcales-Tissierellales;f__Family_XI;g__Anaerococcus;s__	0.9999999998610748
cbb3bfa99f78a06dc76ce7026229fa49	d__Bacteria;p__Fusobacteriota;c__Fusobacteriia;o__Fusobacteriales;f__Leptotrichiaceae;g__Sneathia;s__	0.9999975830317501
ffa2d3d4e030a8f45850c379c0d196f5	d__Bacteria;p__Actinobacteriota;c__Actinobacteria;o__Bifidobacteriales;f__Bifidobacteriaceae;g__Bifidobacterium;s__	0.9999010557986615
e0f9fa355610ccd010bb8c48f284113e	d__Bacteria;p__Actinobacteriota;c__Actinobacteria;o__Propionibacteriales;f__Propionibacteriaceae;g__Propionimicrobium;s__	0.9992545395274727
a01b6188fb1fe6548a57a176ebbddf48	d__Bacteria;p__Bacteroidota;c__Bacteroidia;o__Bacteroidales;f__Bacteroidaceae;g__Bacteroides;s__	0.9999965737329866
15e9ef7da7fa70e175922777fefaf105	d__Bacteria;p__Actinobacteriota;c__Actinobacteria;o__Corynebacteriales;f__Corynebacteriaceae;g__Corynebacterium;s__	0.9942296208804318
ff45637a4bbff25f53285cceb3cdf38e	d__Bacteria;p__Firmicutes;c__Negativicutes;o__Veillonellales-Selenomonadales;f__Veillonellaceae;g__Dialister;s__	0.997983591942236
d06b4cca987af68340a91a13ef12e32f	d__Bacteria;p__Firmicutes;c__Clostridia;o__Peptostreptococcales-Tissierellales;f__Family_XI;g__Fenollaria;s__	0.9999999296524632
fed6214f8341063561e7d8610fa125f9	d__Bacteria;p__Bacteroidota;c__Bacteroidia;o__Bacteroidales;f__Prevotellaceae	0.9998541971539704
6184f0b1e75cda5265da4646ba5fe76b	d__Bacteria;p__Firmicutes;c__Clostridia;o__Oscillospirales;f__Ruminococcaceae;g__Faecalibacterium;s__	0.9996943674105558
1e0b4406eecb0eee8a9719470fd0188b	d__Bacteria;p__Actinobacteriota;c__Actinobacteria;o__Bifidobacteriales;f__Bifidobacteriaceae;g__Gardnerella;s__	0.9999910214353406
00435149434ee02a7726035635116c57	d__Bacteria;p__Firmicutes;c__Bacilli;o__Lactobacillales;f__Lactobacillaceae;g__HT002;s__	0.8776804642879151
bb8d7dea5b8d68c017a276447ec59ed0	d__Bacteria;p__Firmicutes;c__Clostridia;o__Oscillospirales;f__Ruminococcaceae;g__Ruminococcus;s__	0.7262659805307677
52096e6a1862db780f467624c719d598	d__Bacteria;p__Firmicutes;c__Clostridia;o__Peptostreptococcales-Tissierellales;f__Family_XI;g__Peptoniphilus;s__	0.9998478098800836
d5d033f5d15a8ef02d13108ff7c2504e	d__Bacteria;p__Actinobacteriota;c__Coriobacteriia;o__Coriobacteriales;f__Eggerthellaceae;g__Gordonibacter;s__	0.9969928513437151
dbcd87a34bb70e20aeea251c048f3673	d__Bacteria;p__Fusobacteriota;c__Fusobacteriia;o__Fusobacteriales;f__Leptotrichiaceae;g__Sneathia;s__	0.999993331505104
2e9f1c3013022ced2c0c9567d59fc064	d__Bacteria;p__Firmicutes;c__Clostridia;o__Oscillospirales;f__Ruminococcaceae;g__Subdoligranulum;s__	0.9994688152900827
8a627a2352d57f70cfe968502ceab41c	d__Bacteria;p__Actinobacteriota;c__Actinobacteria;o__Bifidobacteriales;f__Bifidobacteriaceae;g__Alloscardovia;s__	0.9999690359983674
e2b5bba927d30d1cc66e2eb74686aecd	d__Bacteria;p__Bacteroidota;c__Bacteroidia;o__Bacteroidales;f__Prevotellaceae;g__Prevotella_7;s__	0.8859669961454494
367da03193554afa419233cf58aa75c7	d__Bacteria;p__Firmicutes;c__Clostridia;o__Oscillospirales;f__Ruminococcaceae;g__Faecalibacterium;s__	0.9993796681602318
05e8a6961920be51ef255806b9919bf2	d__Bacteria;p__Bacteroidota;c__Bacteroidia;o__Bacteroidales;f__Prevotellaceae	0.9991905660121203
8a2950244650b024368aa8174145ba33	d__Bacteria;p__Firmicutes;c__Clostridia;o__Lachnospirales;f__Lachnospiraceae;g__Blautia;s__	0.9187936124492609
0ae1308cf1201de65c4edfcd616e89b2	d__Bacteria;p__Firmicutes;c__Clostridia;o__Lachnospirales;f__Lachnospiraceae;g__Fusicatenibacter;s__	0.9963086449684864
387071dffdbd98debccce327a7331d91	d__Bacteria;p__Firmicutes;c__Negativicutes;o__Veillonellales-Selenomonadales;f__Veillonellaceae;g__Veillonellaceae;s__	0.9784405041273193
6b729ee3af59d15c2221e3e3b4e42e3d	d__Bacteria;p__Bacteroidota;c__Bacteroidia;o__Bacteroidales;f__Porphyromonadaceae;g__Porphyromonas;s__	0.9906185614819057
8dd7ed4ba747f59f656ea991d2c80714	d__Bacteria;p__Firmicutes;c__Bacilli;o__Lactobacillales;f__Lactobacillaceae;g__Lactobacillus;s__	0.9982254335369388
bf400b6b9c7eb5624390af899642dda8	d__Bacteria;p__Actinobacteriota;c__Actinobacteria;o__Bifidobacteriales;f__Bifidobacteriaceae;g__Gardnerella;s__	0.9999775131499511
1c7846cda2f632215202ab6bb52f39c1	d__Bacteria;p__Actinobacteriota;c__Actinobacteria;o__Bifidobacteriales;f__Bifidobacteriaceae;g__Bifidobacterium;s__	0.9997859566219753
d5694b96d7760e595c6a132766250d5d	d__Bacteria;p__Firmicutes;c__Clostridia;o__Peptostreptococcales-Tissierellales;f__Family_XI;g__Ezakiella;s__	0.9999999998734951
45b5a5fa0ef5a584b590cbbda45406a3	d__Bacteria;p__Bacteroidota;c__Bacteroidia;o__Bacteroidales;f__Bacteroidaceae;g__Bacteroides;s__	0.9999864654203819
0a05309d0f3f388b992277573b5314a8	d__Bacteria;p__Bacteroidota;c__Bacteroidia;o__Bacteroidales;f__Prevotellaceae	0.9994117995662655
46e6de3383c911b1ae3856dff54b6704	d__Bacteria;p__Actinobacteriota;c__Actinobacteria;o__Bifidobacteriales;f__Bifidobacteriaceae;g__Gardnerella;s__	0.9999940175704188
2fcdd5429c966e1b72e2e352db5c1702	d__Bacteria;p__Actinobacteriota;c__Actinobacteria;o__Actinomycetales;f__Actinomycetaceae;g__Actinomyces;s__	0.999952781359746
baa7827d19d7da2ff41ff49f48d740c7	d__Bacteria;p__Firmicutes;c__Clostridia;o__Lachnospirales;f__Lachnospiraceae;g__Shuttleworthia;s__	0.9973897082981199
ba418eda459466506fc76728e183d26a	d__Bacteria;p__Firmicutes;c__Clostridia;o__Oscillospirales;f__Ruminococcaceae	0.9993672905146385
1b1f1850c1613c9a2b6281ff1cf3512b	d__Bacteria;p__Bacteroidota;c__Bacteroidia;o__Bacteroidales;f__Bacteroidaceae;g__Bacteroides;s__	0.9999457991216347
44c7eb469b044418177fcc1e3e734e64	d__Bacteria;p__Firmicutes;c__Clostridia;o__Lachnospirales;f__Lachnospiraceae	0.9999663825608666
547f7f631b685c5f07486e3170f16ea4	d__Bacteria;p__Firmicutes;c__Clostridia;o__Lachnospirales;f__Lachnospiraceae;g__Dorea;s__	0.9875640989026893
0792b6d3dee4eb623d00869e9dbeab7d	d__Bacteria;p__Bacteroidota;c__Bacteroidia;o__Bacteroidales;f__Prevotellaceae;g__Prevotella_7;s__	0.9008915001478611
3ec9a72eea2934c7e20bf5e3840b3935	d__Bacteria;p__Bacteroidota;c__Bacteroidia;o__Bacteroidales;f__Tannerellaceae;g__Parabacteroides;s__	0.9993081994898669
c45370512574e3edc22339199a7a1257	d__Bacteria;p__Firmicutes;c__Bacilli;o__Lactobacillales;f__Lactobacillaceae;g__HT002;s__	0.8630290573660881
c06113b33557464d9ada717d3c4cfc6b	Unassigned	0.669309519397105
c78a0018e2b5d7019760ccdecc4f48c7	d__Bacteria;p__Firmicutes;c__Clostridia;o__Peptostreptococcales-Tissierellales;f__Family_XI;g__Anaerococcus;s__	0.99999999978823
8d61c02363fff03c538552889f4dd524	d__Bacteria;p__Actinobacteriota;c__Actinobacteria;o__Actinomycetales;f__Actinomycetaceae;g__Varibaculum;s__	0.9999999709499154
a62e32c83e169200a7222bc5e937b23b	d__Bacteria;p__Firmicutes;c__Bacilli;o__Staphylococcales;f__Staphylococcaceae;g__Staphylococcus;s__	0.9999936634199392
f73273a138744be3792ee8076251e61b	d__Bacteria;p__Firmicutes;c__Negativicutes;o__Veillonellales-Selenomonadales;f__Veillonellaceae;g__Dialister;s__	0.9980648314802156
2de10dd2ae8a30ed0ac7e261c66ca912	d__Bacteria;p__Bacteroidota;c__Bacteroidia;o__Bacteroidales;f__Bacteroidaceae;g__Bacteroides;s__	0.9999980338999707
4d37a7e82cac5bf69e519cc83c531770	d__Bacteria;p__Actinobacteriota;c__Actinobacteria;o__Corynebacteriales;f__Corynebacteriaceae;g__Corynebacterium;s__	0.9974057977598088
48bd5bbf943ab3799d1db417bc2b66b3	d__Bacteria;p__Firmicutes;c__Bacilli;o__Lactobacillales;f__Streptococcaceae;g__Streptococcus;s__	0.9997249474923326
54cc0ade7f2f96a6764dc48d15449366	d__Bacteria;p__Actinobacteriota;c__Actinobacteria;o__Bifidobacteriales;f__Bifidobacteriaceae;g__Gardnerella;s__	0.9999899941575816
97378e26fa777a64cd6b79041680531e	d__Bacteria;p__Firmicutes;c__Clostridia;o__Peptostreptococcales-Tissierellales;f__Family_XI;g__Peptoniphilus;s__	0.9730491474665227
870f90118325274a54b8bafde50001f5	d__Bacteria;p__Firmicutes;c__Bacilli;o__Lactobacillales;f__Lactobacillaceae;g__Lactobacillus;s__	0.9999093488115124
b77af7ecf7f3b9fd02a8c9a8c543c9d3	d__Bacteria;p__Firmicutes;c__Bacilli;o__Lactobacillales	0.9999999874073623
ffeae2fdd8c2c7b1d1c1c1d7a33944c8	d__Bacteria;p__Firmicutes;c__Clostridia;o__Lachnospirales;f__Lachnospiraceae	0.999998132021356
dd5ce8d0b040693d540cb5aaf1b9fb3b	d__Bacteria;p__Firmicutes;c__Clostridia;o__Peptostreptococcales-Tissierellales;f__Peptostreptococcaceae;g__Romboutsia;s__	0.9419739277455573
6f60ea1bc2ee51d11c9c67afa61156f4	d__Bacteria;p__Actinobacteriota;c__Actinobacteria;o__Bifidobacteriales;f__Bifidobacteriaceae;g__Gardnerella;s__	0.9999872731214763
5c0644f23e7db04b7c8bd37098828313	d__Bacteria;p__Firmicutes;c__Clostridia;o__Lachnospirales;f__Lachnospiraceae;g__[Ruminococcus]_torques_group;s__	0.9187212825205349
106e6b17a6a866f059edb6046bdfd2ed	d__Bacteria;p__Firmicutes;c__Bacilli;o__Lactobacillales;f__Enterococcaceae;g__Enterococcus;s__	0.9426103403157611
b80fe9b6287febc0e7345f8996dddff4	d__Bacteria;p__Firmicutes;c__Bacilli;o__Lactobacillales;f__Lactobacillaceae;g__Lactobacillus;s__	0.9987411946083576
c4bf908610bf22c42dd14993f138e24b	d__Bacteria;p__Bacteroidota;c__Bacteroidia;o__Bacteroidales;f__Bacteroidaceae;g__Bacteroides;s__	0.9999866366997198
99a970b879d98d4c45a6efe8b99f85af	d__Bacteria;p__Actinobacteriota;c__Coriobacteriia;o__Coriobacteriales;f__Eggerthellaceae;g__Eggerthella;s__	0.9999786119334048
ce6ac6de24d317298fb24086043636f5	d__Bacteria;p__Firmicutes;c__Negativicutes;o__Veillonellales-Selenomonadales;f__Veillonellaceae;g__Veillonellaceae;s__	0.9666887874053225
e7670ead45dd3c0e9ed8dab866daa619	d__Bacteria;p__Patescibacteria;c__Saccharimonadia;o__Saccharimonadales;f__Saccharimonadales;g__Saccharimonadales;s__	0.9997467639125343
19c948b1d7a97c399539262a684f0e48	d__Bacteria;p__Actinobacteriota;c__Actinobacteria	0.9970678054351352
ef2806147d95774247f4d0e493f60296	d__Bacteria;p__Actinobacteriota;c__Actinobacteria;o__Corynebacteriales;f__Corynebacteriaceae;g__Corynebacterium;s__	0.9535368114766912
e9412a014f6018463f9cf0a0bd7dfacb	Unassigned	0.7282936106292575
734f767ba9e7ff7ee278cd4c4134ba85	d__Bacteria;p__Actinobacteriota;c__Actinobacteria;o__Actinomycetales;f__Actinomycetaceae;g__Mobiluncus;s__	0.9999999975193249
851d8b0b44c78c7ce24c78b9f14b1d85	d__Bacteria;p__Bacteroidota;c__Bacteroidia;o__Bacteroidales;f__Bacteroidaceae;g__Bacteroides;s__	0.9998766059278629
d8ffc409f279dddd953f5311921fe3ce	d__Bacteria;p__Firmicutes;c__Clostridia;o__Peptostreptococcales-Tissierellales;f__Family_XI;g__Peptoniphilus;s__	0.9738733987158039
676e65e32256e3bfa4c68b8d0b5abf82	d__Bacteria;p__Firmicutes;c__Bacilli;o__Mycoplasmatales;f__Mycoplasmataceae;g__Ureaplasma;s__	0.9999999997893383
760adb5c70be056f42e827b709e588cc	d__Bacteria;p__Bacteroidota;c__Bacteroidia;o__Bacteroidales;f__Prevotellaceae	0.9998705426177817
c75ebe524e8e3d8e063dcd590b770f80	d__Bacteria;p__Campylobacterota;c__Campylobacteria;o__Campylobacterales;f__Campylobacteraceae;g__Campylobacter;s__	0.9999914955984469
f520a3d61ff27fb136721f093327b512	d__Bacteria;p__Bacteroidota;c__Bacteroidia;o__Bacteroidales;f__Porphyromonadaceae;g__Porphyromonas;s__	0.9977720670852606
82017a26ca842ed8693910d1d5947552	d__Bacteria;p__Firmicutes;c__Clostridia;o__Lachnospirales;f__Lachnospiraceae;g__Shuttleworthia;s__	0.997604010588676
cc1f106dae404eca16e3b7d588d58645	d__Bacteria;p__Bacteroidota;c__Bacteroidia;o__Bacteroidales;f__Bacteroidaceae;g__Bacteroides;s__	0.9999976055269675
395d7bf03fbcf97c4a6061079f188665	d__Bacteria;p__Actinobacteriota;c__Actinobacteria;o__Corynebacteriales;f__Corynebacteriaceae;g__Lawsonella;s__	0.9999995363519584
fdc1a7c3ebe3c43c9205147181cadf6b	d__Bacteria;p__Actinobacteriota;c__Actinobacteria;o__Corynebacteriales;f__Corynebacteriaceae	0.9999999605369876
293ba98154afac29ad887872351d7b78	d__Bacteria;p__Firmicutes;c__Bacilli;o__Lactobacillales;f__Lactobacillaceae;g__HT002;s__	0.8786985783554134
17a8011670a300b61ae0d583b79a3eeb	d__Bacteria;p__Firmicutes;c__Bacilli;o__Lactobacillales;f__Lactobacillaceae;g__Lactobacillus;s__	0.9970201462642306
b3b65b777cd1f47730e3949cd2e3e3c5	d__Bacteria;p__Bacteroidota;c__Bacteroidia;o__Bacteroidales;f__Prevotellaceae;g__Prevotella;s__	0.8718151936536148
c0ccc69e2fc6a32433b531bb5d698b10	d__Bacteria;p__Firmicutes;c__Clostridia;o__Peptostreptococcales-Tissierellales;f__Family_XI;g__Anaerococcus;s__	0.9999999988391154
a846d5cf03d9cd45d662e73581c6e873	d__Bacteria;p__Bacteroidota;c__Bacteroidia;o__Bacteroidales;f__Prevotellaceae	0.9994854625218633
7a714110c93f59ae440d2d3e73426965	d__Bacteria;p__Actinobacteriota;c__Actinobacteria;o__Bifidobacteriales;f__Bifidobacteriaceae;g__Gardnerella;s__	0.9999899585834224
bff6bb0d089f1d497867eecdb06fa3a6	d__Bacteria;p__Bacteroidota;c__Bacteroidia;o__Bacteroidales;f__Prevotellaceae;g__Prevotella;s__	0.8478797824246322
707be12a401dacb9dab32fe358fc1266	Unassigned	0.4849675862367041
ce40c181946a180dab9c2dc751aa54a2	d__Bacteria;p__Actinobacteriota;c__Actinobacteria;o__Actinomycetales;f__Actinomycetaceae;g__Mobiluncus;s__	0.9999999615248506
7c8a96a657d3b13dc275b74e8c5a0957	d__Bacteria;p__Actinobacteriota;c__Coriobacteriia;o__Coriobacteriales;f__Eggerthellaceae;g__DNF00809;s__	0.8825294900844103
28f1598201a0bb8cac3ad4ee8567b0bf	d__Bacteria;p__Actinobacteriota;c__Actinobacteria;o__Propionibacteriales;f__Propionibacteriaceae;g__Propionimicrobium;s__	0.9984229613893731
6c50dd3cf297cf30eaf754d064def0bb	d__Bacteria;p__Proteobacteria;c__Gammaproteobacteria;o__Enterobacterales;f__Enterobacteriaceae	0.937167772945716
140afb20c26df0263708b67d648dab49	d__Bacteria;p__Actinobacteriota;c__Actinobacteria;o__Bifidobacteriales;f__Bifidobacteriaceae;g__Gardnerella;s__	0.9999961666107855
e68b67bcba54521d3c816e19a61aae36	d__Bacteria;p__Firmicutes;c__Bacilli;o__Lactobacillales;f__Aerococcaceae;g__Aerococcus;s__	0.999904307631722
e21fc8d6fb72d301fc9c60d5767cce74	d__Bacteria;p__Desulfobacterota;c__Desulfovibrionia;o__Desulfovibrionales;f__Desulfovibrionaceae;g__Bilophila;s__	0.9999911818387652
41d6e94b25c896c649a4f8298568b9e7	d__Bacteria;p__Actinobacteriota;c__Actinobacteria;o__Bifidobacteriales;f__Bifidobacteriaceae;g__Bifidobacterium;s__	0.9999967799504194
535f0ff60b00e9ca6e4f9932d7a43557	d__Bacteria;p__Firmicutes;c__Clostridia;o__Peptostreptococcales-Tissierellales;f__Family_XI;g__Anaerococcus;s__	0.9999999998879048
2a231f08891292ebf633fb67c2243110	d__Bacteria;p__Firmicutes;c__Clostridia;o__Lachnospirales;f__Lachnospiraceae;g__Blautia;s__	0.9558424463246944
ab34a563d5f48fe1aefa1605b75f6856	d__Bacteria;p__Actinobacteriota;c__Actinobacteria;o__Actinomycetales;f__Actinomycetaceae;g__Mobiluncus;s__	0.9999999198420287
210334a9347ab1a593ea140b2e1b3767	Unassigned	0.5847884285280117
80faa60a8ab72dbd51532fb832bf2b3a	d__Bacteria;p__Firmicutes;c__Bacilli;o__Lactobacillales;f__Aerococcaceae;g__Facklamia;s__	0.9574340450135563
29c5f93e21cdffc7dfd2ad7316dcf72c	d__Bacteria;p__Firmicutes;c__Clostridia;o__Peptostreptococcales-Tissierellales;f__Family_XI;g__W5053;s__	0.9743629677334298
d3abd7ccee177de6c440001448eca73b	Unassigned	0.4153704141465666
32a92122e857122fc6999ef97414e003	d__Bacteria;p__Firmicutes;c__Bacilli;o__Erysipelotrichales;f__Erysipelotrichaceae;g__Bulleidia;s__	0.98788701911157
99433f5ce2a1498230e5564ede94e542	d__Bacteria;p__Patescibacteria;c__Saccharimonadia;o__Saccharimonadales;f__Saccharimonadales;g__Saccharimonadales;s__	0.99934936276813
64c91d01d05cff3ab50f60a9c8f0ea8f	Unassigned	0.6176514885948199
d2a2e34ba2a4bfe597dedde09577c22d	Unassigned	0.4246148444439731
de32ff54aeb9ab91192e684e963e3949	d__Bacteria;p__Firmicutes;c__Clostridia;o__Oscillospirales;f__Hungateiclostridiaceae;g__Fastidiosipila;s__	0.9889802272719449
8d10d599cc90640ec1bc081f441078c4	d__Bacteria;p__Firmicutes;c__Bacilli;o__Lactobacillales;f__Lactobacillaceae;g__Furfurilactobacillus;s__	0.9999948406043102
f4aa11e8bdcb8a2c5b6c90bd379d9055	d__Bacteria;p__Firmicutes;c__Bacilli;o__Lactobacillales;f__Lactobacillaceae;g__Lactobacillus;s__	0.9936110655476494
a0c75bca30d22c8ba1d9cdb585c0aa0d	d__Bacteria;p__Firmicutes;c__Clostridia;o__Peptostreptococcales-Tissierellales;f__Family_XI;g__Peptoniphilus;s__	0.9999999518162509
0b8806376cc32b61660062ae77506f46	d__Bacteria;p__Bacteroidota;c__Bacteroidia;o__Bacteroidales;f__Prevotellaceae;g__Prevotella;s__	0.7960756120095056
6ba1a63b03ed1667ddedc0813b737f0d	d__Bacteria;p__Bacteroidota;c__Bacteroidia;o__Bacteroidales;f__Rikenellaceae;g__Alistipes;s__	0.9999996225105152
eb07ebb0eddaeed726369c67933f8e4d	d__Bacteria;p__Firmicutes;c__Clostridia;o__Peptostreptococcales-Tissierellales;f__Family_XI;g__Peptoniphilus;s__	0.9998736441105842
8ca9a7d28a2242d765259bd5243cf2d6	d__Bacteria;p__Firmicutes;c__Negativicutes;o__Veillonellales-Selenomonadales;f__Veillonellaceae;g__Megasphaera;s__	0.9996040020362611
0e8387c15c6a68bfb7e75f8d16b44de9	d__Bacteria;p__Firmicutes;c__Bacilli;o__Lactobacillales;f__Lactobacillaceae;g__Lactobacillus;s__	0.9999570194206203
3bee466e34d5904ab15480910983a253	d__Bacteria;p__Bacteroidota;c__Bacteroidia;o__Bacteroidales;f__Bacteroidaceae;g__Bacteroides;s__	0.9999976008213101
8a6ac5e505b66e73c70049c2f4ba9baf	d__Bacteria;p__Bacteroidota;c__Bacteroidia;o__Bacteroidales;f__Bacteroidaceae;g__Bacteroides;s__	0.9999722995341078
e6d674f2c78a60968218fa2c00c67904	d__Bacteria;p__Firmicutes;c__Clostridia;o__Peptostreptococcales-Tissierellales;f__Family_XI;g__Murdochiella;s__	0.9999999640432413
68bd5e57347240d78d0567d152134795	d__Bacteria;p__Bacteroidota;c__Bacteroidia;o__Bacteroidales;f__Prevotellaceae	0.9998446993743582
a8d9100f78d847cb09c360f730591afa	d__Bacteria;p__Bacteroidota;c__Bacteroidia;o__Bacteroidales;f__Bacteroidaceae;g__Bacteroides;s__	0.9999851874359813
e22d207e6c6bd2550f06a8f654c8af61	d__Bacteria;p__Actinobacteriota;c__Coriobacteriia;o__Coriobacteriales;f__Coriobacteriaceae;g__Collinsella;s__	0.9999314416792326
9ebf8cc5de2162d93434ee6abfc5ddd2	d__Bacteria;p__Bacteroidota;c__Bacteroidia;o__Bacteroidales;f__Bacteroidaceae;g__Bacteroides;s__	0.9999767550526056
b15ff171b8f65dd985c8985d090802e3	d__Bacteria;p__Firmicutes;c__Bacilli;o__Staphylococcales;f__Staphylococcaceae;g__Staphylococcus;s__	0.9999768487631457
da3ce69a6769543c9da7a139d034da9c	d__Bacteria;p__Firmicutes;c__Bacilli;o__Lactobacillales;f__Lactobacillaceae;g__Lactobacillus;s__	0.9999543684477671
db3b31269de6e7ea525185b2949155d0	d__Bacteria;p__Bacteroidota;c__Bacteroidia;o__Bacteroidales;f__Prevotellaceae;g__Prevotella;s__	0.7057599275824578
e13c4d6b4da9284d21ddc97ff95edde0	d__Bacteria;p__Firmicutes;c__Bacilli;o__Lactobacillales;f__Lactobacillaceae;g__HT002;s__	0.8816668788793941
3d851ec0c09670864ce9be8aa0a965c3	d__Bacteria;p__Firmicutes;c__Clostridia;o__Lachnospirales;f__Lachnospiraceae;g__Blautia;s__	0.9408672845788603
ec66cc508688c21839c3367bce612ae4	d__Bacteria;p__Proteobacteria;c__Gammaproteobacteria;o__Enterobacterales;f__Enterobacteriaceae	0.9601181113453121
302094159935ef8a5557ad7f9ee01b84	d__Bacteria;p__Firmicutes;c__Clostridia;o__Oscillospirales;f__Hungateiclostridiaceae;g__Fastidiosipila;s__	0.7653941832427876
9d2c8caeb6241f933ef317e09bac147a	d__Bacteria;p__Bacteroidota;c__Bacteroidia;o__Bacteroidales;f__Rikenellaceae;g__Alistipes;s__	0.9999995297959825
eb54c016ebcdb51534f8d865b3a5c706	Unassigned	0.42360507563494565
a018eb1d8afceb2751d3b92b22f4d35f	d__Bacteria;p__Firmicutes;c__Bacilli;o__Erysipelotrichales;f__Erysipelatoclostridiaceae;g__Erysipelatoclostridium;s__	0.9999808301494942
ede0ef73350bd4109ff197bd6aec5072	d__Bacteria;p__Firmicutes;c__Clostridia;o__Oscillospirales;f__[Eubacterium]_coprostanoligenes_group;g__[Eubacterium]_coprostanoligenes_group;s__	0.998859576847759
8bcecfcbbe56c319b7884ef6b4617200	d__Bacteria;p__Firmicutes;c__Clostridia;o__Lachnospirales;f__Lachnospiraceae;g__[Ruminococcus]_gnavus_group;s__	0.9950276316268604
361d5fcf93ca753fe4872c98a62972b3	d__Bacteria;p__Firmicutes;c__Clostridia;o__Lachnospirales;f__Lachnospiraceae;g__Anaerostipes;s__	0.9997545694916625
fadd383dcdfb88f5dc48f7038592a729	d__Bacteria;p__Firmicutes;c__Negativicutes;o__Veillonellales-Selenomonadales;f__Selenomonadaceae;g__Megamonas;s__	0.9999995966452065
2362641b1f4fdcf62cd4d6534dac54fc	d__Bacteria;p__Firmicutes;c__Clostridia;o__Lachnospirales;f__Lachnospiraceae;g__Hungatella;s__	0.9841924882552334
298728bd6bbf47d5b01006aab1b9e105	Unassigned	0.37044916704706043
de5c0209f9db963ce8d490ce370d850c	d__Bacteria;p__Firmicutes;c__Clostridia;o__Peptostreptococcales-Tissierellales;f__Family_XI;g__Anaerococcus;s__	0.9999999969323597
380e4c751c7b2670ae304640acaabff5	d__Bacteria;p__Actinobacteriota;c__Actinobacteria;o__Actinomycetales;f__Actinomycetaceae;g__Mobiluncus;s__	0.9999999895466375
08f097cb51a3d06b4f547925e3d2919a	d__Bacteria;p__Firmicutes;c__Clostridia;o__Peptostreptococcales-Tissierellales;f__Family_XI;g__Peptoniphilus;s__	0.9999291193311859
f4709144fe6322606492003e42109d83	d__Bacteria;p__Actinobacteriota;c__Coriobacteriia;o__Coriobacteriales;f__Atopobiaceae;g__Atopobium;s__	0.991313235637542
c7f72c513b2a3e643e121a878ab91ea9	d__Bacteria;p__Firmicutes;c__Clostridia;o__Clostridia_UCG-014;f__Clostridia_UCG-014;g__Clostridia_UCG-014;s__	0.9698553910770044
e9b93dd465e47fe0840da1f07a12d4c1	d__Bacteria;p__Firmicutes;c__Bacilli;o__Lactobacillales;f__Aerococcaceae;g__Facklamia;s__	0.9991400250032756
a95823a2ed52ab22a95190698c93d2c3	d__Bacteria;p__Actinobacteriota;c__Actinobacteria;o__Bifidobacteriales;f__Bifidobacteriaceae;g__Bifidobacterium;s__	0.9999802095985686
da043a1004fd720222b830be9fb15de0	d__Bacteria;p__Actinobacteriota;c__Actinobacteria;o__Actinomycetales;f__Actinomycetaceae;g__Mobiluncus;s__	0.9999999434869852
a4bbf03b988914b5b930bbcc0b48c44b	d__Bacteria;p__Firmicutes;c__Bacilli;o__Lactobacillales;f__Lactobacillaceae;g__Lactobacillus;s__	0.7884480951387991
93654e5bf80c35b236bcc4014aec890d	d__Bacteria;p__Proteobacteria;c__Gammaproteobacteria;o__Enterobacterales;f__Enterobacteriaceae	0.9709244812619413
ae619b7af8e381112bbcf6c9a37c008e	d__Bacteria;p__Bacteroidota;c__Bacteroidia;o__Bacteroidales;f__Bacteroidaceae;g__Bacteroides;s__	0.9999826306171697
b14c3f748ff5130552acea8a2b12f29d	d__Bacteria;p__Bacteroidota;c__Bacteroidia;o__Bacteroidales;f__Bacteroidaceae;g__Bacteroides;s__	0.9999929322527745
af190c55090f4cec548cf041df158fde	d__Bacteria;p__Bacteroidota;c__Bacteroidia;o__Bacteroidales;f__Prevotellaceae;g__Prevotella;s__	0.9192794306881823
f8477fed374934f724e0ad9ea845bbe6	d__Bacteria;p__Proteobacteria;c__Gammaproteobacteria;o__Enterobacterales;f__Enterobacteriaceae	0.9505793270198891
7b325ae42539e3d3b0d7656c3a99c225	d__Bacteria;p__Proteobacteria;c__Gammaproteobacteria;o__Enterobacterales;f__Morganellaceae;g__Proteus;s__	0.9987357364819633
67b303c2e18a24c17555ac3260dc3b1b	d__Bacteria;p__Firmicutes;c__Negativicutes;o__Veillonellales-Selenomonadales;f__Veillonellaceae;g__Dialister;s__	0.9987915739282037
f3f29b983fe8c0dfe37668e9d4ae8bc6	d__Bacteria;p__Firmicutes;c__Clostridia;o__Peptostreptococcales-Tissierellales;f__Family_XI;g__Gallicola;s__	0.9999986470825264
d4cac3b3a901853a0cd442362aee89c9	Unassigned	0.416736222977105
42443c84236afb97d6734cc3b4184c8c	d__Bacteria;p__Actinobacteriota;c__Actinobacteria;o__Corynebacteriales;f__Corynebacteriaceae;g__Corynebacterium;s__	0.9948202520279269
1aaeeddd80552a2898b02c2d9f23337d	d__Bacteria;p__Fusobacteriota;c__Fusobacteriia;o__Fusobacteriales;f__Fusobacteriaceae;g__Fusobacterium;s__	0.999999964938042
3286a1635c7ce89331a04043643a42e7	d__Bacteria;p__Bacteroidota;c__Bacteroidia	0.9833587012770647
b5f896f2096a81cfaa0a5f360aa75084	d__Bacteria;p__Bacteroidota;c__Bacteroidia;o__Bacteroidales;f__Prevotellaceae;g__Prevotella;s__	0.8439503205197535
7e2ee23d17bee35316723d294005e915	d__Bacteria;p__Actinobacteriota;c__Coriobacteriia;o__Coriobacteriales;f__Atopobiaceae;g__Atopobium;s__	0.7536419426182525
2e398b8d21dc0766b2cf014de5f215f9	d__Bacteria;p__Firmicutes;c__Bacilli;o__Lactobacillales;f__Lactobacillaceae;g__Ligilactobacillus;s__	0.9999233092068307
9f816697f98090f0dabc2559e60dbb97	d__Bacteria;p__Bacteroidota;c__Bacteroidia;o__Bacteroidales;f__Bacteroidaceae;g__Bacteroides;s__	0.9999911935286534
8c7f479b9b65a8a11dba9b2d4d4bbb74	d__Bacteria;p__Actinobacteriota;c__Actinobacteria;o__Corynebacteriales;f__Corynebacteriaceae;g__Corynebacterium;s__	0.9915952953401168
b506454c96146e2b93727403242e515f	d__Bacteria;p__Actinobacteriota;c__Actinobacteria;o__Corynebacteriales;f__Corynebacteriaceae;g__Lawsonella;s__	0.999997713763547
1a2fec0156f8efa7820fdee88182c617	d__Bacteria;p__Proteobacteria;c__Gammaproteobacteria;o__Enterobacterales;f__Enterobacteriaceae	0.9370607186458226
54d5ed14366066ebfb5b16ac90019289	d__Bacteria;p__Actinobacteriota;c__Actinobacteria;o__Actinomycetales;f__Actinomycetaceae;g__Mobiluncus;s__	0.9999948283188909
36c31216bf47a62308b2dae350621e7c	d__Bacteria;p__Actinobacteriota;c__Coriobacteriia;o__Coriobacteriales;f__Eggerthellaceae;g__Eggerthella;s__	0.9999760171922318
584d7a22e38ccbc54e524383cfd7c4c5	d__Bacteria;p__Bacteroidota;c__Bacteroidia;o__Bacteroidales;f__Bacteroidaceae;g__Bacteroides;s__	0.9998781182487733
1e9d200fa3f0e39065f55143a716fee4	d__Bacteria;p__Patescibacteria;c__Saccharimonadia;o__Saccharimonadales;f__Saccharimonadales;g__Saccharimonadales;s__	0.9998962210500848
0360a498b5585f9028fa802e6b4f7bf5	d__Bacteria;p__Firmicutes;c__Negativicutes;o__Veillonellales-Selenomonadales;f__Veillonellaceae;g__Dialister;s__	0.9999995926925727
39588ae5a2fba3ddc3cad7a75d195554	d__Bacteria;p__Firmicutes;c__Clostridia;o__Lachnospirales;f__Lachnospiraceae;g__[Eubacterium]_hallii_group;s__	0.9999270415375651
8a66e4725750e40bd19b1770b6b845de	d__Bacteria;p__Firmicutes;c__Clostridia;o__Oscillospirales;f__Ruminococcaceae;g__Ruminococcus;s__	0.973073022106346
da3fd1a55a332ea87aa1da2b633d54b2	d__Bacteria;p__Firmicutes;c__Bacilli;o__Lactobacillales;f__Streptococcaceae;g__Streptococcus;s__	0.9999583854499144
9f074321ddcf3e2e3ae39f28e1cd48e9	d__Bacteria;p__Bacteroidota;c__Bacteroidia;o__Bacteroidales;f__Bacteroidaceae;g__Bacteroides;s__	0.9998596325387356
549d81799f4ee128981ab318d18798b2	d__Bacteria;p__Firmicutes;c__Clostridia;o__Peptostreptococcales-Tissierellales;f__Family_XI;g__W5053;s__	0.9862558783844562
026fd7611ae2c3884517a42be3f9dab4	d__Bacteria;p__Firmicutes;c__Bacilli;o__Staphylococcales;f__Staphylococcaceae;g__Staphylococcus;s__	0.9999834303100406
1a7a971d3bcf21592d1ebabf35d100fd	d__Bacteria;p__Proteobacteria;c__Alphaproteobacteria;o__Caulobacterales;f__Caulobacteraceae;g__Brevundimonas;s__	0.9833817079839254
ac2956ac6d8d97d490867b401a180c4f	d__Bacteria;p__Proteobacteria;c__Alphaproteobacteria;o__Rickettsiales;f__Mitochondria;g__Mitochondria;s__	0.898976619188044
93270051e64ff5958b85c3162450d41e	d__Bacteria;p__Bacteroidota;c__Bacteroidia;o__Bacteroidales;f__Prevotellaceae;g__Prevotella;s__	0.7151681324714981
7e3e371ef86710a1d15916b6ac9b8bab	d__Bacteria;p__Firmicutes;c__Clostridia;o__Lachnospirales;f__Lachnospiraceae;g__[Eubacterium]_eligens_group;s__	0.9924217690356782
745fa7a6a6c33e0c8dec04075ba05382	d__Bacteria;p__Actinobacteriota;c__Actinobacteria;o__Corynebacteriales;f__Corynebacteriaceae;g__Corynebacterium;s__	0.9981735633896692
40f80939e6303ce27ee4934e5332b44d	d__Bacteria;p__Firmicutes;c__Clostridia;o__Oscillospirales;f__Ruminococcaceae;g__Faecalibacterium;s__	0.9998503700030352
1ea9de67982f906e67ae579d240b9136	d__Bacteria;p__Bacteroidota;c__Bacteroidia;o__Bacteroidales;f__Muribaculaceae;g__Muribaculaceae;s__	0.9981280656875767
1283d63576b75ae3110601e4a01858ac	d__Bacteria;p__Bacteroidota;c__Bacteroidia;o__Bacteroidales;f__Bacteroidaceae;g__Bacteroides;s__	0.9999797818982553
65c0d2f8fa0c7955432e5041f4af8be8	d__Bacteria;p__Actinobacteriota;c__Actinobacteria;o__Corynebacteriales;f__Corynebacteriaceae;g__Corynebacterium;s__	0.8984418632739313
afa90c128b183b93bfedf5b99fc5fb7c	d__Bacteria;p__Proteobacteria;c__Alphaproteobacteria;o__Rickettsiales;f__Mitochondria;g__Mitochondria;s__	0.9996662955654477
a99ca3cf9503840864f6abc5e9d6c30b	d__Bacteria;p__Bacteroidota;c__Bacteroidia;o__Bacteroidales;f__Muribaculaceae;g__Muribaculaceae;s__	0.9978256323199706
d8668512f3a200416bcf582452ac4b37	d__Bacteria;p__Firmicutes;c__Bacilli;o__Lactobacillales;f__Lactobacillaceae;g__Lactobacillus;s__	0.9999577314957137
352d49a0c22f75c316a2fa156c3fe766	Unassigned	0.36540509334935334
6b608f2a6388347f4edf2862f44d664b	d__Bacteria;p__Actinobacteriota;c__Actinobacteria;o__Corynebacteriales;f__Corynebacteriaceae;g__Corynebacterium;s__	0.922878326125294
27bc7fa7ca715a0568ccc29de0fa9c4d	d__Bacteria;p__Proteobacteria;c__Gammaproteobacteria;o__Enterobacterales;f__Enterobacteriaceae	0.8741874458113348
5291006ef2427233f10df0b5ca786a79	d__Bacteria;p__Firmicutes;c__Clostridia;o__Oscillospirales;f__Ruminococcaceae;g__UBA1819;s__	0.9997674300297671
8b6719eabdb505a5fa3d259195655976	d__Bacteria;p__Campylobacterota;c__Campylobacteria;o__Campylobacterales;f__Campylobacteraceae;g__Campylobacter;s__	0.9999809348031908
08dea1d533b682f918e89f57eef805f4	d__Bacteria;p__Firmicutes;c__Negativicutes;o__Veillonellales-Selenomonadales;f__Veillonellaceae;g__Megasphaera;s__	0.9927475078260443
a624c06d123beccb0d3eefea838c2418	d__Bacteria;p__Bacteroidota;c__Bacteroidia;o__Bacteroidales;f__Bacteroidaceae;g__Bacteroides;s__	0.9999885857839105
3b32ed0e7eeb5c90fe7673da1480c197	d__Bacteria;p__Firmicutes;c__Bacilli;o__Lactobacillales;f__Streptococcaceae;g__Streptococcus;s__	0.9999997714025972
75c556935f1ce82eca33fb56f78a905f	Unassigned	0.37100681169641436
4307ccd78ddb5945e69aea282e670fab	d__Bacteria;p__Actinobacteriota;c__Actinobacteria;o__Corynebacteriales;f__Corynebacteriaceae	0.9999800461521471
5634d9cef78477965d23a277612bc172	d__Bacteria;p__Actinobacteriota;c__Coriobacteriia;o__Coriobacteriales;f__Atopobiaceae	0.9999571747897774
b9390af2d3c1f284363c392e0a1a739e	d__Bacteria;p__Bacteroidota;c__Bacteroidia;o__Bacteroidales;f__Prevotellaceae;g__Prevotella_9;s__	0.9999822651266544
ff7008e0758ad4e31fc71663fead0d80	d__Bacteria;p__Firmicutes;c__Clostridia;o__Lachnospirales;f__Lachnospiraceae;g__[Ruminococcus]_torques_group;s__	0.9280782900919263
f9a94dcb7784db51c528e7390c0281d4	d__Bacteria;p__Actinobacteriota;c__Coriobacteriia;o__Coriobacteriales;f__Atopobiaceae;g__Atopobium;s__	0.9938872216083057
f5efaab4944dca6092be8006004d7397	d__Bacteria;p__Proteobacteria;c__Gammaproteobacteria;o__Enterobacterales;f__Enterobacteriaceae	0.7972823576865424
d157ade9303477ab0b43e69c842bf44d	d__Bacteria;p__Firmicutes;c__Clostridia;o__Lachnospirales;f__Lachnospiraceae	0.999996719273394
33e9e4b0bdc49ff2fc85facd4efb668c	d__Bacteria;p__Bacteroidota;c__Bacteroidia;o__Bacteroidales;f__Bacteroidaceae;g__Bacteroides;s__	0.9999681328082648
1cdb86d7c2eb08a70df7372cfc653855	d__Bacteria;p__Firmicutes;c__Clostridia;o__Oscillospirales;f__Ruminococcaceae	0.9708974294275776
8a362e9081c1623a08eb88b71ece6e42	Unassigned	0.6426145092797488
0f804ea96a3542b18338b7e0e42f2705	d__Bacteria;p__Proteobacteria;c__Alphaproteobacteria;o__Rickettsiales;f__Mitochondria;g__Mitochondria;s__	0.8251195739856634
04b8458f4bfd4c1c9749a946c7f148ce	d__Bacteria;p__Firmicutes;c__Clostridia;o__Oscillospirales;f__Oscillospiraceae;g__UCG-002;s__	0.99824741655011
110f8a86734eb963c09ecc6faa4850bb	Unassigned	0.39570872902810916
f10c2771cf89d546b340852627925e07	d__Bacteria;p__Firmicutes;c__Clostridia;o__Peptostreptococcales-Tissierellales;f__Family_XI;g__Anaerococcus;s__	0.9999999999845102
75c997229e5734619638ab700658d3e7	d__Bacteria;p__Firmicutes;c__Bacilli;o__Lactobacillales;f__Enterococcaceae;g__Enterococcus;s__	0.9178285563960678
a7b496c1b197447a58a96d5109cf0bf5	d__Bacteria;p__Actinobacteriota;c__Coriobacteriia;o__Coriobacteriales;f__Atopobiaceae;g__Atopobium;s__	0.9937644164610256
cbb08d59976c63d28007908710dcef93	d__Bacteria;p__Firmicutes;c__Clostridia;o__Clostridia_UCG-014;f__Clostridia_UCG-014;g__Clostridia_UCG-014;s__	0.9817186361961255
5143b9eb1e0c15cd84428b8391ded42c	d__Bacteria;p__Firmicutes;c__Bacilli;o__Lactobacillales;f__Lactobacillaceae;g__Lactobacillus;s__	0.992583500393516
b2613e86da65aaa92a5bf613bd75daab	d__Bacteria;p__Firmicutes;c__Clostridia;o__Oscillospirales;f__[Eubacterium]_coprostanoligenes_group;g__[Eubacterium]_coprostanoligenes_group;s__	0.9944362413766034
e16db6f53c176ff3721c61e69953793b	d__Bacteria;p__Bacteroidota;c__Bacteroidia;o__Bacteroidales;f__Barnesiellaceae;g__Barnesiella;s__	0.9999997620160173
b30727861682ab6ecc0f2fc89f9132a1	d__Bacteria;p__Bacteroidota;c__Bacteroidia;o__Bacteroidales;f__Prevotellaceae;g__Prevotella;s__	0.7017853094656624
d7d3cdd53799e5296423251aa8f5cb20	d__Bacteria;p__Bacteroidota;c__Bacteroidia;o__Bacteroidales;f__Bacteroidaceae;g__Bacteroides;s__	0.9999928465258631
bfad690571983692244717f38b9c41c7	d__Bacteria;p__Bacteroidota;c__Bacteroidia;o__Bacteroidales;f__Bacteroidaceae;g__Bacteroides;s__	0.9999974466390908
ba5921a710625d52e6f0e828c875ffa4	d__Bacteria;p__Bacteroidota;c__Bacteroidia;o__Bacteroidales;f__Bacteroidaceae;g__Bacteroides;s__	0.9999823631846494
0fbbf802437e3b8075bb3e2b00954117	d__Bacteria;p__Actinobacteriota;c__Actinobacteria;o__Actinomycetales;f__Actinomycetaceae;g__Varibaculum;s__	0.9999999749637712
3bb4199bfa01e4ed6d417ae47fbed0cf	d__Bacteria;p__Actinobacteriota;c__Actinobacteria;o__Corynebacteriales;f__Corynebacteriaceae;g__Corynebacterium;s__	0.994203444396379
d07adf56150a6484bcc80413d3f1893e	d__Bacteria	0.7091137966783854
2e2dae91bc3f9d3d66a416ce6cc6e592	d__Bacteria;p__Actinobacteriota;c__Actinobacteria;o__Corynebacteriales;f__Corynebacteriaceae;g__Corynebacterium;s__	0.9597499640969275
ca1f8a35b5c952d7df6335068a10aef3	d__Bacteria;p__Actinobacteriota;c__Actinobacteria;o__Actinomycetales;f__Actinomycetaceae;g__Actinomyces;s__	0.9997643915669452
e9672cb59e0fc6564606c23a57d6c482	Unassigned	0.6683852076179917
024d64ec6ca834ca7a0889e9b43cce4b	d__Bacteria;p__Actinobacteriota;c__Actinobacteria;o__Bifidobacteriales;f__Bifidobacteriaceae;g__Bifidobacterium;s__	0.9997790333986767
0bbe526822d64408771f3b0ce11b1d2c	d__Bacteria;p__Bacteroidota;c__Bacteroidia;o__Bacteroidales;f__Porphyromonadaceae;g__Porphyromonas;s__	0.9977788156259906
8cce7bc11722a10d2a19c37688dbe678	d__Bacteria;p__Bacteroidota;c__Bacteroidia;o__Bacteroidales;f__Porphyromonadaceae;g__Porphyromonas;s__	0.9844339291172008
9b1bd1877462f7f4f51b420e1e68752b	Unassigned	0.34284418200875966
f1fb17d85ea33fbe3ffc752f748b3d68	d__Bacteria;p__Firmicutes;c__Negativicutes;o__Veillonellales-Selenomonadales;f__Veillonellaceae;g__Dialister;s__	0.9982278549326038
249cb863cc648984bb8e52cc7e086629	Unassigned	0.40069397125459427
570a004dad46809cee3376a56c634844	d__Bacteria;p__Firmicutes;c__Clostridia;o__Peptostreptococcales-Tissierellales;f__Family_XI;g__Ezakiella;s__	0.999999927669168
58e1b2b19e65fce0168f4c1a65d8a2e5	d__Bacteria;p__Proteobacteria;c__Alphaproteobacteria;o__Rickettsiales;f__Mitochondria;g__Mitochondria;s__	0.7577022163161466
29c92dd089c4362c8266a7d0a44fc1c8	d__Bacteria;p__Proteobacteria;c__Gammaproteobacteria;o__Enterobacterales;f__Enterobacteriaceae	0.9347232177519824
b45131c22e455e6c639ac5b94fec30e7	d__Bacteria;p__Actinobacteriota;c__Actinobacteria;o__Actinomycetales;f__Actinomycetaceae;g__Varibaculum;s__	0.999999970185542
863baabe1481f5f03d1272ce4b32bbcc	d__Bacteria;p__Firmicutes;c__Bacilli;o__Lactobacillales;f__Streptococcaceae;g__Streptococcus;s__	0.9999739874926652
4e29949fbf33f687665c7ec95d0b1b26	d__Bacteria;p__Firmicutes;c__Clostridia;o__Clostridiales;f__Clostridiaceae;g__Clostridium_sensu_stricto_1;s__	0.9814496307095213
6c608a3abdc6776299296deadc4e6f84	d__Bacteria;p__Actinobacteriota;c__Actinobacteria;o__Corynebacteriales;f__Corynebacteriaceae;g__Corynebacterium;s__	0.7226389578809113
2f943ea54b44c8dfbdd22fa459c3da5f	d__Bacteria;p__Actinobacteriota;c__Coriobacteriia;o__Coriobacteriales;f__Atopobiaceae;g__Atopobium;s__	0.9902923845122165
d95ece56860221019a2d090f4440fa33	d__Bacteria;p__Bacteroidota;c__Bacteroidia;o__Bacteroidales;f__Tannerellaceae;g__Parabacteroides;s__	0.999998453910736
1e771a7c64a86589a8adba2fd8105865	d__Bacteria;p__Actinobacteriota;c__Actinobacteria;o__Corynebacteriales;f__Corynebacteriaceae;g__Corynebacterium;s__	0.9973385979911136
4312746590cec13ca4a38f2e528182f2	Unassigned	0.49207460289786553
ebe1ba548dc7447b11a11a7d6087a667	d__Bacteria;p__Proteobacteria;c__Gammaproteobacteria;o__Enterobacterales;f__Enterobacteriaceae	0.7348127009388893
22c691d4b67b01aeee05921eb3a73dc9	Unassigned	0.44323469212405353
08a722ea32f62a771b6aa38df0ef0254	d__Bacteria;p__Firmicutes;c__Clostridia;o__Oscillospirales;f__Hungateiclostridiaceae;g__Fastidiosipila;s__	0.7711585275519833
0c64aae9768662606206c96755e55e81	d__Bacteria;p__Bacteroidota;c__Bacteroidia;o__Bacteroidales;f__Prevotellaceae	0.9995537688213556
3eda846ce814dd746d931203746b2d75	d__Bacteria;p__Bacteroidota;c__Bacteroidia;o__Bacteroidales;f__Prevotellaceae;g__Prevotella_9;s__	0.9999840083005715
417ee85f3682de63ba1d5084861efeea	d__Bacteria;p__Firmicutes;c__Negativicutes;o__Veillonellales-Selenomonadales;f__Veillonellaceae;g__Veillonellaceae;s__	0.888850171429988
77d8011ec4c013eb1c6b5f3a3f7d2e03	Unassigned	0.6497334418378817
5c8588373c67c6a22cd5b81f82b9bdbe	d__Bacteria;p__Actinobacteriota;c__Actinobacteria;o__Corynebacteriales;f__Corynebacteriaceae;g__Corynebacterium;s__	0.9131763242542882
6cf9377cac40b1f3400cf708e908ae0e	d__Bacteria;p__Firmicutes;c__Clostridia;o__Monoglobales;f__Monoglobaceae;g__Monoglobus;s__	0.9999240509603846
c4d474f39ba145c2d5c2077d7347cb22	d__Bacteria;p__Actinobacteriota;c__Actinobacteria;o__Bifidobacteriales;f__Bifidobacteriaceae;g__Gardnerella;s__	0.9999854022223885
ad83c0dd1210b331571894b1e0358449	d__Bacteria;p__Firmicutes;c__Bacilli;o__Lactobacillales;f__Streptococcaceae;g__Streptococcus;s__	0.9999981298512219
a0a1374ae018983a7f0c5f9d8de40638	d__Bacteria;p__Proteobacteria;c__Gammaproteobacteria;o__Enterobacterales;f__Enterobacteriaceae	0.9678176111257736
fd5d3d191a334c48af5388e1aebdf0d3	d__Bacteria;p__Firmicutes;c__Bacilli;o__Lactobacillales;f__Streptococcaceae;g__Streptococcus;s__	0.9999595913188665
f6a0b49849741b5818cb3bb43d382bac	d__Bacteria;p__Actinobacteriota;c__Coriobacteriia;o__Coriobacteriales;f__Atopobiaceae;g__Atopobium;s__	0.9948780525418284
247262465ae9649d9cac57346808b97b	d__Bacteria;p__Proteobacteria;c__Alphaproteobacteria;o__Rickettsiales;f__Mitochondria;g__Mitochondria;s__	0.8558449768696417
78426d5d0429f37ac9a998c80f7aacab	d__Bacteria;p__Firmicutes;c__Bacilli;o__Mycoplasmatales;f__Mycoplasmataceae;g__Ureaplasma;s__	0.9999999997667999
0d6aa558a6aac8ef1009c2d38289cdfe	d__Bacteria;p__Firmicutes;c__Clostridia;o__Oscillospirales;f__Hungateiclostridiaceae;g__Fastidiosipila;s__	0.9902241654262752
31523563b94f138bb15ed61b41a46fd6	d__Bacteria;p__Proteobacteria;c__Gammaproteobacteria;o__Enterobacterales;f__Enterobacteriaceae	0.9590382309693797
0418edee67347a7c4022927bb810e668	d__Bacteria;p__Proteobacteria;c__Alphaproteobacteria;o__Rickettsiales;f__Mitochondria;g__Mitochondria;s__	0.8548177648014774
3f27bb6bc1aaefcae75f8b2af86316c6	d__Bacteria;p__Proteobacteria;c__Gammaproteobacteria;o__Enterobacterales	0.9999999975185616
7c435146180390b67a87bb81dcf08cb5	d__Bacteria;p__Firmicutes;c__Clostridia;o__Lachnospirales;f__Lachnospiraceae;g__Blautia;s__	0.8453078976441251
c5633981c707f74b3a7550307c54dfd9	Unassigned	0.4130899444297601
7c4d78afd0d86bd02661d6373842e870	d__Bacteria;p__Firmicutes;c__Bacilli;o__Lactobacillales;f__Enterococcaceae;g__Enterococcus;s__	0.9487878152781204
452d976be6cc13086ff9ac2bb728cbdd	Unassigned	0.3663690264854602
8e07a930729d33bdc4704eece14e52e0	d__Bacteria;p__Firmicutes;c__Bacilli;o__Lactobacillales;f__Lactobacillaceae;g__HT002;s__	0.8647488120808164
79d7c6a38c3324a8530b3de6c7c45805	d__Bacteria;p__Proteobacteria;c__Alphaproteobacteria;o__Rickettsiales;f__Mitochondria;g__Mitochondria;s__	0.8304464200805137
86a2cced29c794cd946d3f2c685b64c4	d__Bacteria;p__Actinobacteriota;c__Coriobacteriia;o__Coriobacteriales;f__Atopobiaceae;g__Atopobium;s__	0.9937214536869352
2767029bcba4fff08589ebfa29f60b34	d__Bacteria;p__Firmicutes;c__Clostridia;o__Peptostreptococcales-Tissierellales;f__Peptostreptococcaceae;g__Peptostreptococcus;s__	0.9999681929562082
e8fdd4a8a7b6236f26db6551014d344a	d__Bacteria;p__Firmicutes;c__Clostridia;o__Lachnospirales;f__Lachnospiraceae;g__[Eubacterium]_hallii_group;s__	0.9998590282990771
4bcb84ae92783fe0b82cb21b16b3daa7	d__Bacteria;p__Firmicutes;c__Bacilli;o__Mycoplasmatales;f__Mycoplasmataceae;g__Ureaplasma;s__	0.999999999513051
10d07f8c1ac3ca987c212ca51396d38f	d__Bacteria;p__Firmicutes;c__Clostridia;o__Oscillospirales;f__Ruminococcaceae;g__[Eubacterium]_siraeum_group;s__	0.9856360553617949
009160bfde60715772e504df6b7b4d40	Unassigned	0.3942730306596052
af7c6bf0e46dd165d4442ec7665ea805	d__Bacteria;p__Proteobacteria;c__Gammaproteobacteria;o__Enterobacterales;f__Enterobacteriaceae	0.9429398650783735
fb1c05d519ff2229b38b0907801fb44c	d__Bacteria;p__Bacteroidota;c__Bacteroidia;o__Bacteroidales;f__Prevotellaceae	0.9991259892947223
a6d5dfbb5da294cf6fd1b7c294ef0820	d__Bacteria;p__Bacteroidota;c__Bacteroidia;o__Bacteroidales;f__Muribaculaceae;g__Muribaculaceae;s__	0.9984422054482097
f08ae9710c71a56bc0f7776637443e05	d__Bacteria;p__Actinobacteriota;c__Actinobacteria;o__Actinomycetales;f__Actinomycetaceae;g__Arcanobacterium;s__	0.9998732145503592
b33a1a4ff08f20ea44c9979aa52a592e	d__Bacteria;p__Bacteroidota;c__Bacteroidia;o__Bacteroidales;f__Prevotellaceae;g__Prevotella;s__	0.9143625232897007
135ec679eb68168b0e60b8dbd9f7bbf6	d__Bacteria;p__Firmicutes;c__Clostridia;o__Oscillospirales;f__Ruminococcaceae;g__Ruminococcus;s__	0.825729456134735
c58822b9885c431c9aefa78871bd8a55	d__Bacteria;p__Firmicutes;c__Clostridia;o__Oscillospirales;f__Ruminococcaceae;g__Ruminococcus;s__	0.9689418550546611
e9f99ca3c10b0ed54172d740e8e39f98	d__Bacteria;p__Proteobacteria;c__Gammaproteobacteria;o__Enterobacterales;f__Enterobacteriaceae	0.9701878294328337
db04edf00048cd9c77e2c8aa81d9d8d6	d__Bacteria;p__Actinobacteriota;c__Actinobacteria;o__Corynebacteriales;f__Corynebacteriaceae;g__Corynebacterium;s__	0.9914560292057579
4c51de2a208307e6e6e3b8e4c2d1470a	d__Bacteria;p__Bacteroidota;c__Bacteroidia;o__Bacteroidales;f__Prevotellaceae;g__Prevotella_7;s__	0.9937320862762414
f9e3bbddf0c277091c33c3aac56f02d2	d__Bacteria;p__Actinobacteriota;c__Actinobacteria;o__Corynebacteriales;f__Corynebacteriaceae;g__Corynebacterium;s__	0.7956147437464498
602a67ebe99f5562ea03337a0c2a39b5	d__Bacteria;p__Bacteroidota;c__Bacteroidia;o__Bacteroidales;f__Bacteroidaceae;g__Bacteroides;s__	0.9999763079132411
20bdcad8cd5aea50d739bf8d802e2ecb	d__Bacteria;p__Firmicutes;c__Bacilli;o__Lactobacillales;f__Lactobacillaceae;g__Ligilactobacillus;s__	0.9999102052015346
4a8a9f963e44bf08225fa5690c51fce9	d__Bacteria;p__Firmicutes;c__Clostridia;o__Lachnospirales;f__Lachnospiraceae;g__Coprococcus;s__	0.8599031122398854
2866023cb954b05059c687df27bd65cb	d__Bacteria	0.8327360808395406
596104c8a50cb9f36c0de631d31d9ab9	d__Bacteria;p__Firmicutes;c__Clostridia;o__Peptostreptococcales-Tissierellales;f__Family_XI;g__Peptoniphilus;s__	0.9975064322449966
43350a055f95d6f749c786d36f26c0d3	d__Bacteria;p__Firmicutes;c__Bacilli;o__Lactobacillales;f__Lactobacillaceae;g__Lactobacillus;s__	0.9999848829061285
0b311fd10d1a4071f1c20a67adaa55ac	d__Bacteria;p__Bacteroidota;c__Bacteroidia;o__Bacteroidales;f__Prevotellaceae;g__Prevotella_9;s__	0.9999881243797419
ca2c80957c045fc275f4562c335fd869	d__Bacteria;p__Proteobacteria;c__Gammaproteobacteria;o__Pseudomonadales;f__Moraxellaceae;g__Acinetobacter;s__	0.9999958943756593
170089c0ec759a8c920a940d80debbae	d__Bacteria;p__Proteobacteria;c__Gammaproteobacteria;o__Enterobacterales;f__Enterobacteriaceae	0.965375781574512
6cb2ce16b57b18b6abb20e033ac6f41b	d__Bacteria;p__Bacteroidota;c__Bacteroidia;o__Bacteroidales;f__Bacteroidaceae;g__Bacteroides;s__	0.99998551579835
4c13398eb232ac1e58d58f23922f7a00	Unassigned	0.4347482205269817
7c26ca1983429d9498096f4514b42e50	d__Bacteria;p__Firmicutes;c__Clostridia;o__Lachnospirales;f__Lachnospiraceae;g__Blautia;s__	0.9621760937817329
1a295a0c5ff32e881203429e3fcdbafc	d__Bacteria;p__Firmicutes;c__Bacilli;o__Lactobacillales;f__Enterococcaceae;g__Enterococcus;s__	0.9046135222558493
76992e32918d278066ac37a569a65a34	Unassigned	0.36398016718845216
c9e58068741189f5a1474f80c0325971	d__Bacteria;p__Proteobacteria;c__Alphaproteobacteria;o__Rickettsiales;f__Mitochondria;g__Mitochondria;s__	0.7281909929823892
82b85263c8200115da4f1de56abc17b8	d__Bacteria;p__Firmicutes;c__Bacilli;o__Lactobacillales;f__Lactobacillaceae;g__Lacticaseibacillus;s__	0.9999953350575151
83a5381789d9b36ee36d3a312617f938	d__Bacteria;p__Firmicutes;c__Clostridia;o__Oscillospirales;f__Ruminococcaceae;g__CAG-352;s__	0.8815111990101029
a560e7379ec586e5ace9fe8d63f50ca9	d__Bacteria;p__Firmicutes;c__Bacilli;o__Lactobacillales;f__Aerococcaceae;g__Aerococcus;s__	0.9998993162809222
9184d1660db70b6b4925787cf9c67572	d__Bacteria;p__Firmicutes;c__Bacilli;o__Lactobacillales;f__Enterococcaceae;g__Enterococcus;s__	0.8825874283676093
ad9a6343a04a31c1ec53dfd69875c5f0	d__Bacteria;p__Firmicutes;c__Clostridia;o__Lachnospirales;f__Lachnospiraceae;g__Lachnospiraceae_ND3007_group;s__	0.9998867154464347
76fc4961fc0d03b98855a86cb4a76a05	d__Bacteria;p__Firmicutes;c__Clostridia;o__Lachnospirales;f__Lachnospiraceae;g__[Eubacterium]_eligens_group;s__	0.9939655701277053
291d9b8b2a9f1c96e455357a09cc9635	d__Bacteria;p__Firmicutes;c__Clostridia;o__Peptostreptococcales-Tissierellales;f__Family_XI;g__Gallicola;s__	0.9999987120868975
2c0df87c66a8c4050a4a1df88e5e3256	Unassigned	0.3800698659715739
8d3ce86924a7e5dd5fca3090c3b0475a	d__Bacteria;p__Bacteroidota;c__Bacteroidia;o__Bacteroidales;f__Prevotellaceae;g__Prevotellaceae_NK3B31_group;s__	0.9989484839628867
02e0e7cf8aa8041880c82e640ed3c14e	d__Bacteria;p__Bacteroidota;c__Bacteroidia;o__Bacteroidales;f__Marinifilaceae;g__Odoribacter;s__	0.9999997012647148
154741a52d5412be964f4499c769204e	d__Bacteria;p__Bacteroidota;c__Bacteroidia;o__Bacteroidales;f__Prevotellaceae;g__Prevotella_9;s__	0.9987862169772941
1558f1117b9c01d12215895542cea3b5	d__Bacteria;p__Proteobacteria;c__Gammaproteobacteria;o__Enterobacterales;f__Enterobacteriaceae	0.9296970823052834
f051228390fe2473989638e6788cb66d	d__Bacteria;p__Bacteroidota;c__Bacteroidia;o__Bacteroidales	0.9952566920144994
d171b8b96d7ff4a8aa266d4ed8506d3a	d__Bacteria;p__Proteobacteria;c__Gammaproteobacteria;o__Enterobacterales;f__Enterobacteriaceae	0.8965584376398827
4e4f3c92cb0713148daab3e047a7ee36	Unassigned	0.391579129461911
f7df4f142a09e6d688fbf2e5a93cef26	d__Bacteria	0.7002810026768904
07dbff348e287cd8fa38a9366ae15cbc	d__Bacteria;p__Firmicutes;c__Clostridia;o__Oscillospirales;f__Ruminococcaceae;g__Ruminococcus;s__	0.9701318429886668
9e0eb6fb39aa7ba040f10c8aa416a136	d__Bacteria;p__Firmicutes;c__Clostridia;o__Oscillospirales;f__Oscillospiraceae;g__UCG-002;s__	0.994073440321729
367a612ac4463dc536f75462b8178f0c	Unassigned	0.4217683075631681
aea9d4660cd294050495c44d5f25bf80	d__Bacteria;p__Actinobacteriota;c__Actinobacteria;o__Bifidobacteriales;f__Bifidobacteriaceae;g__Bifidobacterium;s__	0.9999886241889331
134ff49101270416ee323cf861e8d3f1	d__Bacteria	0.9528986667632695
e1c3db1c752c38e321b78f0336efeda6	d__Bacteria;p__Bacteroidota;c__Bacteroidia;o__Bacteroidales;f__Bacteroidaceae;g__Bacteroides;s__	0.9998504719982088
26125b38a3e1b9461315ff1b611466fe	d__Bacteria;p__Bacteroidota;c__Bacteroidia;o__Bacteroidales;f__Porphyromonadaceae;g__Porphyromonas;s__	0.969783425513671
392a676acb2642e9c29a21884bf95d7f	d__Bacteria;p__Bacteroidota;c__Bacteroidia;o__Bacteroidales;f__Prevotellaceae;g__Prevotella_9;s__	0.9999856242362649
ef1d5ec333b62abaeff6d1e497f00f21	Unassigned	0.3377510433930616
256c15d3eae7d08540763524d7bfafb1	d__Bacteria;p__Bacteroidota;c__Bacteroidia;o__Bacteroidales;f__Prevotellaceae;g__Prevotella_7;s__	0.896320843107367
90a874495937c623bbb15690bf9d47e6	d__Bacteria;p__Firmicutes;c__Clostridia;o__Lachnospirales;f__Lachnospiraceae	0.9999967570137673
1f638358b834a94a1265f22fd0edc06a	d__Bacteria;p__Proteobacteria;c__Gammaproteobacteria;o__Burkholderiales;f__Sutterellaceae;g__Parasutterella;s__	0.9999999996090594
84e1e870c009b2b9aa334c0527068206	d__Bacteria;p__Actinobacteriota;c__Actinobacteria;o__Propionibacteriales;f__Propionibacteriaceae;g__Propionimicrobium;s__	0.9990246779143723
d4535a084421c28e38562926571e17bf	d__Bacteria;p__Firmicutes;c__Clostridia;o__Lachnospirales;f__Lachnospiraceae;g__Lachnospira;s__	0.9984436309609471
31461defdd7fd939813f6590f7a1f9c7	d__Bacteria	0.8551599079768142
bb37db43a4cba4e7297f7ea91a9c16c9	d__Bacteria;p__Proteobacteria;c__Gammaproteobacteria;o__Enterobacterales;f__Enterobacteriaceae	0.947858782960221
650a29d4b8499dac4623cc3ae6a2a66f	d__Bacteria	0.7542111050446575
9c5c77a1c21e061a5c049aa2bfa64270	d__Bacteria	0.761040639246819
fc77175dcba363ce40345df42d98e0c8	d__Bacteria;p__Actinobacteriota;c__Actinobacteria;o__Actinomycetales;f__Actinomycetaceae;g__Actinomyces;s__	0.9993682944551964
783d5459b7b42bd4d7a2ac1d434949b2	d__Bacteria;p__Firmicutes;c__Bacilli;o__Lactobacillales;f__Streptococcaceae;g__Streptococcus;s__	0.9999998224231079
c50caa282c30ea14b39774e2d50ac633	d__Bacteria;p__Proteobacteria;c__Gammaproteobacteria;o__Enterobacterales;f__Enterobacteriaceae	0.9388154610994643
7d65b0e53bfa66ba49ff5a6010d6b624	Unassigned	0.3559948919152436
d3968b4cf861d67c0cffb852bbf737c4	d__Bacteria;p__Fusobacteriota;c__Fusobacteriia;o__Fusobacteriales;f__Fusobacteriaceae;g__Fusobacterium;s__	0.9973860195043811
d1747f02821e8bc9f3245277c67363fe	d__Bacteria;p__Bacteroidota;c__Bacteroidia;o__Bacteroidales	0.9952452213833847
8237559056c8e7c273a40470f9283de6	d__Bacteria;p__Firmicutes;c__Clostridia;o__Lachnospirales;f__Lachnospiraceae;g__Agathobacter;s__	0.8412651325506477
6a2fcffbf90a83318c096118f1a5bf97	d__Bacteria;p__Bacteroidota;c__Bacteroidia;o__Bacteroidales;f__Prevotellaceae;g__Prevotella_9;s__	0.9999786635970287
379c000a5ab2dba53872fe340b7edad7	d__Bacteria;p__Bacteroidota;c__Bacteroidia;o__Bacteroidales;f__Bacteroidaceae;g__Bacteroides;s__	0.9999721414847754
c1315987d3e1bb51e80cd43716ebfb60	d__Bacteria;p__Firmicutes;c__Clostridia;o__Lachnospirales;f__Lachnospiraceae;g__Anaerostipes;s__	0.9996645313234471
096e693716ee1b2035941b35c5a73150	d__Bacteria;p__Actinobacteriota;c__Actinobacteria;o__Corynebacteriales;f__Corynebacteriaceae;g__Corynebacterium;s__	0.9982256043836256
8ff4191c9d97d662ea9c324c422da08c	Unassigned	0.48630538785310506
143ff21ad6aaff37be2dd2af2c1727a7	d__Bacteria;p__Firmicutes;c__Bacilli;o__Lactobacillales;f__Lactobacillaceae;g__Leuconostoc;s__	0.9999978562958872
d4b4dc2830e02e11999b68e03d36f0c5	d__Bacteria;p__Firmicutes;c__Bacilli;o__Lactobacillales;f__Carnobacteriaceae;g__Dolosigranulum;s__	0.9999999974989465
2fb5feff4b3767e9fc2df99f026743ee	d__Bacteria;p__Firmicutes;c__Clostridia;o__Clostridia_UCG-014;f__Clostridia_UCG-014;g__Clostridia_UCG-014;s__	0.9777751338383285
218e46aa61402e49b41bf368ecb83289	d__Bacteria;p__Bacteroidota;c__Bacteroidia;o__Bacteroidales;f__Prevotellaceae;g__Prevotella_9;s__	0.9999706205389044
5a900a765c77559e6002091389b42f73	d__Bacteria;p__Actinobacteriota;c__Actinobacteria;o__Actinomycetales;f__Actinomycetaceae;g__Mobiluncus;s__	0.9999999556805516
45c5edd51be1ecc155c9f12c0374f5b2	d__Bacteria;p__Firmicutes;c__Clostridia;o__Lachnospirales;f__Lachnospiraceae;g__Dorea;s__	0.9421056237483478
5eaf7015f66ed3aa45dce98228301684	d__Bacteria;p__Proteobacteria;c__Gammaproteobacteria;o__Pseudomonadales;f__Pseudomonadaceae;g__Pseudomonas;s__	0.9995840577923262
3960f0864976f7a79ea638566f628084	d__Bacteria;p__Proteobacteria;c__Gammaproteobacteria;o__Burkholderiales;f__Sutterellaceae;g__Sutterella;s__	0.9999997097785776
1d96fb64b539a3967e5d667393072e50	d__Bacteria;p__Proteobacteria;c__Gammaproteobacteria;o__Pseudomonadales;f__Moraxellaceae;g__Acinetobacter;s__	0.9997607549128675
0b76c0de45ebe2ad7502a0a5546699ca	d__Bacteria;p__Firmicutes;c__Clostridia;o__Lachnospirales;f__Lachnospiraceae;g__Coprococcus;s__	0.9183727010884412
0e00b42c58d091fe15f24982e4c1bdff	d__Bacteria;p__Proteobacteria;c__Alphaproteobacteria;o__Rickettsiales;f__Mitochondria;g__Mitochondria;s__	0.7749999320908351
29b80ccf782b1720b8c9e2cf88ccbae3	d__Bacteria;p__Proteobacteria;c__Alphaproteobacteria;o__Rickettsiales;f__Mitochondria;g__Mitochondria;s__	0.774104569015391
4d7fd348c7362387f1734c9168549b01	Unassigned	0.6120226973599643
6b93870eab8dbc35ab0f969e89ec0df4	d__Bacteria;p__Bacteroidota;c__Bacteroidia;o__Bacteroidales;f__Tannerellaceae;g__Parabacteroides;s__	0.9999955990779691
28f7cbdffa30072435c93e7521b8e529	d__Bacteria;p__Proteobacteria;c__Alphaproteobacteria;o__Rickettsiales;f__Mitochondria;g__Mitochondria;s__	0.7794135228493563
f9d526f3b94a27d5de909e1564f0856f	Unassigned	0.32242508002355796
a4d98ca36dc66a0161e195b9a625b708	d__Bacteria;p__Firmicutes;c__Clostridia;o__Lachnospirales;f__Lachnospiraceae;g__Roseburia;s__	0.8540055762092251
21894ae1f613550531a17f8c1e96b9ae	d__Bacteria;p__Firmicutes;c__Clostridia;o__Peptostreptococcales-Tissierellales;f__Family_XI;g__Peptoniphilus;s__	0.99954234832387
3536f8ab3756173438fa60fd5d45f138	d__Bacteria;p__Proteobacteria;c__Gammaproteobacteria;o__Enterobacterales;f__Enterobacteriaceae	0.8306308376446132
6ff16c53b14f4e4259733d82dc4a1286	d__Bacteria;p__Firmicutes;c__Clostridia;o__Oscillospirales;f__Ruminococcaceae;g__Incertae_Sedis;s__	0.9267591165469432
aaa905ae373653b76a3ae53d6574c414	Unassigned	0.3656192792608486
de9a491624d3de163066d0ea1aa7e66a	d__Bacteria;p__Proteobacteria;c__Alphaproteobacteria;o__Rickettsiales;f__Mitochondria;g__Mitochondria;s__	0.8497889282563523
70f82799f9fd1df883846b9fc02045df	d__Bacteria;p__Proteobacteria;c__Gammaproteobacteria;o__Enterobacterales;f__Pasteurellaceae;g__Haemophilus;s__	0.8628781329917689
e746c08bfd4cdccae9fd712de81b49e6	d__Bacteria;p__Actinobacteriota;c__Actinobacteria;o__Micrococcales;f__Micrococcaceae;g__Rothia;s__	0.9999683332305705
74bf5d67ecb55f026a56b97173786beb	d__Bacteria;p__Proteobacteria;c__Gammaproteobacteria;o__Pseudomonadales;f__Pseudomonadaceae;g__Pseudomonas;s__	0.9997600711676303
b4ec6ca9ae558d467b9d324cc300e0d5	d__Bacteria;p__Proteobacteria;c__Alphaproteobacteria;o__Rickettsiales;f__Mitochondria;g__Mitochondria;s__	0.9368046317686335
f0f36f6803ab21415d9fba8982899381	d__Bacteria	0.765489454525574
e48114d593af91b1e8c98680b297f335	d__Bacteria;p__Proteobacteria;c__Alphaproteobacteria;o__Rickettsiales;f__Mitochondria;g__Mitochondria;s__	0.9562736454869151
63d630a2e0128ade18b4ddb1adc520cc	d__Bacteria;p__Proteobacteria;c__Alphaproteobacteria;o__Rickettsiales;f__Mitochondria;g__Mitochondria;s__	0.7299596004822569
5d29f47a066decd938086f330a15fdce	d__Bacteria;p__Actinobacteriota;c__Actinobacteria;o__Actinomycetales;f__Actinomycetaceae;g__Mobiluncus;s__	0.9999999946663253
c072501f385a13eb5571976000188c72	d__Bacteria;p__Actinobacteriota;c__Actinobacteria;o__Propionibacteriales;f__Propionibacteriaceae;g__Cutibacterium;s__	0.9999857462964657
715189b76001589ffa106a08e1dff81a	d__Bacteria;p__Fusobacteriota;c__Fusobacteriia;o__Fusobacteriales;f__Fusobacteriaceae;g__Fusobacterium;s__	0.9999999584595409
bd323ae18c05ef24ddf56667c04faecd	d__Bacteria;p__Proteobacteria;c__Alphaproteobacteria;o__Rhizobiales;f__Beijerinckiaceae;g__Methylobacterium-Methylorubrum;s__	0.9927712118687811
a3db044b343b6fd5f845f6d185ed6cc5	d__Bacteria;p__Actinobacteriota;c__Coriobacteriia;o__Coriobacteriales;f__Eggerthellaceae;g__DNF00809;s__	0.8979654079501961
1f965df10b41fee8dfd905dafc8ccab0	d__Bacteria;p__Bacteroidota;c__Bacteroidia;o__Bacteroidales;f__Bacteroidaceae;g__Bacteroides;s__	0.999975392331632
f1d10bfa443393cfe67263894c84e566	d__Bacteria;p__Firmicutes;c__Clostridia;o__Lachnospirales;f__Lachnospiraceae	0.9999957148664095
babb2ebb5ca6d5b569dbcd2b4b628198	d__Bacteria;p__Firmicutes;c__Bacilli;o__Lactobacillales;f__Lactobacillaceae;g__Weissella;s__	0.9999984933666591
8cf144d1a2cb9b742b5e647ae3937887	d__Bacteria;p__Firmicutes;c__Clostridia;o__Oscillospirales;f__[Eubacterium]_coprostanoligenes_group;g__[Eubacterium]_coprostanoligenes_group;s__	0.9997707573296972
ca389653fb3be515382b9b81248b977c	d__Bacteria;p__Actinobacteriota;c__Actinobacteria;o__Corynebacteriales;f__Corynebacteriaceae;g__Corynebacterium;s__	0.8905437595053801
eff048d6f4719b1c26ff557a24d1d47f	d__Bacteria;p__Bacteroidota;c__Bacteroidia;o__Bacteroidales;f__Bacteroidaceae;g__Bacteroides;s__	0.9999372636060626
b37d1cee7682158cd22a6a5a8409823f	d__Bacteria;p__Bacteroidota;c__Bacteroidia;o__Bacteroidales;f__Tannerellaceae;g__Parabacteroides;s__	0.9999986130808577
036ca3fa03f8d93a402ced6240a337fe	d__Bacteria;p__Firmicutes;c__Clostridia;o__Oscillospirales;f__Oscillospiraceae;g__UCG-002;s__	0.9935557387644242
d0d71323b9dd35b87d972d7332c7828d	d__Bacteria;p__Firmicutes;c__Clostridia;o__Oscillospirales;f__Ruminococcaceae;g__Ruminococcus;s__	0.9951982633829228
a0d51ed57f49a0f02e83d35c1059a28f	d__Bacteria;p__Proteobacteria;c__Alphaproteobacteria;o__Rhizobiales;f__Rhizobiaceae;g__Pseudochrobactrum;s__	0.9302721787144232
6cd95b93fa874191c394f2a5fce0c6d1	d__Bacteria;p__Synergistota;c__Synergistia;o__Synergistales;f__Synergistaceae;g__Cloacibacillus;s__	0.9996398147058898
e27e94d3ea69d387ccd54bf6164d951c	d__Bacteria;p__Firmicutes;c__Clostridia;o__Oscillospirales;f__Ruminococcaceae;g__Ruminococcus;s__	0.9515701468871934
0c6d27506430b0ef664ffaecf6041784	d__Bacteria;p__Firmicutes;c__Clostridia;o__Peptostreptococcales-Tissierellales;f__Family_XI;g__Anaerococcus;s__	0.9999999947812911
7ddecdc9fd8a5501aaa7e766581fc234	Unassigned	0.3331558304451431
c32ce52602602053dcc40a74016b202b	d__Bacteria;p__Proteobacteria;c__Alphaproteobacteria;o__Rickettsiales;f__Mitochondria;g__Mitochondria;s__	0.7530716665348549
2c6e06dd2913f61c4ac39b16e2242937	d__Bacteria;p__Firmicutes;c__Clostridia;o__Peptostreptococcales-Tissierellales;f__Family_XI;g__Anaerococcus;s__	0.9999999919286894
00eafe6a22e1f89ec47db6d18e643a8b	d__Bacteria	0.7079680675982445
5e8163d8758798eb3c69d8e6459ef8d0	d__Bacteria;p__Proteobacteria;c__Alphaproteobacteria;o__Rickettsiales;f__Mitochondria;g__Mitochondria;s__	0.8850841989587106
4a9c2185bd34de0341e553e809168bfb	Unassigned	0.4605798323812904
ef87c526c7d4b2a1825464230c8613b0	Unassigned	0.539132317676171
cd4f5864f8d072b3c3c59625443efeb4	Unassigned	0.30221752782465394
c18030275d6e614264ed1e218e8d0a29	d__Bacteria;p__Bacteroidota;c__Bacteroidia;o__Bacteroidales;f__Prevotellaceae;g__Prevotella;s__	0.7307860156270759
d16f37825a82e61e234bb3e9c6b4ef3e	d__Bacteria;p__Proteobacteria;c__Alphaproteobacteria;o__Rickettsiales;f__Mitochondria;g__Mitochondria;s__	0.9998492469161666
c3436e502fafd7522879e2f7a03fc017	d__Bacteria;p__Proteobacteria;c__Alphaproteobacteria;o__Rickettsiales;f__Mitochondria;g__Mitochondria;s__	0.8221164577421121
c04acb9d05c4894f093095695a377e46	d__Bacteria;p__Bacteroidota;c__Bacteroidia;o__Bacteroidales;f__Prevotellaceae;g__Prevotella_7;s__	0.9095422979225269
d4e943117d2a643edade820913a255f4	d__Bacteria;p__Proteobacteria;c__Alphaproteobacteria;o__Rickettsiales;f__Mitochondria;g__Mitochondria;s__	0.8769104198851841
3abf10c0fb708bc94c3ea4dd299e0970	d__Bacteria;p__Bacteroidota;c__Bacteroidia;o__Bacteroidales;f__Prevotellaceae;g__Prevotella_9;s__	0.99998277411155
9a3f07ea49c482c07fde7d0310e9b726	d__Bacteria	0.8258668530853347
18fed6e2ac6209143110497142b9635d	d__Bacteria;p__Firmicutes;c__Bacilli;o__Mycoplasmatales;f__Mycoplasmataceae;g__Mycoplasma;s__	0.9999852078526699
793f8147dc1b95b12a979d56f9af09e8	d__Bacteria;p__Firmicutes;c__Clostridia;o__Peptostreptococcales-Tissierellales;f__Family_XI;g__Anaerococcus;s__	0.9999999776254075
7d63ce2a3db0f40a88b320c9425290b1	d__Bacteria;p__Bacteroidota;c__Bacteroidia;o__Bacteroidales;f__Bacteroidaceae;g__Bacteroides;s__	0.9999818563383737
715d62eee33583e65e47a4ab721248dd	d__Bacteria;p__Firmicutes;c__Clostridia;o__Lachnospirales;f__Lachnospiraceae	0.999996680100473
3c4606ea6d1a5c7fda78db4ed7e79299	d__Bacteria;p__Proteobacteria;c__Gammaproteobacteria;o__Enterobacterales;f__Enterobacteriaceae	0.7914769207693122
6a8e34c34c852052fbb2ef47f31923cf	d__Bacteria;p__Actinobacteriota;c__Actinobacteria;o__Bifidobacteriales;f__Bifidobacteriaceae;g__Bifidobacterium;s__	0.9988165450908736
8e73fe2c2d465181a6eaa918eeb86657	Unassigned	0.40420596275530696
3976eece14c9b1d9ea15f8e92e8fd657	d__Bacteria;p__Proteobacteria;c__Alphaproteobacteria;o__Rickettsiales;f__Mitochondria;g__Mitochondria;s__	0.8231389538555323
67f5482dc6bdfdb3488026668feda370	d__Bacteria;p__Firmicutes;c__Bacilli;o__Lactobacillales;f__Enterococcaceae;g__Enterococcus;s__	0.9250670954036145
0ec560dddb8926df6e8219674207cde2	d__Bacteria;p__Fusobacteriota;c__Fusobacteriia;o__Fusobacteriales;f__Fusobacteriaceae;g__Fusobacterium;s__	0.9968272132226451
5fd809f0a152d245084f578cefe62ebe	d__Bacteria;p__Firmicutes;c__Bacilli;o__Lactobacillales;f__Streptococcaceae;g__Streptococcus;s__	0.9999998138054768
f8f253b324116a3282775ef3890e5be3	d__Bacteria;p__Bacteroidota;c__Bacteroidia;o__Bacteroidales;f__Bacteroidaceae;g__Bacteroides;s__	0.9999975970874453
312b27adccfe6970b70ba86a0cee12b8	d__Bacteria;p__Bacteroidota;c__Bacteroidia;o__Bacteroidales;f__Bacteroidaceae;g__Bacteroides;s__	0.999932391184122
4c39bb6012cde7f0f6b287f0cf6faba1	d__Bacteria;p__Bacteroidota;c__Bacteroidia;o__Bacteroidales;f__Tannerellaceae;g__Parabacteroides;s__	0.9999933830253346
5f370ac909321e883adcb4799b534ce9	d__Bacteria;p__Firmicutes;c__Clostridia;o__Oscillospirales;f__Oscillospiraceae;g__UCG-005;s__	0.9466032545225925
9c7e0272d2e684c96ed30e567dae6c71	d__Bacteria;p__Bacteroidota;c__Bacteroidia;o__Bacteroidales;f__Bacteroidaceae;g__Bacteroides;s__	0.999985461411214
2ab4f5f5da3c1adc293d7d4cce0c642f	d__Bacteria;p__Proteobacteria;c__Gammaproteobacteria;o__Enterobacterales;f__Morganellaceae;g__Providencia;s__	0.9995705401138667
9f0c386ae5ed1e8a4cf60627eaef9738	d__Bacteria;p__Firmicutes;c__Clostridia;o__Oscillospirales;f__Oscillospiraceae;g__UCG-002;s__	0.9968398924321238
e64e2be59eb7a2b1bae20c32a45aebb9	d__Bacteria;p__Proteobacteria;c__Alphaproteobacteria;o__Rickettsiales;f__Mitochondria;g__Mitochondria;s__	0.9968420934401624
173ae448654ca5335227d3b8525c15a4	d__Bacteria;p__Bacteroidota;c__Bacteroidia;o__Bacteroidales;f__Bacteroidaceae;g__Bacteroides;s__	0.9993970025136447
c077ac129ab114ca70a368e9c02d5390	d__Bacteria;p__Firmicutes;c__Clostridia;o__Christensenellales;f__Christensenellaceae;g__Christensenellaceae_R-7_group;s__	0.8597875057002712
f83b1195dba1f41c5981ef6ac1d5424d	d__Bacteria;p__Bacteroidota;c__Bacteroidia;o__Bacteroidales;f__Prevotellaceae;g__Prevotella_9;s__	0.9999917767828951
09126d58063b8277a04ee3aac810b8cb	d__Bacteria;p__Firmicutes;c__Negativicutes;o__Veillonellales-Selenomonadales;f__Veillonellaceae;g__Dialister;s__	0.9990759934880413
12e6756b1c5e3da4523009fe3469dbe1	Unassigned	0.6104093927435417
e55facadcb013fe97056a45d01a1ebe9	Unassigned	0.47502006585240797
17945b9805982ef642a391911fc4227b	d__Bacteria;p__Firmicutes;c__Clostridia;o__Lachnospirales;f__Lachnospiraceae;g__Blautia;s__	0.8892910848988846
1da13f2594e36b00c4be8f84b1e2f084	d__Bacteria;p__Proteobacteria;c__Alphaproteobacteria;o__Rickettsiales;f__Mitochondria;g__Mitochondria;s__	0.9339816929649093
98df39b2029c0db5392ae81283c2cbec	Unassigned	0.44401580074764313
b8420c2e11cc062fd99e1155ddddb171	d__Bacteria;p__Firmicutes;c__Clostridia;o__Oscillospirales;f__Ruminococcaceae;g__Subdoligranulum;s__	0.9992416863117792
dfbfb19eaec2a395e5ae5ba55ebc5150	d__Bacteria;p__Firmicutes;c__Bacilli;o__Lactobacillales;f__Streptococcaceae;g__Streptococcus;s__	0.9999598946488595
63c21faf02f636d4db33eb0cd9578cc8	d__Bacteria;p__Firmicutes;c__Clostridia;o__Lachnospirales;f__Lachnospiraceae	0.9999929580696174
2c52e7cfa27ed3cc71a00e128eb979ad	Unassigned	0.33176660639097244
74c51c97def2a267859891084f4615cf	d__Bacteria;p__Actinobacteriota;c__Actinobacteria;o__Bifidobacteriales;f__Bifidobacteriaceae;g__Bifidobacterium;s__	0.9999907089171428
7e0ee986a31426afc6d9b040f73a0d0e	d__Bacteria;p__Firmicutes;c__Clostridia;o__Oscillospirales;f__Oscillospiraceae;g__Intestinimonas;s__	0.7697779568736014
d4da6685892b8a3eed06ec63a629cd0b	d__Bacteria;p__Proteobacteria;c__Gammaproteobacteria;o__Enterobacterales;f__Enterobacteriaceae	0.9386705601238154
14d30b85f6c5f64a0f07964095bc6034	d__Bacteria;p__Firmicutes;c__Clostridia;o__Peptostreptococcales-Tissierellales;f__Peptostreptococcaceae;g__Intestinibacter;s__	0.9701858291421191
a2402b780a189bd3b4f4306c292e3853	Unassigned	0.3769848885588001
8d91c9aa2880d213b0f8aa6b7d8b75d0	d__Bacteria;p__Bacteroidota;c__Bacteroidia;o__Bacteroidales;f__Prevotellaceae;g__Prevotella_9;s__	0.9999570829789224
5775c9f866bdb5cb314c7296e2456a83	Unassigned	0.4747605609065114
713259007cda990fd0aaca19a76bdbbd	d__Bacteria;p__Proteobacteria;c__Alphaproteobacteria;o__Rickettsiales;f__Mitochondria;g__Mitochondria;s__	0.7290868169945478
c559f8fc17fd583c468b33f5adc58c71	d__Bacteria	0.7084981224553727
dca88fe930cb2f7e2222136e929cbad3	d__Bacteria;p__Proteobacteria;c__Alphaproteobacteria;o__Rickettsiales;f__Mitochondria;g__Mitochondria;s__	0.8649238431430424
773663d4e0bb7ce224266a6c20376556	Unassigned	0.3696990571544929
876ec680235f3ab61952380b058f9259	d__Bacteria;p__Firmicutes;c__Bacilli;o__Lactobacillales;f__Lactobacillaceae;g__Lactobacillus;s__	0.9912707942074738
88019e307023afea93c38f4fbe63a07e	d__Bacteria;p__Actinobacteriota;c__Actinobacteria;o__Propionibacteriales;f__Propionibacteriaceae;g__Tessaracoccus;s__	0.9979694218161265
7dcfb03c18299d1086a4fc4dbc53084a	d__Bacteria;p__Firmicutes;c__Clostridia;o__Peptostreptococcales-Tissierellales;f__Family_XI;g__W5053;s__	0.9999237601054222
80a5d36a94fc661a8c90cb7b2909afe9	d__Bacteria;p__Proteobacteria;c__Alphaproteobacteria;o__Rickettsiales;f__Mitochondria;g__Mitochondria;s__	0.8473334145557033
29794a6fc88b6eb807e873b2526af135	d__Bacteria	0.8449939169198306
649a28ecc53be94bc2b9e867c66feb58	d__Bacteria	0.7737616122872697
294f10362a533a1f02e2c635247e99c9	d__Bacteria;p__Firmicutes;c__Bacilli;o__Staphylococcales;f__Gemellaceae;g__Gemella;s__	0.9999559643969353
94de5fec33bdfa9dbf8978bffb20af1c	d__Bacteria;p__Firmicutes;c__Clostridia;o__Lachnospirales;f__Lachnospiraceae;g__Anaerostipes;s__	0.9997515482900156
88b29218e2c5d84df9a59ae2d1aff494	d__Bacteria;p__Firmicutes;c__Clostridia;o__Lachnospirales;f__Lachnospiraceae;g__Hungatella;s__	0.9932508103262507
1f0d9b223dfff09582017b4ffe061e3e	d__Bacteria;p__Proteobacteria;c__Alphaproteobacteria;o__Rickettsiales;f__Mitochondria;g__Mitochondria;s__	0.782824967985495
deadbfa988f7abf26b5486ebb327015e	Unassigned	0.37173315809858276
95114a4a71b5b20e70db6a6dc5158073	d__Bacteria;p__Proteobacteria;c__Alphaproteobacteria;o__Rickettsiales;f__Mitochondria;g__Mitochondria;s__	0.7077229090827112
2cacf357b689684d68a65b90e46d4bff	d__Bacteria;p__Bacteroidota;c__Bacteroidia;o__Bacteroidales;f__Barnesiellaceae;g__Barnesiella;s__	0.9999995408504592
df36bf0ef99792a2b0fda4f4758c7877	d__Bacteria;p__Bacteroidota;c__Bacteroidia;o__Bacteroidales;f__Bacteroidaceae;g__Bacteroides;s__	0.9999900366299064
61f1f63225aef2e48da88459e5687c02	d__Bacteria;p__Firmicutes;c__Clostridia;o__Oscillospirales;f__Ruminococcaceae;g__Ruminococcus;s__	0.9855073533889346
c76428ead0e70b436472d06a91afc033	Unassigned	0.44951993013071134
28a63622f6034ad7d25ab6225f5cf243	d__Bacteria;p__Bacteroidota;c__Bacteroidia;o__Bacteroidales;f__Rikenellaceae;g__Alistipes;s__	0.9999915702736107
d0ccf02387f82701f1791a18370fa592	d__Bacteria;p__Firmicutes;c__Negativicutes;o__Veillonellales-Selenomonadales;f__Veillonellaceae;g__Megasphaera;s__	0.999999884142802
0f9d692744f7e258008659564f8695f7	d__Bacteria;p__Firmicutes;c__Negativicutes;o__Acidaminococcales;f__Acidaminococcaceae;g__Phascolarctobacterium;s__	0.9999997559000647
50bae51fe971fedea407494d07b1c199	d__Bacteria;p__Firmicutes;c__Clostridia;o__Peptostreptococcales-Tissierellales;f__Family_XI;g__Anaerococcus;s__	0.9999999999112958
7df5cbcb58e6cb3729136bd55fce43be	d__Bacteria;p__Firmicutes;c__Clostridia;o__Lachnospirales;f__Lachnospiraceae;g__[Eubacterium]_fissicatena_group;s__	0.9660775622502032
818ab6f6eff57e431e838337b5c7771b	d__Bacteria;p__Firmicutes;c__Negativicutes;o__Veillonellales-Selenomonadales;f__Veillonellaceae;g__Dialister;s__	0.997901204752637
58a18efacf07c16bab48f5edf61fad1e	d__Bacteria;p__Proteobacteria;c__Gammaproteobacteria;o__Burkholderiales;f__Comamonadaceae;g__Delftia;s__	0.9619656390742514
994cfb9798edc6c0cba10804dc819b5e	d__Bacteria;p__Firmicutes;c__Clostridia;o__Oscillospirales;f__Hungateiclostridiaceae;g__Fastidiosipila;s__	0.99310916785992
c0dab835cd1c4993cbeffe86933c9a46	d__Bacteria;p__Firmicutes;c__Clostridia;o__Lachnospirales;f__Lachnospiraceae;g__Lachnoclostridium;s__	0.7268536981621646
afe22174d13d71da1282c420dd8aabc0	d__Bacteria;p__Bacteroidota;c__Bacteroidia;o__Bacteroidales;f__Rikenellaceae;g__Alistipes;s__	0.9999986594390753
41a7562b262780a3214fce5e560d1c92	d__Bacteria;p__Firmicutes;c__Clostridia;o__Peptostreptococcales-Tissierellales;f__Family_XI;g__Anaerococcus;s__	0.9999999980805968
895f8e0a71532ff57351f87d61b85b43	d__Bacteria;p__Proteobacteria;c__Gammaproteobacteria;o__Pseudomonadales;f__Moraxellaceae;g__Acinetobacter;s__	0.9999435079589589
0c914070c5d2741b683209991a7b2126	d__Bacteria;p__Proteobacteria;c__Alphaproteobacteria;o__Rickettsiales;f__Mitochondria;g__Mitochondria;s__	0.9958618403247206
edc4e8eafafd65953bfcdf3f12d9b6da	d__Bacteria;p__Actinobacteriota;c__Actinobacteria;o__Actinomycetales;f__Actinomycetaceae;g__Mobiluncus;s__	0.9999999790114489
68de930c9d90a24cbed61877c525ad1f	d__Bacteria;p__Firmicutes;c__Clostridia;o__Oscillospirales;f__Oscillospiraceae;g__UCG-002;s__	0.9675786013312772
3fb10dc293d66f21b97015519cc3ca11	d__Bacteria;p__Firmicutes;c__Negativicutes;o__Acidaminococcales;f__Acidaminococcaceae;g__Phascolarctobacterium;s__	0.9979155674014993
bf300ae90537598f853dd8f9dd620180	d__Bacteria;p__Verrucomicrobiota;c__Verrucomicrobiae;o__Verrucomicrobiales;f__Akkermansiaceae;g__Akkermansia;s__	0.999999994938861
63f439abe84686b9f8de9c664d302e13	d__Bacteria	0.8931002558316028
648b3772825e40058ace2289d9725dc9	d__Bacteria;p__Bacteroidota;c__Bacteroidia;o__Bacteroidales;f__Barnesiellaceae;g__Barnesiella;s__	0.9999997597286101
0d582cf78b11765be84286d1f16538a5	d__Bacteria;p__Proteobacteria;c__Alphaproteobacteria;o__Rickettsiales;f__Mitochondria;g__Mitochondria;s__	0.8677269690704826
d712a01824f7226596f5a8021a435265	d__Bacteria;p__Fusobacteriota;c__Fusobacteriia;o__Fusobacteriales;f__Fusobacteriaceae;g__Fusobacterium;s__	0.9960309093512253
f11fbcc798cd5c88efede341208e8071	Unassigned	0.4460946695873681
9d75510a06adcb95b4b5824e1b991e8a	d__Bacteria;p__Proteobacteria;c__Alphaproteobacteria;o__Rickettsiales;f__Mitochondria;g__Mitochondria;s__	0.7577750573210495
f81d927db0dc2e9759649086e08a5d1a	d__Bacteria	0.8039811812392735
3a648ea7b6b699f80c6641d81e4c727f	d__Bacteria	0.8279957776974692
5b73624389bdeefe2e60939ff943220f	d__Bacteria;p__Actinobacteriota;c__Coriobacteriia;o__Coriobacteriales;f__Eggerthellaceae;g__uncultured;s__	0.9999009501468126
6bfa08fd03570943038da6dc2820942c	d__Bacteria;p__Firmicutes;c__Bacilli;o__Lactobacillales;f__Enterococcaceae;g__Enterococcus;s__	0.9732080584066581
396ed7863d0826f8474f57835c66e56a	d__Bacteria;p__Proteobacteria;c__Alphaproteobacteria;o__Rickettsiales;f__Mitochondria;g__Mitochondria;s__	0.8943506236094321
e1481236cfd7f904a27a92e7ee8aef30	d__Bacteria;p__Proteobacteria;c__Gammaproteobacteria;o__Enterobacterales;f__Enterobacteriaceae	0.9020833994015114
df578dba2ba697a6e36fa458d2103b1b	d__Bacteria;p__Firmicutes;c__Clostridia;o__Lachnospirales;f__Lachnospiraceae;g__Blautia;s__	0.8874722970355683
550be8033cbd6962117103199cfccbfe	d__Bacteria;p__Proteobacteria;c__Alphaproteobacteria;o__Rickettsiales;f__Mitochondria;g__Mitochondria;s__	0.8825038651208209
c09556ae693760e497de660d0952fa89	d__Bacteria	0.7136588568982523
2f10bf060a84e2a7786a1724155e6f49	d__Bacteria;p__Bacteroidota;c__Bacteroidia;o__Bacteroidales;f__Bacteroidaceae;g__Bacteroides;s__	0.9997523942857125
a7180607c1f5e402ae10fe3a3b41dc28	d__Bacteria;p__Actinobacteriota;c__Coriobacteriia;o__Coriobacteriales;f__Eggerthellaceae;g__Gordonibacter;s__	0.9986972017327626
e9fcc7651b0d082a10ba6386eb3b3470	d__Bacteria;p__Proteobacteria;c__Alphaproteobacteria;o__Rickettsiales;f__Mitochondria;g__Mitochondria;s__	0.8367805586445132
538b31538335c5f3da8629c23a3ef1ac	d__Bacteria	0.7160103421064636
51d0f234d5567d0c6e6df2deeaac7ae8	d__Bacteria;p__Firmicutes;c__Clostridia;o__Peptostreptococcales-Tissierellales;f__Family_XI;g__W5053;s__	0.9841403975688664
4c326b5e688ec2f628e610a65f354beb	d__Bacteria;p__Actinobacteriota;c__Actinobacteria;o__Actinomycetales;f__Actinomycetaceae;g__Trueperella;s__	0.9999638147009006
2a50a4166c78ce960f49ea8bd399e7d3	Unassigned	0.331167800014862
27b4defbdecb96f01224a4e59b302d45	d__Bacteria;p__Proteobacteria;c__Alphaproteobacteria;o__Rickettsiales;f__Mitochondria;g__Mitochondria;s__	0.8377329010537062
88222a3d37fe5985f734f90e4b6ae39a	d__Bacteria;p__Proteobacteria;c__Alphaproteobacteria;o__Rickettsiales;f__Mitochondria;g__Mitochondria;s__	0.8255894534168078
2aa96b8956cdde4b43e87b1ffd56aed1	d__Bacteria;p__Actinobacteriota;c__Actinobacteria;o__Corynebacteriales;f__Corynebacteriaceae;g__Corynebacterium;s__	0.9972309383037975
203eb67b87c7a3d5e3cc8d12ae091b42	Unassigned	0.305148788425071
4d3188c7a7a503ea2ccf7db18711c7ed	d__Bacteria	0.8453624662331686
c67db8d096ccd1abc01e20dcc5a83d95	d__Bacteria;p__Bacteroidota;c__Bacteroidia;o__Bacteroidales;f__Prevotellaceae;g__Prevotella_9;s__	0.9999782611357888
55bcd82d2bbbdfd1abd4a432cecb3106	d__Bacteria;p__Actinobacteriota;c__Actinobacteria;o__Actinomycetales;f__Actinomycetaceae;g__Varibaculum;s__	0.9999999128435245
139b3a842bac5a67836f791535c71ed2	d__Bacteria;p__Proteobacteria;c__Alphaproteobacteria;o__Rhizobiales;f__Beijerinckiaceae;g__Methylobacterium-Methylorubrum;s__	0.9999538920049023
17fc774863be415c2b3d4a4150ff113e	d__Bacteria;p__Firmicutes;c__Bacilli;o__Bacillales;f__Bacillaceae	0.8627215687065561
22afe7b6e500ec58c77e20c4ac55ebb2	d__Bacteria;p__Proteobacteria;c__Alphaproteobacteria;o__Rickettsiales;f__Mitochondria;g__Mitochondria;s__	0.8249235492995483
1e9e34e57e40045c2c14122df69d0977	Unassigned	0.5211598767917102
279681658e7b77cac5856163e328d930	d__Bacteria;p__Proteobacteria;c__Alphaproteobacteria;o__Rickettsiales;f__Mitochondria;g__Mitochondria;s__	0.7550016866799044
157df922b60ac0429c4312fa7a0aa6be	d__Bacteria;p__Proteobacteria;c__Alphaproteobacteria;o__Rickettsiales;f__Mitochondria;g__Mitochondria;s__	0.7948877771518418
759ee68edac0d7f1f68562f13f4dc23c	d__Bacteria;p__Actinobacteriota;c__Coriobacteriia;o__Coriobacteriales;f__Eggerthellaceae;g__Gordonibacter;s__	0.9975858597773679
f372ccbac25f59233e75651ced711f76	d__Bacteria	0.7239308982674901
dac92bc34bb8a619371fe86906e8eefc	d__Bacteria;p__Proteobacteria;c__Alphaproteobacteria;o__Rickettsiales;f__Mitochondria;g__Mitochondria;s__	0.8659701549959224
ca8bdc9243c9807323e6740333a5ce45	d__Bacteria;p__Proteobacteria;c__Alphaproteobacteria;o__Rickettsiales;f__Mitochondria;g__Mitochondria;s__	0.9420467886608381
c5c200356c53f3783d634aa0406cf3e9	d__Bacteria;p__Firmicutes;c__Bacilli;o__Lactobacillales;f__Streptococcaceae;g__Lactococcus;s__	0.9999988261274735
401b8e0f3b611d75ff9d179b7e0e2c34	d__Bacteria;p__Bacteroidota;c__Bacteroidia;o__Bacteroidales;f__Prevotellaceae;g__Prevotella_7;s__	0.8966173527431154
aa82573aef02e3cf809951cdf7fde88a	d__Bacteria;p__Firmicutes;c__Clostridia;o__Clostridia_UCG-014;f__Clostridia_UCG-014;g__Clostridia_UCG-014;s__	0.9995578851396425
a38cb0ca4fcc6653b7a65d6ba6dd51b5	d__Bacteria;p__Actinobacteriota;c__Actinobacteria;o__Actinomycetales;f__Actinomycetaceae;g__Varibaculum;s__	0.999999967465215
966f79d19362f66e430a402f7cbe63c0	d__Bacteria	0.9998529866371604
efb16a77844b090036399629df7bf731	d__Bacteria;p__Firmicutes;c__Clostridia;o__Peptostreptococcales-Tissierellales;f__Family_XI;g__Peptoniphilus;s__	0.9998783246011196
a817b283dcab380c40523c0e76106d44	d__Bacteria;p__Bacteroidota;c__Bacteroidia;o__Bacteroidales;f__Prevotellaceae;g__Prevotella;s__	0.758248743722941
fe6c05d791e03bd17110531b6aa83c85	Unassigned	0.47972252752311706
c4f72e774a2c268f3928dd12cd92c1fb	d__Bacteria;p__Proteobacteria;c__Alphaproteobacteria;o__Rickettsiales;f__Mitochondria;g__Mitochondria;s__	0.8748217215899965
bb8e96a9df54fb01e10ec1bda0470ae2	d__Bacteria;p__Bacteroidota;c__Bacteroidia;o__Bacteroidales;f__Prevotellaceae;g__Prevotellaceae_UCG-001;s__	0.9208835019383611
5ac8bcf6933fe62859e40b310bbe9dcb	d__Bacteria;p__Bacteroidota;c__Bacteroidia;o__Bacteroidales;f__Prevotellaceae;g__Prevotella_7;s__	0.8904760629739821
26207a351efe75cbfa09a30200441fb0	d__Bacteria;p__Firmicutes;c__Clostridia;o__Oscillospirales;f__Oscillospiraceae;g__UCG-002;s__	0.9978940521710085
ce04c001c6c43d28b5c17960d798d01d	d__Bacteria;p__Proteobacteria;c__Gammaproteobacteria;o__Burkholderiales;f__Sutterellaceae;g__Parasutterella;s__	0.9999999996152839
1d35d2c74406f16cdc2103b5d882f38f	d__Bacteria;p__Bacteroidota;c__Bacteroidia;o__Bacteroidales;f__Tannerellaceae;g__Parabacteroides;s__	0.9999986101602754
964b4e1d99a1441b5dac125d1452b97a	d__Bacteria;p__Bacteroidota;c__Bacteroidia;o__Bacteroidales;f__Tannerellaceae;g__Tannerellaceae;s__	0.9984592000503973
052de802b59e4d258d96375c7bc6e072	d__Bacteria;p__Proteobacteria;c__Gammaproteobacteria;o__Xanthomonadales;f__Xanthomonadaceae;g__Stenotrophomonas;s__	0.9791915860711199
a11cf534b1436fc250233bb6b89fea01	d__Bacteria;p__Firmicutes;c__Clostridia;o__Lachnospirales;f__Lachnospiraceae;g__Lachnospira;s__	0.9963863161414701
da9a9dbda2b63a35ed52b64ce95064f3	d__Bacteria;p__Firmicutes;c__Clostridia;o__Lachnospirales;f__Lachnospiraceae;g__[Eubacterium]_ruminantium_group;s__	0.9991526946854423
b3e535f5ce9d026c3e0b3f9629f57ca3	d__Bacteria;p__Firmicutes;c__Clostridia;o__Christensenellales;f__Christensenellaceae	0.9392032736423439
5fe20dee7aca3384ca3538a216129b15	d__Bacteria;p__Bacteroidota;c__Bacteroidia;o__Bacteroidales;f__Rikenellaceae;g__Alistipes;s__	0.9999982353920069
f9bf25150c643d74e7af3bd8a65856ae	d__Bacteria;p__Bacteroidota;c__Bacteroidia;o__Bacteroidales;f__Bacteroidaceae;g__Bacteroides;s__	0.9999911562017856
6c3650722ecd334a593d3d969afa2f9a	d__Bacteria;p__Firmicutes;c__Clostridia;o__Oscillospirales;f__Oscillospiraceae;g__NK4A214_group;s__	0.8938941220860677
8e87f46b490518f4ad2519c810015fc0	d__Bacteria;p__Bacteroidota;c__Bacteroidia;o__Bacteroidales;f__Bacteroidaceae;g__Bacteroides;s__	0.9999732787001828
8af762b5b62e0b78fed89e77da9e569b	d__Bacteria;p__Firmicutes;c__Clostridia;o__Monoglobales;f__Monoglobaceae;g__Monoglobus;s__	0.9056628958089316
5434b96987e60392ac9f45eb7bb14e0e	d__Bacteria;p__Actinobacteriota;c__Actinobacteria;o__Micrococcales;f__Micrococcaceae;g__Kocuria;s__	0.9820575549356394
f3fe2f5d8554ac82ad247d10a22d427e	d__Bacteria;p__Actinobacteriota;c__Coriobacteriia;o__Coriobacteriales;f__Atopobiaceae;g__uncultured;s__	0.9987160003082929
be4e3f32dfda99851560c24b73bca238	d__Bacteria;p__Firmicutes;c__Clostridia;o__Peptostreptococcales-Tissierellales;f__Family_XI;g__Murdochiella;s__	0.9999663037965609
fdec61b3471c7e72239e710fd610a47e	d__Bacteria;p__Proteobacteria;c__Alphaproteobacteria;o__Rickettsiales;f__Mitochondria;g__Mitochondria;s__	0.7062585379554711
de6cc17349aff726034d0f921c174337	d__Bacteria	0.7230132856021363
eb659fdad7bb5d47dee1a6ed9bf4d1a3	d__Bacteria	0.8281994926868126
1c23d659eec3e3f6114655b935155a6e	d__Bacteria;p__Proteobacteria;c__Alphaproteobacteria;o__Rickettsiales;f__Mitochondria;g__Mitochondria;s__	0.999916528412157
936edd3702c932f2d2f2a12430031bfd	d__Bacteria;p__Proteobacteria;c__Alphaproteobacteria;o__Rickettsiales;f__Mitochondria;g__Mitochondria;s__	0.9144670574014465
932ec104df225714945d69888f3fc602	d__Bacteria	0.733323025704006
291a90ba4cd14f9519908dbe4bdbe75f	Unassigned	0.36126559964941607
896db3f10377744de448a1309874e1d5	d__Bacteria;p__Firmicutes;c__Bacilli;o__Staphylococcales;f__Gemellaceae;g__Gemella;s__	0.9999999119251338
23e08992c3e2664a08fdd1050c7ee86f	d__Bacteria;p__Proteobacteria;c__Alphaproteobacteria;o__Rickettsiales;f__Mitochondria;g__Mitochondria;s__	0.7707754377155609
44b4c8946adde52dde5fcd8db4103de3	d__Bacteria;p__Firmicutes;c__Clostridia;o__Lachnospirales;f__Lachnospiraceae	0.9999251306113518
5fd6d183bdf1f40c2909a5ac510e9219	d__Bacteria;p__Firmicutes;c__Clostridia;o__Lachnospirales;f__Lachnospiraceae;g__Blautia;s__	0.8098581809119677
40aaa761e950644b9ad99e6c4a05c683	d__Bacteria;p__Firmicutes;c__Clostridia;o__Lachnospirales;f__Lachnospiraceae;g__Moryella;s__	0.7545191338087424
6cb0cb0ef204d6ff12d41b56043714e0	d__Bacteria;p__Proteobacteria;c__Alphaproteobacteria;o__Rickettsiales;f__Mitochondria;g__Mitochondria;s__	0.9218796443924356
464cd124b81c76816866858af3ec969f	d__Bacteria;p__Proteobacteria;c__Alphaproteobacteria;o__Rickettsiales;f__Mitochondria;g__Mitochondria;s__	0.7517674130989858
8a5a982b24e6cac9a31fb278284f9f55	d__Bacteria;p__Proteobacteria;c__Alphaproteobacteria;o__Rickettsiales;f__Mitochondria;g__Mitochondria;s__	0.9032403017920347
225734d77780cf2cfcbcb420d88305e2	d__Bacteria	0.7513190978333627
e228ae635591b0c02e9b37bcc83f806f	d__Bacteria;p__Proteobacteria;c__Alphaproteobacteria;o__Rickettsiales;f__Mitochondria;g__Mitochondria;s__	0.8258368774133521
fc15a62637abd1a93b4bda9d22067d75	d__Bacteria;p__Proteobacteria;c__Alphaproteobacteria;o__Rickettsiales;f__Mitochondria;g__Mitochondria;s__	0.9030264389910868
3b8dd54c333a86b9e62d4f6f94be6d6c	d__Bacteria;p__Proteobacteria;c__Alphaproteobacteria;o__Rickettsiales;f__Mitochondria;g__Mitochondria;s__	0.8258500984275919
52a8c03232f0fe783cb148b6aa4486fe	Unassigned	0.34382053716565086
dee7de5f89b324b95788edc2199ff46d	Unassigned	0.5842997312291822
3ef46526cbc55257679556c9aa3101ff	d__Bacteria;p__Actinobacteriota;c__Coriobacteriia;o__Coriobacteriales;f__Atopobiaceae	0.9650246179717673
543da44da370f1ccd33d74e82382f1f7	d__Bacteria;p__Firmicutes;c__Clostridia;o__Clostridiales;f__Clostridiaceae;g__Clostridium_sensu_stricto_1;s__	0.8692272647667051
2a317070db2043ae7bbd9bf20ccb55ea	d__Bacteria	0.8659861434425283
d9c427d6681fecd6f81f4544cd231957	d__Bacteria;p__Proteobacteria;c__Alphaproteobacteria;o__Rickettsiales;f__Mitochondria;g__Mitochondria;s__	0.9176502606667217
5ccc8a5a9716c11333324df12caae33d	Unassigned	0.4149430174533072
9cfad5ab93d40a5fe0f3210dc15959c2	d__Bacteria	0.729835299257536
1932e238bee5e48ff2188e7a6c71d6db	d__Bacteria	0.736064551994843
6bdd7eae61de40e659b64e56df8425b3	d__Bacteria;p__Proteobacteria;c__Alphaproteobacteria;o__Rickettsiales;f__Mitochondria;g__Mitochondria;s__	0.9412924896104268
46f4968141d51aa9b284b8414d8d5ccd	d__Bacteria;p__Actinobacteriota;c__Actinobacteria;o__Bifidobacteriales;f__Bifidobacteriaceae;g__Bifidobacterium;s__	0.9999812388572361
ae5873c8e2c4c5a473cf5eb7da146033	Unassigned	0.5695624160221466
70d97c22db4203b8df688aa73ee3a539	d__Bacteria;p__Proteobacteria;c__Alphaproteobacteria;o__Rickettsiales;f__Mitochondria;g__Mitochondria;s__	0.9357862116767002
6e55b481fde15b513616cc1fadcef95d	d__Bacteria;p__Proteobacteria;c__Alphaproteobacteria;o__Rickettsiales;f__Mitochondria;g__Mitochondria;s__	0.7430550480033193
bc69f26cacb4cf3a7355736c74915b9b	Unassigned	0.3204468254802173
9ba9ee6db2e1e1f6c5397cc0b81a04a0	Unassigned	0.43730086979515925
be2195eaef6a305ce9c280371bfac416	d__Bacteria;p__Proteobacteria;c__Alphaproteobacteria;o__Rickettsiales;f__Mitochondria;g__Mitochondria;s__	0.8029610980971371
de1568f89a62e429ac5cc93454462402	Unassigned	0.31227942693500377
fa4799b944305c4159f93a8ad8cc1a4e	d__Bacteria;p__Firmicutes;c__Clostridia;o__Peptostreptococcales-Tissierellales;f__Family_XI;g__Peptoniphilus;s__	0.9995895159517179
e061c7daecc56b427bf8c22e6d1d107f	d__Bacteria;p__Proteobacteria;c__Gammaproteobacteria;o__Pseudomonadales;f__Moraxellaceae;g__Acinetobacter;s__	0.9999896493514703
c4d990625716d1415becd3073fdf5374	d__Bacteria;p__Actinobacteriota;c__Actinobacteria;o__Micrococcales;f__Dermabacteraceae;g__Helcobacillus;s__	0.9885540774413377
84ac1f1da3e59c6934f95dc0dc2d1fc1	d__Bacteria;p__Firmicutes;c__Clostridia;o__Peptostreptococcales-Tissierellales;f__Family_XI;g__Peptoniphilus;s__	0.9682428799557552
1787d385b1ec5fa124d10b5251378775	d__Bacteria;p__Firmicutes;c__Bacilli;o__Lactobacillales;f__Streptococcaceae;g__Streptococcus;s__	0.9999997926505488
a5c88e8056cb342c74036acab6a10485	d__Bacteria;p__Firmicutes;c__Negativicutes;o__Acidaminococcales;f__Acidaminococcaceae;g__Succiniclasticum;s__	0.999972083280841
066704b7fa37bd8c7c606930779fe092	Unassigned	0.3161129947732477
a5a42edad49033b9cfc3bdb8be84cd17	d__Bacteria;p__Firmicutes;c__Clostridia;o__Lachnospirales;f__Lachnospiraceae;g__Anaerostipes;s__	0.9994378296692487
32fbb97e33cc9370d8a9403e13fa6806	d__Bacteria;p__Firmicutes;c__Clostridia;o__Oscillospirales;f__Ruminococcaceae;g__[Eubacterium]_siraeum_group;s__	0.9729617994040337
33ebeaf69923dfb6de7b5aae491a11b5	d__Bacteria;p__Proteobacteria;c__Alphaproteobacteria;o__Rickettsiales;f__Mitochondria;g__Mitochondria;s__	0.8308123026659843
b6c74d3cbc5f3f56fc391e4443c6f819	Unassigned	0.49247006375271896
ef6d7ded2a41dd0cde7ca71e8da39155	d__Bacteria	0.9530395738907749
435cf04d14f3bf2d9aa80f5f8957ecae	Unassigned	0.3427891560705336
03f302a0553e52d271fd2b701797e4f4	d__Bacteria;p__Proteobacteria;c__Alphaproteobacteria;o__Rickettsiales;f__Mitochondria;g__Mitochondria;s__	0.7607890991170169
8fb78c59758b2f80399aba2ec0d82f1c	Unassigned	0.36924768926127727
94347aa4c398b97d4f2e0234ab557f8a	d__Bacteria	0.8937372172596508
d3863142b8b9148edbc84ce3875c0dac	Unassigned	0.4973164586261569
8382b02e4f2cbfd919c0217457e92553	d__Bacteria;p__Proteobacteria;c__Alphaproteobacteria;o__Rickettsiales;f__Mitochondria;g__Mitochondria;s__	0.9007984695465896
4bc406548cea31b6c1fd92d6921b6b7d	d__Bacteria;p__Bacteroidota;c__Bacteroidia;o__Bacteroidales;f__Bacteroidaceae;g__Bacteroides;s__	0.9999925983316242
12a84def4a2870b6343b117a9a648c65	d__Bacteria	0.7214258436076658
fb9864ecf40818beefb8cc6a4ea2546e	Unassigned	0.4416666563976024
ff737041ebbe63525993636850f8210d	d__Bacteria;p__Proteobacteria;c__Alphaproteobacteria;o__Rickettsiales;f__Mitochondria;g__Mitochondria;s__	0.812891679348936
ab31633de422e273955d6edf1497ee5d	d__Bacteria;p__Firmicutes;c__Clostridia;o__Clostridia_UCG-014;f__Clostridia_UCG-014;g__Clostridia_UCG-014;s__	0.9999990183989369
59ffab478ef43f23230020fbada73c45	Unassigned	0.3499046736089173
641c5345bf2f1635c6ec345204c88412	d__Bacteria;p__Firmicutes;c__Negativicutes;o__Acidaminococcales;f__Acidaminococcaceae;g__Acidaminococcus;s__	0.9999831568001083
c97d39ffec4f7f83d87ce10adbf1324e	d__Bacteria;p__Firmicutes;c__Clostridia;o__Lachnospirales;f__Lachnospiraceae;g__Anaerostipes;s__	0.8598116832275717
8d9e2b898619f94c7a13293a93128322	d__Bacteria;p__Fusobacteriota;c__Fusobacteriia;o__Fusobacteriales;f__Fusobacteriaceae;g__Fusobacterium;s__	0.9999999432105556
c881fee5d2b97b8f002236258db98368	d__Bacteria;p__Firmicutes;c__Clostridia;o__Clostridia_UCG-014;f__Clostridia_UCG-014;g__Clostridia_UCG-014;s__	0.9999984314637028
5ffaad032dd302fbfbdea5da0b455cd2	d__Bacteria	0.7789510923723557
3c406ab75a7b346b12cfea4e595f0e61	d__Bacteria;p__Firmicutes;c__Clostridia;o__Christensenellales;f__Christensenellaceae;g__uncultured;s__	0.7296271664303227
e909e35b246e5a19d9f561c40059fbc7	d__Bacteria;p__Bacteroidota;c__Bacteroidia;o__Bacteroidales;f__Bacteroidaceae;g__Bacteroides;s__	0.999038985943436
1e1059230efb80eb8a963e3869222e3f	d__Bacteria;p__Firmicutes;c__Clostridia;o__Lachnospirales;f__Lachnospiraceae;g__Sellimonas;s__	0.9972727414919397
8a7068d588f7992aeaa9179b9843b86f	d__Bacteria;p__Actinobacteriota;c__Coriobacteriia;o__Coriobacteriales;f__Eggerthellaceae;g__Gordonibacter;s__	0.9969038701609295
f23982138e4d5ed3fcb068cbac95af41	d__Bacteria;p__Proteobacteria;c__Gammaproteobacteria;o__Pseudomonadales;f__Moraxellaceae;g__Acinetobacter;s__	0.9999476562793718
6ae924938bfcaa2dd7051a8908a9c423	d__Bacteria;p__Firmicutes;c__Clostridia;o__Oscillospirales;f__Oscillospiraceae;g__UCG-005;s__	0.7058249290450072
b19c101bb526b70742d926901edd7224	d__Bacteria;p__Proteobacteria;c__Alphaproteobacteria;o__Rickettsiales;f__Mitochondria;g__Mitochondria;s__	0.8336248566273781
20a958cabcd62e49fbc968c4b36bc141	Unassigned	0.4639838455235009
ef36c704cd15543b9d5031623d70c4a3	d__Bacteria;p__Proteobacteria;c__Alphaproteobacteria;o__Rickettsiales;f__Mitochondria;g__Mitochondria;s__	0.8401663560170105
4ebef9ecbdf7f7e665ff01b728646e31	d__Bacteria;p__Proteobacteria;c__Alphaproteobacteria;o__Rickettsiales;f__Mitochondria;g__Mitochondria;s__	0.8890082448216047
cb5ae957569183c166371666362bb733	d__Bacteria;p__Firmicutes;c__Bacilli;o__Staphylococcales;f__Staphylococcaceae;g__Nosocomiicoccus;s__	0.9999693060309848
6dc476892c3d69da0b989e4668cd47d5	d__Bacteria;p__Actinobacteriota;c__Actinobacteria;o__Corynebacteriales;f__Corynebacteriaceae;g__Corynebacterium;s__	0.9943518674738255
c1e8642f8860f09533337e6dcac4c65f	d__Bacteria;p__Firmicutes;c__Bacilli;o__Erysipelotrichales;f__Erysipelatoclostridiaceae;g__Erysipelotrichaceae_UCG-003;s__	0.999997818876315
3dccb31743ae4b0b6e78b13cba236ccf	d__Bacteria;p__Firmicutes;c__Clostridia;o__Oscillospirales;f__[Eubacterium]_coprostanoligenes_group;g__[Eubacterium]_coprostanoligenes_group;s__	0.7715294884977394
39b3ed2f1de59e2c31880db73fd364b8	Unassigned	0.5252729083235337
627dc095e43b466d484a7d48de554ab8	d__Bacteria	0.7242680948228939
cb5680166f8825d81bf98c4d6b84d53b	d__Bacteria;p__Proteobacteria;c__Alphaproteobacteria;o__Rickettsiales;f__Mitochondria;g__Mitochondria;s__	0.9470468879450992
9e428cab604874258574343749d9032c	d__Bacteria;p__Bacteroidota;c__Bacteroidia;o__Bacteroidales;f__Bacteroidaceae;g__Bacteroides;s__	0.9984746478708064
51941840d56bc685ea91927c8ea6b96d	d__Bacteria	0.8562291198209303
22cfeaf4750b5e54a218e7ab5af6adad	d__Bacteria	0.7523897659649188
a4b14c4586fdbb957eed07cc345799aa	d__Bacteria;p__Firmicutes;c__Clostridia;o__Oscillospirales;f__Oscillospiraceae;g__UCG-005;s__	0.9072132864947688
668f606e44b668b5ce31ba64a3425db6	d__Bacteria;p__Firmicutes;c__Negativicutes;o__Acidaminococcales;f__Acidaminococcaceae;g__Phascolarctobacterium;s__	0.9999995226896207
e7f678efb11b08ff8dd91aec8dae1de7	d__Bacteria;p__Proteobacteria;c__Alphaproteobacteria;o__Rickettsiales;f__Mitochondria;g__Mitochondria;s__	0.9997469719325558
541720cd1303511d4f76df97813d71b7	d__Bacteria;p__Proteobacteria;c__Gammaproteobacteria;o__Pseudomonadales;f__Pseudomonadaceae;g__Pseudomonas;s__	0.9946533172410679
acf548d2e2886dc54ee2a3e0da5878f7	d__Bacteria;p__Firmicutes;c__Bacilli;o__Lactobacillales;f__Enterococcaceae	0.8733388008772326
53be0d2da687793641471dc2cfdf4838	Unassigned	0.5177551805817283
42dfa50a82f53890b9181fc971153cf4	d__Bacteria;p__Proteobacteria;c__Gammaproteobacteria;o__Burkholderiales;f__Sutterellaceae;g__Sutterella;s__	0.9999998577618601
954907f0f5c248b77132f559be8c35d3	d__Bacteria;p__Proteobacteria;c__Alphaproteobacteria;o__Rickettsiales;f__Mitochondria;g__Mitochondria;s__	0.9377241428927925
29ddf836a04133e71b9f781d0780a7ee	d__Bacteria;p__Actinobacteriota;c__Actinobacteria;o__Actinomycetales;f__Actinomycetaceae;g__Varibaculum;s__	0.9999982437560181
fe06e6e17d70bb0bb501346422c30a50	d__Bacteria;p__Synergistota;c__Synergistia;o__Synergistales;f__Synergistaceae;g__Jonquetella;s__	0.9999999619940646
0ed4f5a5b0c9f718f45d8dc111de863c	d__Bacteria	0.7187490933354866
5f646b408aad967c41162c0bdcf2d672	d__Bacteria;p__Actinobacteriota;c__Actinobacteria;o__Micrococcales;f__Microbacteriaceae;g__Pseudoclavibacter;s__	0.8409955323901999
3548fa4ed55a8f25a0e07be701908522	d__Bacteria;p__Proteobacteria;c__Alphaproteobacteria;o__Rickettsiales;f__Mitochondria;g__Mitochondria;s__	0.7211450046892707
1da1c65babafe1235a18a486e06ebcf0	d__Bacteria;p__Proteobacteria;c__Alphaproteobacteria;o__Rickettsiales;f__Mitochondria;g__Mitochondria;s__	0.9872321954687903
b7ceab85cfa0248e597acded04b47466	d__Bacteria	0.8820260481032279
0261e3e1021f2dde9154aa155af3e877	d__Bacteria	0.8341236293652542
2cd9a087ea5051e33c708915f9165598	d__Bacteria;p__Bacteroidota;c__Bacteroidia;o__Bacteroidales;f__Prevotellaceae	0.9985344162856774
2c81f08e3f912309e37a8d840be98615	d__Bacteria;p__Firmicutes;c__Clostridia;o__Clostridia_UCG-014;f__Clostridia_UCG-014;g__Clostridia_UCG-014;s__	0.9999974618195988
34ed4f587718481aef3e939f7714a46a	d__Bacteria;p__Firmicutes;c__Clostridia;o__Peptostreptococcales-Tissierellales;f__Anaerovoracaceae;g__S5-A14a;s__	0.9999551540062105
5b1805830afebbe4b2ec270e6dffe65f	d__Bacteria;p__Bacteroidota;c__Bacteroidia;o__Bacteroidales;f__Porphyromonadaceae;g__Porphyromonas;s__	0.983138955525787
a07badfdc03d0aa39b64d952bb91ce0d	d__Bacteria;p__Proteobacteria;c__Alphaproteobacteria;o__Rickettsiales;f__Mitochondria;g__Mitochondria;s__	0.7958289389131968
b49b99df88a2a90030650ae8e2b8eb90	d__Bacteria;p__Proteobacteria;c__Alphaproteobacteria;o__Rickettsiales;f__Mitochondria;g__Mitochondria;s__	0.7292957791837459
5870cbc8667ddb5d9964a793275d7ba9	Unassigned	0.37333477519295843
0ca6a9c5b1b03d6c643666062c82b499	d__Bacteria;p__Firmicutes;c__Clostridia;o__Oscillospirales;f__[Eubacterium]_coprostanoligenes_group;g__[Eubacterium]_coprostanoligenes_group;s__	0.9994997892257997
ff988866996e6fc399daa7cb898bb4a3	d__Bacteria;p__Proteobacteria;c__Alphaproteobacteria;o__Rickettsiales;f__Mitochondria;g__Mitochondria;s__	0.8671646045374496
6c7a7724773d8ff99763aafa0a02ece2	d__Bacteria;p__Firmicutes;c__Bacilli;o__Lactobacillales;f__Lactobacillaceae;g__Limosilactobacillus;s__	0.9463242206753365
d17255cbdb5c4ab6a59066f5967a6a71	d__Bacteria;p__Firmicutes;c__Clostridia;o__Oscillospirales;f__Ruminococcaceae;g__Ruminococcus;s__	0.9954262047788179
ea5fe76f4e150644239bbd30b4c73be2	Unassigned	0.4861044996486463
960f836762548a52fe5c321badf8306f	d__Eukaryota;p__Euglenozoa;c__Euglenida;o__Euglenophyceae;f__Phacaceae;g__Phacus;s__	0.8474977112389988
eb079c72bb4e18751b1fde9e4b7ed66a	d__Bacteria;p__Firmicutes;c__Clostridia;o__Clostridia_UCG-014;f__Clostridia_UCG-014;g__Clostridia_UCG-014;s__	0.9999996805679756
d4970a2bd4c1836af2dca4d60cd87aa6	d__Bacteria;p__Proteobacteria;c__Alphaproteobacteria;o__Rickettsiales;f__Mitochondria;g__Mitochondria;s__	0.7912769083168186
3483e87a5fb37644cfd2620094c0e767	d__Bacteria;p__Bacteroidota;c__Bacteroidia;o__Bacteroidales;f__Marinifilaceae;g__Odoribacter;s__	0.9999999462452551
243efedf2f664dd28119b325413e3f61	d__Bacteria;p__Bacteroidota;c__Bacteroidia;o__Bacteroidales;f__Muribaculaceae;g__Muribaculaceae;s__	0.9986691090541909
51ca0cc53579eb638efd6eb8b6be7ff1	Unassigned	0.35714946306988715
421361e53a2c211e5a4d8bfe667e0f98	d__Bacteria;p__Proteobacteria;c__Alphaproteobacteria;o__Rickettsiales;f__Mitochondria;g__Mitochondria;s__	0.7057331479342243
d69124fd7d2ae4a2b1263211c94248e4	d__Bacteria;p__Firmicutes;c__Clostridia;o__Christensenellales;f__Christensenellaceae;g__Christensenellaceae_R-7_group;s__	0.9203032495117927
65cc7e211242525b1a57740ebe3acc5a	d__Bacteria;p__Proteobacteria;c__Alphaproteobacteria;o__Rickettsiales;f__Mitochondria;g__Mitochondria;s__	0.9184598458034429
0eeba6edab1a0f43e83ffe54fd6691c6	d__Bacteria;p__Proteobacteria;c__Alphaproteobacteria;o__Rickettsiales;f__Mitochondria;g__Mitochondria;s__	0.8608802859442478
b654a26d0926f20f0fdaa71452ecfefb	d__Bacteria;p__Firmicutes;c__Bacilli;o__Erysipelotrichales;f__Erysipelotrichaceae;g__Turicibacter;s__	0.8863864512591272
942dad02229d3d93f46cbd1e4cb6bebb	Unassigned	0.6793017277599807
abb5b8846f9b2ecec5172350fad439bd	d__Bacteria;p__Proteobacteria;c__Alphaproteobacteria;o__Rickettsiales;f__Mitochondria;g__Mitochondria;s__	0.7108519188972581
c24436541b2e078051f9bf32f100f602	d__Bacteria	0.8138745649180936
ca4e7de34f48a49002df3ec6d6d73e03	d__Bacteria;p__Proteobacteria;c__Alphaproteobacteria;o__Rickettsiales;f__Mitochondria;g__Mitochondria;s__	0.7407838103271517
bf8313ae1a7199b03e7b7eee92c4a013	Unassigned	0.4503292542514198
49a568f87ebda965805fb34521144924	Unassigned	0.3256243743322661
9bf5c86f8fe1eda53254fca4270ec114	Unassigned	0.5700006765162682
447149c47bfb8cdd27a6e3f69ac7e52e	Unassigned	0.681886123892351
94b4ceffaa2604ac51ec81f01fb5798c	d__Bacteria;p__Proteobacteria;c__Alphaproteobacteria;o__Rickettsiales;f__Mitochondria;g__Mitochondria;s__	0.7625657926738637
f9dfc4b257897f79c3c3cfd6441cca02	Unassigned	0.48524227865054637
8e60b9c2ebf4727a269190ccfc12e60c	Unassigned	0.4716852879247869
2afa9c03ec1832a589bed67aa8c5dd64	d__Bacteria;p__Proteobacteria;c__Alphaproteobacteria;o__Rickettsiales;f__Mitochondria;g__Mitochondria;s__	0.9214783360742784
764883584c83d6077d4e3b47916dac02	d__Bacteria	0.7498991978747291
c51c720b96b1813d2e3ff207d6eb56e7	d__Bacteria;p__Bacteroidota;c__Bacteroidia;o__Bacteroidales;f__Marinifilaceae;g__Odoribacter;s__	0.9999996903313981
7ed6d6c645ed25d35b3edbf2c51572c4	d__Bacteria	0.8515530988811594
06bb712b4eebe0031a75261d80ab3efa	Unassigned	0.3173945307090006
67fddc753b6f7319681b90382bffbe46	Unassigned	0.581220793237938
d4b58e39536cae3e62c509ee9c30a81f	d__Bacteria	0.7240464731134686
4acbc7d774941d9a0d73d8d1a46b4f37	Unassigned	0.3811423022139022
71f70ae17b656f10c8804b330c14c0fc	d__Bacteria;p__Actinobacteriota;c__Coriobacteriia;o__Coriobacteriales;f__Atopobiaceae;g__Olsenella;s__	0.7984637352908491
0e277e2d4e30ec60478d11b284b18e1f	d__Bacteria	0.7292005576753867
e210f05c7540e5c206fd2d34760f9d36	Unassigned	0.32169531082107683
a82c87e385a2ba4f400c3a26b5c23dae	d__Bacteria;p__Proteobacteria;c__Alphaproteobacteria;o__Rickettsiales;f__Mitochondria;g__Mitochondria;s__	0.8985146716210904
2ed47ba75601b4a89acf646f336f205b	Unassigned	0.522703513493805
34fe76ffcbf1d975d6d5c20777e55851	Unassigned	0.5081679163753445
a1a79900732c31d3ec803a190c7d007d	d__Bacteria;p__Proteobacteria;c__Alphaproteobacteria;o__Rickettsiales;f__Mitochondria;g__Mitochondria;s__	0.9040194436571646
5ab7769598266aa3cc665907ec476b82	d__Bacteria;p__Firmicutes;c__Bacilli;o__Erysipelotrichales;f__Erysipelotrichaceae;g__Solobacterium;s__	0.9984684748347502
c915b719b5961f3906cf3cdbedc6fb14	d__Bacteria;p__Proteobacteria;c__Alphaproteobacteria;o__Rickettsiales;f__Mitochondria;g__Mitochondria;s__	0.9166734024084587
67f9241ccb970e1756d0a2e958a217ed	Unassigned	0.3402455847984298
fd35764808e5fa8f8113ae59cd84f078	Unassigned	0.5159761657824433
1b1d8f12b80247b94b2931f0d39f1f11	Unassigned	0.39014640744308193
0f9295744170f03f0446812dee684099	d__Bacteria;p__Firmicutes;c__Clostridia;o__Lachnospirales;f__Lachnospiraceae;g__[Eubacterium]_eligens_group;s__	0.9888487116774916
84d63f2a4ad8bf7bd655d304b7968ba0	d__Bacteria;p__Bacteroidota;c__Bacteroidia;o__Bacteroidales;f__Rikenellaceae;g__Alistipes;s__	0.9999970063144492
8f57a9812997e62e786d25a017d3e8c5	d__Bacteria;p__Actinobacteriota;c__Coriobacteriia;o__Coriobacteriales;f__Eggerthellaceae;g__Senegalimassilia;s__	0.9999888718131323
dfe3dacdca7866b7fb3598856c9f646b	d__Bacteria	0.7285609540432987
b93530054b48eda766a944db753e50ea	Unassigned	0.38313878692070724
b866cfe505b6774c0eeedbb152aafde2	d__Bacteria;p__Proteobacteria;c__Alphaproteobacteria;o__Sphingomonadales;f__Sphingomonadaceae;g__Sphingomonas;s__	0.9477942039979242
9bc1c8d287c07326ae49e55fecbc9001	d__Bacteria	0.8291949111971045
0e077775243e6df2b546a56b699147fa	d__Bacteria;p__Firmicutes;c__Clostridia;o__Lachnospirales;f__Lachnospiraceae	0.9999875295058767
d7f6c8ab138d8036ed370e685e7c8257	d__Bacteria;p__Firmicutes;c__Bacilli;o__Lactobacillales;f__Lactobacillaceae;g__Lactobacillus;s__	0.9944160669470915
33b5cc859c2f5066c31893a733cf9f0f	d__Bacteria;p__Bacteroidota;c__Bacteroidia;o__Bacteroidales;f__Bacteroidaceae;g__Bacteroides;s__	0.999709914045251
ac2f9a4efad31263202addaab6609bc8	d__Bacteria;p__Proteobacteria;c__Alphaproteobacteria;o__Rickettsiales;f__Mitochondria;g__Mitochondria;s__	0.9247878950550106
024a60964d6ef335f70caa3b7a3cfb7b	d__Bacteria;p__Firmicutes;c__Bacilli;o__Bacillales;f__Planococcaceae;g__Lysinibacillus;s__	0.9743007268797286
e84310df71c29f29fde69ce43a81ea45	d__Bacteria	0.7534527767585233
66205f2fe5f41b273cc39abf6578cc0f	d__Bacteria;p__Bacteroidota;c__Bacteroidia;o__Bacteroidales;f__Bacteroidaceae;g__Bacteroides;s__	0.9892777700680887
e02f9973797d18e3ad069c6a96d77e74	Unassigned	0.3568799647515415
d118dedcb8277a28e6d3ae772fe1a2be	d__Bacteria;p__Firmicutes;c__Clostridia;o__Lachnospirales;f__Lachnospiraceae;g__[Eubacterium]_ventriosum_group;s__	0.9880902700703921
83888de9ca64ed8d53fb62bd7a20c771	d__Bacteria;p__Firmicutes;c__Clostridia;o__Clostridia_UCG-014;f__Clostridia_UCG-014;g__Clostridia_UCG-014;s__	0.9999997832794869
c350d6d15f19e81d0284b02874ba1df8	d__Bacteria;p__Firmicutes;c__Bacilli;o__Erysipelotrichales;f__Erysipelotrichaceae;g__Turicibacter;s__	0.9999999989233288
1d2c73917fa75e19031e4371ada743ab	d__Bacteria;p__Bacteroidota;c__Bacteroidia;o__Bacteroidales;f__Bacteroidaceae;g__Bacteroides;s__	0.9997274158301217
4a9eda861901389258e66595b307df5e	d__Bacteria;p__Firmicutes;c__Clostridia	0.9987112386483054
e0d85e480e3d30c76a7f0b3e6aadc669	d__Bacteria;p__Bacteroidota;c__Bacteroidia;o__Bacteroidales;f__Porphyromonadaceae;g__Porphyromonas;s__	0.9653282798666428
bf0fa50601214c8b5e3760ea1805d704	d__Bacteria;p__Firmicutes;c__Clostridia;o__Peptostreptococcales-Tissierellales;f__Anaerovoracaceae;g__Mogibacterium;s__	0.9730841162683936
6593998958f53b28a013fabacb003520	d__Bacteria;p__Bacteroidota;c__Bacteroidia;o__Bacteroidales;f__Porphyromonadaceae;g__Porphyromonas;s__	0.9991914007773585
24e470219b7b3d8fe96361343a7df448	d__Bacteria;p__Firmicutes;c__Clostridia;o__Peptostreptococcales-Tissierellales;f__Family_XI;g__Murdochiella;s__	0.9999841126952853
7b376f1f26b92b9ac781d88a6bfc7dbc	d__Bacteria;p__Proteobacteria;c__Alphaproteobacteria;o__Rickettsiales;f__Mitochondria;g__Mitochondria;s__	0.8884016378709044
4591f8c2d70c11a621f2f5f6a3c5cd8f	Unassigned	0.3043307230886405
12a5f90ec791b03e78c001c011c365d2	Unassigned	0.4197423934693686
0e8da59f00e0f1c1174ea07ba4fc5d7c	d__Bacteria	0.7998193747434345
4cc82ceb46d06879b8c379e1caf84464	Unassigned	0.5582342940727374
eb581c93a36d4d25ceecc9009c79883e	d__Bacteria;p__Proteobacteria;c__Alphaproteobacteria;o__Rickettsiales;f__Mitochondria;g__Mitochondria;s__	0.8893949790355372
62f407128d4925e45812cbf324afbe83	Unassigned	0.31261849583724466
905ca32f4fb729558777cf8f0ad73bb7	d__Bacteria;p__Firmicutes;c__Negativicutes;o__Veillonellales-Selenomonadales;f__Veillonellaceae;g__Veillonella;s__	0.9999995285368446
e1e43d0f9276ab6b76c9960466c28cb3	d__Bacteria;p__Bacteroidota;c__Bacteroidia;o__Bacteroidales;f__Bacteroidaceae;g__Bacteroides;s__	0.9998127502238293
de7ef0e0418432c64eca3732c6bae25c	d__Bacteria;p__Proteobacteria;c__Gammaproteobacteria;o__Xanthomonadales;f__Xanthomonadaceae;g__Stenotrophomonas;s__	0.9999754699695071
273d82e9712ba4355199cf9ce32813b0	Unassigned	0.4357296862591088
c4471198a64cd9c51a6c3626abb99f61	d__Bacteria;p__Firmicutes;c__Negativicutes;o__Acidaminococcales;f__Acidaminococcaceae;g__Succiniclasticum;s__	0.9999943185759962
b4d75c2689b8ec3c5bbfd68241bd5a58	d__Bacteria;p__Firmicutes;c__Bacilli;o__Lactobacillales;f__Lactobacillaceae;g__Lactobacillus;s__	0.8326262205688516
c50816e372f7e2c5052cdf86c18b393e	d__Bacteria;p__Proteobacteria;c__Alphaproteobacteria;o__Rickettsiales;f__Mitochondria;g__Mitochondria;s__	0.7969920822379912
284fc5a237f371426a2dfbedbff15841	d__Bacteria	0.8969298417612073
c3e2693657d874d60e0bed8cc1d007f3	d__Bacteria;p__Proteobacteria;c__Alphaproteobacteria;o__Rickettsiales;f__Mitochondria;g__Mitochondria;s__	0.9223576707737341
